191177057	JohnFMauldin	John Mauldin	16306
3179507682	johnandrews	johnandrews	8
26699452	aj20000	Andrew J	40
2444726617	ContraCutts	Contra Cutts	40
17977475	shak	Shakil Khan	18426
709488409	DMOZ	DMOZ	4501
2779368024	socalmediaisall	Here we go again	260
32236177	jain_ankit	Ankit Jain	1657
18135256	TomDemers	Tom Demers	2102
17465212	SCleland	Scott Cleland	689
8287602	jaltucher	James Altucher	130360
40273	benthompson	Ben Thompson	25745
1233663476	stratechery	stratechery	13040
14674907	SimonHeseltine	Simon Heseltine	4585
1027477356	thekylesanders	Kyle Sanders	347
39061186	NESguide	NESguide	2312
1653442136	_youhadonejob	You had one job	630632
17497643	siliconvallaeys	Frederick Vallaeys	4536
28422142	iamcolinquinn	Colin Quinn	364662
1542533869	thereaIbanksy	banksy	1303668
338330795	nanexllc	Eric Scott Hunsader	83839
25412522	AdSense	Google AdSense	383149
51263711	googleanalytics	Google Analytics	752626
296979153	googleideas	Google Ideas	60006
260741931	ThinkwithGoogle	Think with Google	136362
480665084	RandyLRay	Randy L Ray	520
174698763	Leaf_Cards	Leaf Trading Cards	11030
586907127	ThePitCards	thePit	2510
14478614	JeffElder	Jeff Elder	101794
19219421	RolfeWinkler	Rolfe Winkler	7476
487393551	NBAMemes	NBA Memes	163723
1769191	mims	Christopher Mims	38340
406651427	thebcco	Matt Sells	509
419912674	Hopkin_dot_net	James Hopkin	42
16820594	seanmarkey	Sean Markey	394
2375466518	alpineconcepts	Steve Rout	5
47539748	Bill_Gross	Bill Gross	142337
404716769	Ammon_Johns	Ammon Johns	2137
211305855	th3core	th3 core	23
18313689	DomainNameWire	DomainNameWire.com	27067
18345226	DNJournal	DN Journal	14323
19193685	DInvesting	Elliot Silver	14410
17179112	thedomains	The Domains	19459
27173876	Frank_Schilling	Frank Schilling	5302
13029	nicknotned	Nick Denton	29951
1443792960	AgentBlackhat	Agent Blackhat	1725
5943622	pmarca	Marc Andreessen	329122
28820676	fferuch	frank feruch	101
14928360	BrianCriswell	Brian Criswell	297
3943251	BenjArriola	Benj Arriola	1976
27841643	hitreach	Chris Gilchrist	2508
1270746139	MagicRecs	Magic Recs	96570
1409129130	rivercityransom	River City Ransom	1712
352947624	GSElevator	GS Elevator Gossip	706629
38271276	mtaibbi	Matt Taibbi	219489
16076032	ggreenwald	Glenn Greenwald	518353
14761795	TEDchris	Chris Anderson	1707356
17825445	ThisIsSethsBlog	Seth Godin	471329
146172499	andykessler	Andy Kessler	2722
93734766	RossHudgens	Ross Hudgens	18191
14265940	GarrettFrench	GarrettFrench	6826
8082562	nick_eubanks	nick eubanks	5114
248273799	ChrisLDyson	Chris Dyson	4666
13220032	davesnyder	Dave Snyder	17397
1025911	stefanjuhl	Stefan Juhl	352
41207295	RudolfChristian	Christian Rudolf	4238
373372668	AlfaMagnus	Magnus Brth	19556
26988222	marcustober	Marcus Tober	4618
15637093	RSnake	RSnake	18402
19466687	Tim_Grice	Tim Grice	4557
9510832	RavenJon	Jon Henshaw	19301
57645939	toppscards	Topps Company	86016
46770960	SCUncensored	Gellman - SCU	2932
916637228	ShitBoundOrg	Shit Bound	251
61597402	cardboardicons	Cardboard Icons	3351
43032657	UpperDeckSports	Upper Deck	32179
21619863	sportscards	Cardboard Connection	13247
25764850	VOTC	VoiceOfTheCollector	4786
17111408	TheGonzoSEO	Don Rhoades	7003
272142088	JoeOrlandoPSA	Joe Orlando	1395
295	joshk	Josh Kopelman	89918
745273	naval	Naval Ravikant	116237
381289719	nntaleb	Nassim NicholTaleb 	100287
28172926	WSJD	WSJD	249300
3754891	bfeld	Brad Feld	209339
14541402	mlevchin	Max Levchin	129083
42226885	vkhosla	Vinod Khosla	448242
183749519	paulg	Paul Graham	249046
2529971	cdixon	Chris Dixon	178190
187993109	FTC	FTC	31889
14492722	yegg	Gabriel Weinberg	19259
84351228	timberners_lee	Tim Berners-Lee	205899
59353626	mosspuppet	Walt Mosspuppet	3713
26784152	RenegadeEcon	Renegade Economist	17684
817288	gaberivera	Gabe Rivera	54448
15808535	ejanszen	Eric Janszen	444
27288119	davidgraeber	David Graeber	41041
14303345	netmeg	netmeg	4725
61872425	ecpmblog	ecpmblog	129
10105272	audette	Adam Audette	9198
11539982	streko	Michael Streko	5228
35545183	bgedelman	Ben Edelman	2446
5988062	TheEconomist	The Economist	8759805
5959592	DuaneForrester	duane forrester	11669
6806592	pedrodias	Pedro Dias	10197
67932545	danrudden	Dan	308
557116625	rnattcutts	Matt Cutts	2824
77024273	linkspiel	debra mastaler	661
11130582	SlightlyShady	Shady@WhatRunsWhere	1521
6786852	Reynolds_UK	David Reynolds	1034
16124000	str0ud	str0ud	648
20	ev	Ev Williams	1813328
104485604	searchmartin	Martin Macdonald	12715
142410190	ericcovino	Eric Covino	455
20555005	sewatch	Search Engine Watch	126714
14113411	sejournal	SearchEngineJournal	100493
30987240	WebmasterWorld	WebmasterWorld	4511
5890262	localseoguide	Andrew Shotland	9457
14180269	theGypsy	theGypsy	10050
15617720	martinibuster	martinibuster	1941
22522178	ReformedBroker	Downtown Josh Brown	107297
14426860	davidmihm	David Mihm	15928
15663638	toddmalicoat	toddmalicoat	1699
12885692	KeriMorgret	Keri Morgret	1820
15660640	yummyman	Patrick Sexton	1611
3586081	jonkelly	Jon Kelly	1728
32493647	TimHarford	Tim Harford	97119
16879422	jimboykin	Jim Boykin	10597
17138936	Darren_Moloney	Darren Moloney	2647
12376612	Skitzzo	Ben Cook	5139
14353905	seobook	SEO Book	133532
14127903	elisabethos	elisabeth osmeloski	12031
3442651	TheMadHat	Aaron Chronister	3658
6527972	randfish	Rand Fishkin	246297
14387400	rishil	Rishi Lakhani	13168
15651700	Moz	Moz	376042
13311832	dr_pete	Dr. Pete Meyers	30918
172101296	WhatTheyKnow	WSJ's What They Know	7241
91220126	adwords	Google AdWords	330163
15135305	stefanweitz	Stefan Weitz	5562
3213601	bobrains	bob rains	4014
20844341	patio11	Patrick McKenzie	16191
14213971	neyne	Branko Rihtman	7051
2902481	liamvictor	Liam Delahunty	716
241286218	SEOmessiah	SEO Jesus	1245
19966557	alaindebotton	Alain de Botton	512216
17179368	Richard_Florida	Richard Florida	181656
14658383	chris2930	chris2930	1732
49753604	ritholtz	Barry Ritholtz	67926
20268159	ArrowMessaging	Arrow	29012
201802498	CygnusSEO	Cygnus SEO	2838
140568983	GoogleDisplay	GoogleDisplayNetwork	160907
26163531	timmayer	Tim Mayer	3275
41026668	tedulle	Ted Ulle - tedster	2053
10998812	seosmarty	Ann Smarty	48886
16589206	wikileaks	WikiLeaks	2573226
35816344	blekko	Blekko	13580
898371	andrewmason	Andrew Mason	36651
68720027	christina1951	Chris S	32
1020961	AndrewWarner	 Andrew Warner	38971
16404175	TerrellMiller	Terrell Miller	171
3108351	WSJ	Wall Street Journal	6435582
50393960	BillGates	Bill Gates	22456098
22182494	andrew_goodman	Andrew Goodman	4524
12364352	g1smd	g1smd	1081
93957809	ericschmidt	Eric Schmidt	1109137
36884621	digeratti	J01-117   1773J101	268
23005902	tim_ash	Tim Ash	23424
4278071	Hobo_Web	Shaun Anderson	5814
11464852	JeremyLuebke	Jeremy Luebke	1145
17358519	diorex	Diorex	509
19300089	nickusborne	Nick Usborne	6719
75406231	theppcblog	ppc blog	23103
12247572	slaven	Slaven Radic	971
2432811	TheNextCorner	Dennis Goedegebuure	8968
8287932	Danger_Mouse	Steve	514
4759341	rtkrum	Randy Krum	7285
14459174	wiep	Wiep	3843
15517570	BingAds	Bing Ads	45468
14874480	bing	Bing	669756
14443990	michelfortin	Michel Fortin	21184
19819206	JamesDunn9	James Dunn	143
1059801	sengineland	Search Engine Land	313500
20550872	clickabit	clickabit	3805
15234886	Bitly	Bitly	63701
8451622	BuyDomains	BuyDomains	6575
14193189	BuySellAds	BuySellAds	36819
7517052	howardlindzon	howardlindzon	247738
19190104	OutspokenMedia	Outspoken Media	14885
14186844	jeremypalmer	Jeremy Palmer	1264
37054466	bluehatseo	Eli Aloisi	1730
33838201	googleresearch	Google Research	859470
19423578	coworkingjohn	unbranded John	5
29256864	chartoftheday	BI Chart of the Day	27818
23752651	tryMajestic	Majestic	51208
28201743	Vevo	Vevo	3408552
1223731	MB_Digital	MillwardBrownDigital	13490
17533787	peterdavanzo	peterdavanzo	557
15871268	rcroll	Rob Croll	2736
17560548	TheRealpmac	Paul Macnamara	906
18034647	foolsprogress	Randy Ray	594
14213135	lordofseo	Lord of SEO	4430
14479992	skrenta	Rich Skrenta	3394
20536157	google	Google	11294177
21558596	lifeboathq	Lifeboat Foundation	3246
14361039	wordtracker	Wordtracker	10470
59213	centernetworks	CenterNetworks	8483
16804119	Brian_Eno	C. S. J. Bofop	24405
17054902	mcgoo71	Sean P. McGuire	651
14236468	CCrum237	Chris Crum	2448
14931443	fantomaster	Ralph Tegtmeier	14001
17371114	bgtheory	Brad Geddes 	13438
802093	NewspaperGrl	Janet Thaeler	11856
17792766	bill_slawski	Bill Slawski	19555
17230765	mcgaffin	mcgaffin	3257
17227214	reelseo	ReelSEO	43738
16882269	PageOneResults	Edward Lewis	336
15290560	apogee_search	Apogee Search	1100
15202697	geordiecarswell	Geordie Carswell	881
9612512	jcoronella	John Coronella	632
15976937	yetanotherben	Ben McKay	3011
16117363	rebeccakelley	Rebecca Kelley	7155
16021014	ChrisRaimondi	Chris Raimondi	406
5333392	brianwhite	Brian White	2698
832331	calming_breath	Nick Wilson	1159
4250571	dalka	David Dalka	4284
15292108	3n9	3n9	53
1116971	robwatts	Rob Watts	2112
15136904	Dan_Kramer	Dan Kramer	82
15306046	shoemoneymedia	shoemoneymedia	276
15301800	davidweiner	David Weiner	5407
9546082	mikenott	Mike Nott	637
13001682	purposeinc	purposeinc	2530
9401112	qualitynonsense	Richard Kershaw	1597
13479	photomatt	Matt Mullenweg	78928
15045321	eadz	Eaden McKee	413
14282124	collis	Collis	35442
14161981	robkerry	Rob Kerry	6703
4519121	Oatmeal	Matthew Inman	494025
50193	hughcartoons	Hugh MacLeod 	46197
14816511	webuildpages	WeBuildPages Ninjas	3258
11360392	Ellacuriaga	Augusto Ellacuriaga	487
2533331	merrick	Merrick Lozano	853
5468532	ChrisHooley	Chris Hooley	2743
3080761	mattcutts	Matt Cutts	445104
720843	tedmurphy	ted murphy	44274
10889632	seanmaguire	Sean J Maguire	1962
5793822	msaleem	Muhammad Saleem	8730
14301724	PatrickGavin	Patrick Gavin	3705
14163777	John_Lessnau	John Lessnau	1017
14140420	btabke	Brett Tabke	39137
14140741	danthies	Dan Thies	7197
5781622	blueglass	BlueGlass	18843
2208841	brianprovost	Brian Provost	7707
14267699	FalkoInc	Falko Luedtke	1466
14433693	DavidKeffen	David Keffen 	1003
1304091	mediadonis	Marcus Tandler 	20885
5889532	wertrose	george	462
14330315	the_caveman	Scott Smith	1416
10861352	BarbaraBoser	BarbaraBoser	3467
14312610	jkirker	John Kirker	341
10507942	wilks	Benno	171
14231301	ShanePike	ShanePike	515
7092172	rosshill	Ross Hill	6176
11144362	GarethGSINC	Gareth D	227
14259254	Jonahstein	Jonah Stein	2330
11097322	aviw	Avi A. Wilensky	3953
14182981	conversion_com	Conversion.com	2477
4944111	evolvor	evolvor.com	928
5934132	quityourdayjob	QuitYourDayJob	5106
3714411	chriswinfield	Chris Winfield	16331
14247689	mdsimmonds	Marshall Simmonds	8177
5697112	danperry	Dan Perry	3143
14241365	ProspectMX	ProspectMX	2119
8947362	ooz	Stefan Trnell	380
1584371	dmcorp	Michael Campbell	2249
14228924	petertdavis	Peter T Davis	4880
10861382	GregBoser	GregBoser	18324
1322691	neilpatel	Neil Patel	145137
1699751	vanessafox	Vanessa Fox	39441
5167461	oilman	Todd Friesen	13285
5562032	notsleepy	Tony Spencer	1555
1359731	stuntdubl	Todd Malicoat	18653
2195681	thebassman	Tim L. Walker	759
2384071	timoreilly	Tim O'Reilly	1931933
125033	tamar	Tamar Weinberg	42089
11052402	StoneyD	Stoney deGeyter	2978
711303	steverubel	Steve Rubel	90317
663923	sspencer	Stephan Spencer	7764
811027	scottkarp	Scott Karp	6350
1375331	talespinner	raj dash	2237
5452712	sugarrae	Rae Hoffman	24386
1717291	pkedrosky	Paul Kedrosky	299240
6246612	mvandemar	Michael VanDeMar	859
4552591	mmcdonald	Michael McDonald	2351
10218832	mikegrehan	Mike Grehan	6056
3047151	mblair	Mark Blair	305
849591	graywolf	Michael Gray	30002
1190891	Matt_Siltala	Matt Siltala	9720
9241922	MartijnAnschutz	Martijn Anschtz	310
10775432	mariobox	Mario SanchezCarrion	1324
6900482	Macalua	Marc Macalua	777
629193	webmetricsguru	Marshall Sponder	10681
871891	leeodden	Lee Odden	82410
8436612	kensavage	Ken Savage	1462
3460211	cKdisco	CK Chung	4335
14070432	kim_cre8pc	Kim Krause Berg	6439
6453512	yoast	Yoast	94126
10203	julien	Julien Smith	47863
5469272	searchsleuth998	john andrews	6736
817977	ducttape	John Jantsch	95705
13261092	jstrellner	Joel Strellner	2176
8611062	jillwhalen	Jill Whalen	24288
150433	JoeDuck	Joe Duck	55493
2057421	shoemoney	Jeremy Schoemaker	150510
48443	jeffbarr	Jeff Barr	32445
8915852	hugoguzman	Hugo G.	4997
14182025	incrediblehelp	Jaan Kanellis	751
14178044	GregHartnett	Greg Hartnett	389
10054332	gyutae	Gyutae Park	4340
12816102	GarrettSmith	Garrett Smith	5630
11093892	AussieWebmaster	Frank Watson	6254
3721361	webgirl	Saf	332
7402252	ericward	Eric Ward	11161
13410	douglaskarr	Douglas Karr	29471
2729061	doctorow	Cory Doctorow	378653
5662632	DaveNaylor	Dave Naylor	27124
1203901	debramastaler	debra mastaler	15983
12405302	Dixon_Jones	Dixon	11511
9973392	DaveTaylor	Dave Taylor	12753
10647262	Redfly	Redfly Digital	12638
858051	dannysullivan	Danny Sullivan	466494
1143031	problogger	Darren Rowse	221552
839321	charleneli	Charlene Li	99789
10367	brianclark	Brian Clark	175992
14079408	pearsonified	pearsonified	17761
12319992	chrisgarret	chrisgarret	76
13711472	bob_wilson	Bob Wilson	569
2202921	briancaldwell	Brian Caldwell	2475
8596022	MarketingProfs	Ann Handley	291564
922011	rustybrick	Barry Schwartz	62940
1912641	AndyBeal	Andy Beal	30596
14184940	patrickaltoft	Patrick Altoft	23734
14093126	jessicabowman	jessicabowman	4054
14060523	lorenbaker	lorenbaker	19058
12562202	YahooAds	YahooAds	40638
12529182	seoblackhat	seoblackhat	187
12104112	sitemost	Peter Newsome	1094
11841952	RyanCaldwell	RyanCaldwell	460
10048062	vangogh	Steven Bradley	2886
9483622	toddmintz	Todd Mintz	8122
8492272	nickwilsdon	Nick Wilsdon 	5699
7518252	smallbiztrends	Anita Campbell	128548
6322732	DonnaFontenot	Donna Fontenot	4596
5191441	mollermarketing	Nate Moller	10901
3220501	SebastianX	Sebastian	5460
815233	chrisgarrett	Chris Garrett	38737
802833	thatadamguy	Adam Lasnik	5419
529263	leadegroot	Lea de Groot	576
