131144091	Goldman44	Jason Goldman	72732
428525070	SocketSite	SocketSite	3223
188335951	afreshfish	Alex Fishman	621
168695355	JessicaGKwong	Jessica Kwong	2621
2317611318	VinDietzel	Christian W Dietzel	42
65170072	AngelaHapke	Angela Hapke	205
10378382	DavidChiu	David Chiu	8261
761613	evan	Evan	1226
2815631450	AMacOSTP	Alex Macgillivray	1475
140010098	SupeJaneKim	Jane Kim	7773
16318114	sfgov	City of SanFrancisco	70186
14343189	CurbedSF	Curbed SF	19989
3008473507	CheckTheApp	Check App	129
272566480	LyndseyLayton	Lyndsey Layton	5348
2797684209	eboros1	va Boros	35
809512	jesserobbins	Jesse Robbins	10039
43149749	moevino	Maureen Downey	1517
2956419771	nebbiolino	Flix Cook	61
2484705984	jewelbots	Jewelbots	873
342763792	FIAumd	FIA	534
68167893	vivienneharr	 Vivienne Harr 	22015
33950666	ericharr	Eric	90423
15187431	ichinoy	Ira Chinoy	478
6145712	abatalion	Aaron Batalion	4961
17953904	TetonGravity	TetonGravityResearch	45224
22863464	ingridbackstrom	Ingrid Backstrom	15270
17856596	Wayne	Wayne Chang	42422
165622311	deepseanews	Deep Sea News	9953
10717522	pogil	Paul Ogilvie	392
15399231	torvos	Phil Thibault	504
20833114	christinasabee	Christina Sabee	125
11735032	jlax	Jon Lax	6090
24569387	squawalpine	Squaw Alpine	21083
187	thatstacy	Stacy Jenson	2680
15075035	colbay	Coleen Baik	9157
17471979	NatGeo	National Geographic	9238326
14647570	sciam	Scientific American	1058230
1186	chrismessina	Chris Messina 	75743
957306920	DarthPutinKGB	Vladimir Putin	28698
23962262	unagicat	Julie Russell	481
2765657442	EllisAmdur	Ellis Amdur	93
2274459499	DeepFlightOcean	DeepFlight	278
2304430422	thirdweil	Third Weil	751
24161970	sreekotay	sree kotay	1102
2739960643	BKartRed	Karthik Reddy	1333
14409856	iano	prince ian	6769
24290627	bornreddy	Sabrina Reddy	971
15524875	SaraJChipps	SaraJo	26891
60642052	VentureBeat	VentureBeat	500804
299563652	SteadmanArt	Ralph Steadman Art 	9751
683113	sarahintampa	Sarah Perez	43168
9082002	mariuswatz	Marius Watz	9292
2511505033	StevenTheApp	Steven The App	196
48205132	jamesstolp	James Stolp	1528
16896060	buckhouse	James Buckhouse	12994
2489363923	fitnessurbano	fitness urbano	8
15266205	wil	wilhelm bierbaum	5231
22273667	sm	Sara Mauskopf	32018
25039266	mikelimondba	Mike Passover Thee	3806
30811620	annsdesign	Ann's Design	8
39419295	anncjohnson	A Chowdhury Johnson	17
27766579	chetru	Cheri	22
5988062	TheEconomist	The Economist	8675130
1075	narendra	Narendra Rocherolle	22654
14367669	kimmaicutler	Kim-Mai Cutler	16962
16510537	eatersf	Eater SF	63406
17196120	dnf	Don Neufeld	1446
101354595	ShaanVP	Shaan Puri	2996
14417215	rrhoover	Ryan Hoover	34814
7300242	Idit	Idit Harel	2777
26357471	iceaxetv	Ice Axe Expeditions	224
26784273	charitywater	charity: water	1476448
14422705	jtoeman	Jeremy Toeman	5355
23687240	kimhavell	Kim Havell	1963
68299529	superguenter	Tobi Knaup	1464
23956363	SteepSkiing	chris davenport	23791
389751685	AmsterdamAbdur	AmsterdamAbdur	3
245937236	carriecourtois	Carrie Courtois	541
1234831357	sussmanCSI	Christopher Sussman	93
1264641	far33d	Fareed Mosavat	1590
898330082	Merlot4ever	Raymond Nasr	311
44993	sinclair	Rebecca Sinclair	1273
14397792	ScottBeale	Scott Beale	9200
8438932	dsa	Russ d'Sa	8100
533222314	MaggieGrace	Maggie Grace	102693
12217	tconrad	Tom Conrad	159141
21969650	NathanCHubbard	Nathan Hubbard	9871
21891218	bhunstable	Brad Hunstable	30981
972864702	AVSDads	AVS Dads	53
20211090	prak_daddy	Prakash Janakiraman	1297
15079265	ActivaMarina	Marina Greenwood	334
56730586	mjp39	Michael Paul	715
1205907697	suschat	Suschat	179
19866239	laels	Lael Sturm	423
1523501	connors	Connor Sears	7395
14124000	oshy	Tim O'Shaughnessy	2695
7071082	walsh	Mark Walsh	2175
18696882	yangyo	yangyo	25
13404862	tylr	Tyler Howarth	1399
8937792	bcherry	Ben Cherry	7710
42559115	joshm	Josh Miller	8435
9160152	mccv	mark mcbride	12312
15367160	jeremysomething	Jeremy Schoenherr	888
12041562	gamine_sf	carol carrubba	353
151575707	jomilliken	Joanna Milliken	239
1925311	becsegal	Becky Segal	430
78729443	joe_hellerstein	Joe Hellerstein	5900
87250166	RayThornson	Ray Thornson	274
794227	ccarella	Chris Carella	12030
329457542	sammijill420	SammyJ	70
1668	gustaf	Gustaf Alstrmer	5889
157218534	DeathStarPR	Death Star PR	280126
11304022	summize	Summize	804
14861285	MacRumors	MacRumors.com	627301
13215132	io9	io9	122398
14952376	ketankapoor	Ketan Kapoor	665
334250556	arfasyed1	Arfa	284
1000901	kmx	Kyle Maxwell	2594
456885117	shove_off	John Kalucki	66
56640837	mattocko	Matthew Ocko	5179
15737554	Scripps_Ocean	Scripps Oceanography	29420
722493	ndintenfass	Nathan Dintenfass	580
21917716	MiriamGoldste	Miriam Goldstein	7431
76611461	JShoee	Jackie Xu	7485
13192	avibryant	Avi Bryant	9475
21236592	stevengustafson	Steven Gustafson	371
12520552	finkel	Ben Finkel	9027
23813634	Jay_Nath	Jay Nath	8884
18337283	pandemona	Sara Haider	53579
14303261	ryangraves	Ryan Graves	15674
80039825	bo99bell	Ronnie Bell	129
15792298	chrisaj	Chris Johnson	352
17163609	mrogati	Monica Rogati	13363
94	alissa	Alissa	9459
53296802	GormanWinery	Gorman Winery	2417
272164322	Uber_DC	Uber DC	20624
17691696	andrewcatton	Andrew Catton	2746
87985669	tc	Travis Crawford	2527
217681502	BenL	Benjamin Lee	2472
272161437	Uber_SF	Uber San Francisco	16631
50485184	zackbogue	Zachary Bogue	5674
107286421	adruin	Allison Druin	2076
15159648	vanessa_murdock	Vanessa Murdock	494
18150962	jessie33	jessie	3477
11341932	bdmac97	Brian McManus	191
43936312	zhenghuali	zhenghua 	3702
361281600	JamieCallan	Jamie Callan	37
72693194	yz	Yi Zhuang	2409
20928941	krishnagade	Krishna Gade	4212
19677568	WayTho	Wayne Thorsen	585
143381041	TeachingSTEM	Teaching STEM	31839
14087074	VentureLaura	Laura Slezinger	624
16259374	jodiolson	jodiolson	4467
33346676	larsonite	Brian Larson	4502
26637764	ZPrad	Pradhuman Jhala	1200
9863222	nathanfolkman	Nathan Folkman	2043
74534435	janetvh	janet van huysse	17265
15816424	Matt_Alt	Matt Alt	7423
13293162	satyap	Satya Patel	15823
78969930	mounialalmas	Mounia Lalmas	1736
14253109	adambain	adam bain	66895
14013722	mgrooves	Matt Graves	6934
254124909	BlumeVentures	Blume Ventures	8034
16579934	i80chains	Interstate 80 Tahoe	4669
47479824	amirmova	Amir Movafaghi	2218
622653	stacyhaywood	Stacy Haywood Farner	255
67091041	JoannaRees	Joanna Rees	1317
37807553	button001	Vickie Abbott	24
11222	k	Kevin Cheng	60391
1110991	nancybroden	Nancy Broden	4762
25608143	ccschweiger	Catherine Chang	1774
43158673	dericknaef	Derick Naef	156
14883744	jgdavidson	Jim Davidson	323
6133992	ab90	Adam Beguelin	478
14735580	babak_hamadani	Babak Hamadani	2620
27731964	aneeshs	Aneesh Sharma	2275
22888677	rgbenson	Rob Benson	5566
28107328	tarekp	Tarek Pertew	2000
19700303	srini	Srinivasan Rajagopal	2315
15318717	ExplorersClub	ExplorersClub	10718
70778108	TahoeWeather	Tahoe Weather	5878
7005182	stuartrobinson	Stuart Robinson	837
8261762	zceline	Celine Takatsuno	606
3392411	benh	Benjamin Hindman	2568
219807597	pattiwaddie	Patti Nary	31
19725644	neiltyson	Neil deGrasse Tyson	3702613
166697519	MauiCooks	The Cook's	129
22747624	sgblank	steve blank	135796
40180697	sanjaynath	Sanjay Nath	5882
158585777	AKC_tnbsmom	Amanda Conomos	21
113692341	gtowncs	Georgetown CS	160
17884355	johnxorz	John Corwin	1769
3332231	JeffD	Jeff Dalton	1809
17469375	nancymar	nancy martinez	7712
22942729	ronnerd	Ronner	799
9647442	peteaven	Pete Aven	1063
49084947	CaveConditions	CaveAtlas.com	600
7862912	sbroback	Steve Broback	3605
14332860	satanjeev	Satanjeev Banerjee	1618
1248421	pbrane	Jake Mannix	3273
5474592	lesliefine	Leslie R. Fine	594
178212295	isaac_cj	Isaac Jensen	49
15421121	michibusch	Michael Busch	5303
95981639	afinefellow	Edward Fine	162
118263124	stanfordnlp	Stanford NLP Group	12227
140201638	outofalpha	Doug Mason	265
177833921	sfconnie	John Conomos	165
4848301	davetroy	Dave Troy	6857
23115198	WalterPickel	Walter Pickel	1676
48527848	MaggieM	Maggie!	2452
14755229	rpnorton	Rachel Norton	2075
18655567	stevesilberman	Steve Silberman	41885
29139522	mattholte	Matt Holte	153
666073	trammell	Trammell	192305
5517	jeanpaul	Jean-Paul Cozzatti	8200
6535212	eladgil	Elad Gil	11664
37784836	lukester	Luke Esterkyn	24404
1689081	marcedavis	Marc Davis	2730
13920962	l2k	Lukas Biewald	104556
17078917	iadh	Iadh Ounis	1091
9316452	xamat	Xavier Amatriain	5435
41811066	gledyard	George  S Ledyard	292
21250615	JeffOtis	Jeff Otis	1163
882	nerdgirl	stephanie robogeisha	10505
27845166	russellsf	Russell Richardson	92
36153601	bradfordcross	bradford cross	11014
115734106	kris	kris	17514
14805814	poplifegirl	Heather Blanchard	3328
2730471	crazybob	Bob Lee	17078
9729502	travisk	travis kalanick	80303
3080761	mattcutts	Matt Cutts	443949
107616579	BondStreetDojo	Bond Street  Aikido	1442
14339319	gingeranyhow	ginger anyhow	6321
22937232	mabb0tt	michael abbott	25221
17454341	laura	laura i. gmez	282538
35847665	owenbrainard	Owen Brainard	1597
157452617	casalawson	Renee Lawson	9
153698653	altavistaschool	Alta Vista School SF	1370
7493	leland	leland rechis	8801
15504330	wm	William Morgan	4374
25216995	olivia	olivia wilde	21799
84857823	hdpmaloof	Mark Maloof	214
99023044	gilad	Gilad Mishne	4506
14717846	miguelrios	Miguel Ros	7075
14344469	peteskomoroch	Peter Skomoroch	23610
9337702	dbasch	Diego Basch	3234
3671051	traviscrawford	Travis Crawford	2111
15830721	eileenthau	Eileen Thau	558
92585251	lorrietweet	Lorrie Cranor	2495
18849758	reidlewis	reidlewis	162
20495814	othman	Othman Laraki	10110
6489102	arctictony	Tony Haile	6248
11995932	petergregson	Peter Gregson	30376
8963722	WIREDScience	WIRED Science	1488423
7320972	boblord	Bob Lord	9990
11739102	jinen	Jinen Kamdar	11372
633	zephoria	danah boyd	108858
23155463	jiceman	John Eisenman	157
93999953	karisweetland	kari	272
822571	SG	Sean Garrett	26302
46123040	mischa	Mischa Nachtigal	15121
1414901	unofficialsquaw	unofficialsquaw	5546
117208517	roopa777	roopa nath	196
17268874	benbendc	Ben Shneiderman	5528
14839109	dpatil	dj patil	26851
14425576	bederson	Ben Bederson	1521
114485232	lintool	Jimmy Lin	7690
60682193	mbilotti	Matthew Bilotti	4586
39647751	dongwang218	Dong Wang	2161
27675690	jcmayfield	James Mayfield	152
19951439	infosthetics	Info Aesthetics	18126
1979921	joshelman	Josh Elman	46835
18205202	utkarsh	Utkarsh Srivastava	3235
7698	marius	marius eriksen	8016
46440718	squarecog	Dmitriy Ryaboy	8045
18618298	flo	Florian Leibert	6263
3355001	Devon	Devon	5226
792690	hoverbird	Patrick Ewing	51590
7380362	alex	Alex 	44031
14245636	AikiWeb	AikiWeb	5367
31590281	wfarner	Bill Farner	3737
11263102	awadallah	Amr Awadallah	12877
57252765	chuangl4	chuang liu	2092
18259651	emaland	emaland	5396
9946842	amac	Alex Macgillivray	33749
18367054	medriscoll	Michael E. Driscoll	13356
8285392	raffi	uo 	25466
1401881	dougw	doug williams	293059
795244	mattknox	matt knox	8406
14520685	lg	Larry Gadea	10378
14388850	aud	aud	2110
2313	Alexis	Alexis	3
58461328	dagr1234	David Grossman	38
59550822	diegoppp	Diego Puppin	252
795649	rsarver	Ryan Sarver	284985
15211564	sam	Sam Luckenbill	17118
3191321	noradio	Marcel Molina	54731
15296079	nebbiolata	Rachel Black	2618
45880233	tiger	Emily	15024
4949061	twigsy	@twigsy	78
8491	elizabeth	Elizabeth Weil	25208
793130	rion	Rion	588
89	al	Allison Williams	14858
16880220	ram	Ram Ravichandran	5251
3452911	kevinweil	Kevin Weil	49941
23217821	ashishgoel	Ashish Goel	3646
21926959	che	Cheryl P.	292599
949521	stop	Doug Bowman	308095
29330966	jenna	Jenna Bilotta	10462
16739704	jennadawn	jenna	282476
21668776	anm	Alex McCauley	201722
15129658	Angiezoo	Angie Rivas	727
16867621	cayley	Cayley	4394
51573	Zhanna	Zhanna Shamis	22539
8372782	yukarim	Yukari Pass	94773
822824	matthew	matthew	3372
6331462	jess	Jessica Verrilli	375791
20012343	jillyface	Jillian West	11436
15026770	communicating	Christopher	1797
14058046	adamjodonnell	adamjodonnell	2095
23527441	keerthi	Keerthi Prakash	39012
26082742	HRPac	Harun C	87
19853	rk	Ryan King	243918
855171	jfray	Josh Fraser	4956
17112843	pankaj	Pankaj Gupta	9990
760892	VL	Vtor	17527
5424122	umi	Umi	4456
12093282	anamitra	anamitra banerji	100868
22689293	ScurryNurry	Chris Nary	326
21172954	drea	drea	8745
21246360	ericburger	Eric Burger	584
18	Adam	Adam Rugel	16580
17682100	timmsc	Sean Timm	293
2480141	MikeBlackwell	Mike Blackwell	312
598083	santojay	Santosh Jayaram	5188
19679499	ruth	Ruth Sanford	1649
9605622	sverde	Sean Greene	704
11243802	skialpine	Squaw | Alpine	11145
5773	slourie	Serena	794
1374411	aweissman	Andy Weissman	19593
17964515	KevinZraly	KevinZraly	20231
11348282	NASA	NASA	10285003
14580384	zorbageek	Alek Kocz	62
15018677	ablegrape	Doug Cook	251695
7410742	BradUSV	Brad Burnham	9523
1657311	jvaleski	Jud Valeski	2428
1581511	macrumorslive	MacRumorsLive	220582
287713	crystale	Crystal English	8994
14079576	kevinthau	Kevin Thau	187909
899701	netik	John Adams	13589
5819322	mutgoff	Maggie Utgoff	247558
8722	andrewparker	Andrew Parker	12173
17257370	dekellum	avid Kellum	112
14346209	sean	Sean Matsuno	10858
16939148	delbius	Del Harvey	315684
14934401	jreichhold	Jonathan Reichhold	4592
57	SarahM	Sarah Milstein	18504
17157367	ian_soboroff	Ian Soboroff	1852
17059570	baileysystems	Bailey Systems	16
7770642	ophir	Ophir Frieder	100
16258745	reallytruly	e moyer	926
873731	mdoeff	Mike Doeff	1280
53	sara	sara m. williams	91977
292	cw	Chris Wetherell	11393
586	sacca	Chris Sacca	1574392
10583402	nk	from the future	83568
9727722	svmike	Michael Wise	225
888	caroline	caroline mizumoto	270545
817288	gaberivera	Gabe Rivera	54398
1435461	NYTScience	NYT Science	697882
11892372	fabreetseo	Fabrizio Silvestri	568
13925632	mrtall	Andy Lorek	237515
16	jeremy	Jeremy	12844
15625238	TheChrisSussman	Chris Sussman	256
770550	rakeshlobster	Rakesh Agrawal	11451
15569894	Ana	Ana	15117
14247704	mariorrg	Mario P. Vecchi	163
15462451	KarlaHayes	Karla Hayes	208
15456441	sqsinha	Sylvana Q. Sinha	73
15447815	tweeterlicious	#1 Sister	383
14895312	ronpepsi	Rudy Winnacker	4537
3713811	bijan	Bijan Sabet	53726
336113	meangrape	Jay.	5169
309073	bs	Britt Selvitelle	217307
87	krissy	Krissy Bush	265319
9213742	robey	Robey, I promise you	6990
291	goldman	Jason Goldman	1193213
13	biz	Biz Stone	2457206
2172	LaughingSquid	Laughing Squid	584045
12	jack	Jack	2988959
818340	marshallk	Marshall Kirkpatrick	58591
7098812	cycloid	Jeff Hayward	103
10855632	gfcampbell	gerry campbell	18385
11181012	DHogan	David Hogan	82
14178575	cherylhaas	Cheryl Haas	605
12863272	jkalucki	John Kalucki	249739
150	stevej	Steve Jenson	16342
765548	hmason	Hilary Mason	57886
1000591	fredwilson	Fred Wilson	392542
1132881	iveyrocks	Sarah Rock	468
14392347	auerbach	Joshua Auerbach	2372
14216618	MyronRosmarin	Myron Rosmarin	1151
20	ev	Ev Williams	1809900
3823101	MattKoll	Matt Koll	943
858051	dannysullivan	Danny Sullivan	465402
13341	ekai	Eddie Codel	6014
2226061	alexiskold	Alex Iskold 	10874
14246171	JugglingPumba	Mike	2743
12793852	ej	Eric Jensen	10274
4488	Borthwick	John Borthwick	33347
12052632	mzsanford	Matt Sanford	19274
14076187	jayvirdy	Jay Virdy	844
14228118	gregpass	Greg Pass	8676
