21457289	MSFTResearch	Microsoft Research	273269
272720138	_jon_bell_	Jonathan Bell	35981
7170942	raquelrecuero	Raquel Recuero	20051
14304302	nwjerseyliz	Liz Pullen	14612
4774221	adriancheok	Adrian David Cheok	8886
12160482	marc_smith	Marc Smith	7315
152143	eszter	Eszter Hargittai	6621
16890685	gtcomputing	GaTech Computing 	6368
17268874	benbendc	Ben Shneiderman	5507
13284672	SamGregory	Sam Gregory	5335
24411159	barrywellman	Barry Wellman	4855
52332354	natematias	J. Nathan Matias	4547
9271782	edchi	Ed H. Chi	4500
581864035	imagineUX	Matthew Van Dusen	4467
10587552	msbernst	Michael Bernstein	4463
14595061	ChrisDiehl	Chris Diehl	3742
16629994	bkeegan	Brian Keegan	3719
11990112	danielequercia	Quercia	3658
14392797	andresmh	Andrs Monroy	3585
762093631	sig_chi	ACM SIGCHI	3464
25389720	josieahlquist	Dr. Josie Ahlquist	3434
21759817	tmccormick	Tim McCormick	3386
15160540	noshir	noshir	3335
81123588	ChicanoBot	Joe Sanchez	3292
1088181	marcela	Marcela Musgrove	3256
12014302	ndiakopoulos	Nick Diakopoulos	3188
19203768	katestarbird	Kate Starbird	3092
661613	alexhanna	Alex Hanna	2989
750093	syardi	Sarita Schoenebeck	2890
17773446	pgbovine	Philip Guo	2879
804775	landay	James Landay	2847
70478255	informor	Mor Naaman	2768
16136933	jeffbigham	Jeffrey P. Bigham	2757
87606674	nodexl	Nodexl Project	2728
1105671	ayman	ayman	2715
3094891	asbruckman	Amy Bruckman	2635
5415182	dourish	Paul Dourish	2584
8960202	clifflampe	clifflampe	2582
2335431	yy	Yong-Yeol Ahn	2572
80730160	nicole_ellison	Nicole Ellison	2549
450842550	WikiResearch	WikiResearch	2529
3979081	tarumi	 	2511
1599351	gabig58	Gabriela Avram	2484
12434302	jschneider	Jodi Schneider	2416
6274662	sophiabliu	Sophia B Liu	2284
14172854	AnaSalter	Anastasia Salter	2216
19819769	eegilbert	Eric Gilbert	2170
9381242	katrina_	katrina panovich	2096
43652382	munmun10	Munmun De Choudhury	2086
44973000	jteevan	Jaime Teevan	2061
5734242	ChaToX	Carlos Castillo	2008
17427564	grammarnerd	Moira Burke	2000
103989154	icwsm	ICWSM	1943
5848122	emax	dr electronic max	1928
183575679	ReaderMeter	Dario Taraborelli	1883
12551552	karger	David Karger	1810
27546319	roboticwrestler	Elena Glassman	1776
7466492	xeeliz	Elizabeth Churchill	1767
30142130	merrierm	Merrie Ringel Morris	1755
807515	jonfroehlich	Jon Froehlich	1748
26736307	ruchione	obinna ajuruchi	1747
188204899	harrishci	Harris Kyriakou	1742
19803953	cyberlyra	Janet Vertesi	1676
22848759	Nick_Lalone	Nick LaLone	1648
226237599	I_UMD	Maryland's iSchool	1639
138885922	luiciolfi	Luigina Ciolfi	1588
5469572	palen	leysia palen	1576
94384796	jvitak	Jessica Vitak	1566
11341982	tezcatlipoca	Andrew Sempere	1544
34247967	sunday9pm	Marcus Foth	1541
14425576	bederson	Ben Bederson	1519
56809666	sagemintblue	Andy Schlaikjer	1512
10313732	skairam	Sanjay Kairam	1487
14879764	wankelc	Charles Wankel	1464
16807355	joandimicco	Joan Morris DiMicco	1458
48380240	rbmllr	Rob Miller	1455
141133	jofish	jofish	1431
6896522	jhaas	Jason Haas	1411
36435136	sophiekkim	Sophie Kim	1406
14191640	staeiou	R. Stuart Geiger	1390
92199427	lawlkat	Katherine Lo	1369
2493	gleemie	Lilly Irani	1323
67347016	dhirajmurthy	dhiraj murthy	1318
143449579	CompUrbanist	Justin Cranshaw	1290
1314101	eytanadar	Eytan Adar	1274
36420489	dotKwame	Kwamena AK	1237
398914174	hcdeUW	UW HCDE	1230
1320161	lsinger	Leif Singer	1229
14915653	kurtluther	Kurt Luther	1228
50504510	tomzimmermann	Thomas Zimmermann	1210
10088102	__mguzman__	Mauricio	1204
14600764	boulabiar	Mohamed Ikbel	1165
147949965	abellogin	Alejandro Bellogin	1149
128232442	lorenterveen	Loren Terveen	1143
90547062	shinjiyamane	Shinji R. Yamane	1130
22588327	bjo3rn	bjoern hartmann	1119
755373	andicat	andrea forte	1101
3132481	beki70	Beki Grinter	1097
136650757	_akisato	Akisato Kimura	1090
17076940	eugeneAgichtein	Eugene Agichtein	1078
21713505	karissamck	karissa mckelvey	1049
15620589	smunson	Sean Munson	1043
91273652	interactionsMag	interactions	1025
17544248	sharoda	sharoda	1007
132414313	juliekientz	Julie Kientz	1005
7358532	cargamax	Nicolas Roussel	976
1907881	pacunar	Pablo Acua	967
23984573	sadatshami	Sadat Shami	964
12013402	jacwex	Jax Wechsler	961
277515399	chi2014	CHI2014	951
50756462	jenpre	Jenny Preece	942
1855871	arkaitz	Arkaitz Zubiaga	934
37619291	ritsos_p	Panagiotis D. Ritsos	894
817382	imjuhokim	Juho Kim	888
10204352	scottjcounts	Scott Counts	888
2653761	charoy	Franois Charoy	882
3593	thinky	Zach Pousman	878
15491093	roylac	Roy Lachica	860
95464199	ChrisMHampton	Chris Hampton	850
15500367	razsc	Raz Schwartz	843
28240340	elizgerber	Liz Gerber	841
130670283	morgangames	Morgan G. Ames	838
13126022	gpanger	Galen Panger 	832
134072288	AndreaWiggins	Andrea Wiggins	820
415881007	JakeOrlowitz	Jake Orlowitz	809
46854762	airi_	Airi Lampinen	800
8249522	jwnichls	Jeffrey Nichols	798
16897908	tessalau	Tessa Lau	792
37388206	mhsorens	Mogens H. Srensen	790
1323551	shaunkane	Shaun Kane	782
4794501	sunilgarg	Sunil Garg	780
58668083	erinsolovey	Erin Treacy Solovey	772
7823552	jennthom	Jenn Thom	772
27546879	pedrocalais	Com Acio Seria Pior	768
305474242	CharlotteHase	Claudia Hauff	752
11478472	stephaniebeth	Stephanie Steinhardt	747
242747411	anneohirsch	Anne Oeldorf-Hirsch	745
573815031	dani_agent	Dani Villatoro	741
22327753	casey_dugan	casey	731
24163191	DrAnnaLCox	Anna L Cox	728
697263	emmarosephd	Emma Rose	727
272358160	mbjamieson	Briar Jamieson	724
16644070	kkarahal	Karrie Karahalios	724
11649702	jonhurlock	Jon Hurlock	723
14135186	dabbish	Laura Dabbish	722
46814889	Val555	Val	715
39699705	cpltalk	Chris Talking	711
105220232	mariamnotmiriam	Mariam Asad	707
14821718	jfelipe	Felipe Ortega	696
15761891	muditmittal	Mudit Mittal	696
35522570	lauracarletti	Laura Carletti	689
41783149	paulesque	Paul Andr	689
14381760	bhecht	Brent Hecht	687
39497992	juddantin	Judd Antin	680
14412654	jgrudin	jgrudin	679
1684471531	Doug_Pruim	Doug Pruim	678
7361792	GadgetMan4U	Alvin Chin	677
21551968	shojikajita	Shoji KAJITA  	673
15470349	verbicidal	verbicidal	672
16507835	saiphchen	Saiph Savage	666
1210555561	fconicolasmares	F. Nicols Mares A.	664
32199673	Praeteritio	Mariusz Nowostawski	660
2317884102	gillianrhayes	Gillian Hayes	651
232351349	plopesresearch	Pedro Lopes	651
17065584	Zaga_daga	Cristina Zaga	648
16124644	AaronGenest	AaronGenest	648
64777298	hemant_pt	Hemant Purohit	646
30189165	DomFurniss	Dominic Furniss	645
71070228	alexodrosgomes	Alex Sandro Gomes	643
10671162	dagwood	Darren Gergle	643
194203770	cfiesler	Casey Fiesler	638
17993404	prof_lyons	prof_lyons	632
1693509961	Maaselo	Maaselo	632
90286118	asterixnet	rakesh sethi	626
345883923	otheragent	Charlotte Webb	624
263393900	miguelnacenta	Miguel Nacenta	621
13568892	denisparra	Parra	611
157923433	TobiasBuerger	Tobias Brger	610
185420505	CloBonneau	Claudine Bonneau	608
412989491	rodlux	Rod M	596
207627256	SottedReviewer	Sotted Reviewer	595
17726018	NikolaiKirienko	Nikolai Kirienko	594
201379948	adamworrall4	Adam Worrall	578
14786131	aaronshaw	aaron shaw	577
24811237	davetown101	David Huffaker	577
18341734	presnick	presnick	575
7608562	paulwhit	Paul Whitaker	572
21689241	dretelny	Daniela Retelny	559
39629355	ShuminZhai	Shumin Zhai	559
23968747	wernergeyer	Werner Geyer	558
26494742	haneul0318	Seungyeop Han	556
13377392	whatknows	Jed Brubaker	550
25836560	sentezari	Steven Entezari	545
1018268773	AnkeBrock	Anke Brock	542
12241142	abegel	Andrew Begel	520
15337065	kpanciera	Katie Panciera	519
96595157	kluyten	Kris Luyten	517
81454023	pstamara	Tamara Peyton	514
856684314	danjarratt	Dan Jarratt	509
6064502	mynatt	Beth Mynatt	505
25632368	deanhargreaves	Dean Hargreaves	505
261126954	wslasecki	Walter S. Lasecki	501
16691000	billypidgeon	Billy Pidgeon	497
83376902	gmentzas	Gregoris Mentzas	495
27761821	nniiicc	Nic Weber 	490
246083066	thechernoble	Jennifer	487
10961632	wendyju	Wendy Ju	484
108036379	jiyjang	Jiyeon Jang	477
36989534	tfinholt	Tom Finholt	472
56805505	ingo_S	Ingo Scholtes	466
115022430	adamperer	Adam Perer	463
135899401	dwmcphd	David McDonald	463
575999970	RojaBandari	Roja Bandari	460
23798335	valibrarian26	lis allen	459
20775221	shakmatt	Derek L. Hansen	453
14345164	pridkett	Patrick Wagstrom	449
296099096	pamwis	Pamela Wisniewski	443
6817322	fundinha	funda k-s	440
56741110	hotvig	Travis Kriplean	439
19955169	toupsz	Zachary O. Toups	434
13665012	nikilambro	Niki Lambropoulos	433
16785959	lucidbard	John T Murray	431
92551605	ineffablicious	Marshini Chetty	424
19505726	numptygeek	David McGookin	423
847911374	NUSocialMedia	NU Social Media Lab	420
9939992	andrewmiller	andrewmiller	420
39032276	matboehmer	matthias bhmer	416
13272612	mainwaring	Scott D. Mainwaring	415
126323494	Neha_Gi_Ji	Neha Gupta	410
850796622	lanamaeki	Arto Lanamki	407
85307840	halfak	Aaron Halfaker, PhD	406
456755332	MarioRomero73	Mario Romero	403
231385680	jewifer	Doc	402
17738165	keitadv	Keita Wangari	400
13859952	thekellogg	thekellogg	398
19204539	abdoelali	Abdo El Ali	395
21982329	dswtan	Stewart Tansley	392
20237272	t1mc	Tim Coughlan	391
40905714	madsesmith	Madeline E. Smith	389
47503649	hyoseokY	Hyoseok Yoon ()	389
10443152	igreif	igreif	387
577775806	alknauss	Alessia Knauss	380
847532066	bennytheshap	Ben Shapiro	377
16544694	danarotman	Dana Rotman	377
16450742	warrensallen	Warren Allen	367
56596483	haydenbreese	Hayden Breese	364
174733655	bartvanroey	Bart Van Roey	363
74005679	betsyrolland	Betsy Rolland	362
17055218	OSUBrit	Dave R	362
17956337	aberry85	Andrew Berry	361
61945399	ducktopian	Charlotte Lee	358
15663663	webuse	Web Use Project	356
123485403	sdguo	Stephen Guo	354
17162606	johnrooksby	John Rooksby	353
36743294	ctreude	Christoph Treude	350
316622190	naz_andalibi	Nazanin Andalibi	348
230836860	elizabethapitts	Elizabeth Pitts	347
18728897	cosleydr	Dan Cosley (DanCo)	345
101036965	_rnbrewer	Robin N. Brewer	341
109317856	sdhbkh	Saeideh	341
12077242	peiyaoh	Pei-Yao Hung	334
19769253	nervoxavier	Nervo Verdezoto Dias	333
1694538636	UCI_Informatics	UCI Informatics	332
10991972	StevenHouben	Steven Houben	331
64859059	StevensonDarren	Darren M. Stevenson	331
14054890	scottbateman	scottbateman	330
116306762	reidpr	Reid	327
135592507	Capt_Swing	Jonathan T. Morgan	324
169477290	taiwoorogbangba	Taiwo Orogbangba	323
1384800560	emmaspiro	Emma Spiro	323
68084193	jbrookszurn	jbrookszurn	321
334751498	SaeedZareian	Saeed Zareian	317
1036751	carismarie	Caris Hurd	317
186438824	Alan_yn_Aber	Alan Chamberlain	314
28049655	drinkthecoolaid	Serena Hillman	312
156212837	jangojarango	Andreas Reiter	305
215755802	rachelmmagee	Rachel Magee	304
436221506	ErikPaluka	Erik Paluka	304
1514211	jyew	Jude Yew	304
149435922	Ani_Aghababyan	Ani Aghababyan	302
5783382	mbietz	Matthew Bietz	299
59637853	kayakerscout	Jeremy Ey	297
259198709	MPalomaD	Paloma Diaz	297
49329200	marginalien	Jens Hartmann	295
36588310	hmslydia	Lydia Chilton	294
11639432	strazzulla	Daniel Strazzulla	294
24264051	megak	Meg D-K	293
769810723	ManasHardas	Manas Hardas	290
22236779	GameGodde55	Kara Behnke	289
14427818	AndreaTapia	AndreaTapia	289
561409850	Nicola_Marsden	Nicola Marsden	283
258700620	game411	Halimat Alabi	282
18943054	blnaveen	Naveen Bagalkot	280
18170650	jesspater	Jessica Pater	278
16910050	KateEhrlich	Kate Ehrlich	277
96032454	mattatheque	Matt	276
328134327	mikemassimi	Mike Massimi	276
3133701	kedwards	Keith Edwards	276
200278362	igorsteinmacher	Igor Steinmacher	275
634739719	labinthewild	Katharina Reinecke	273
32331239	christianbird	Christian Bird	272
14263086	ideasandinfo	Sean Fullerton	270
808896914	MJMcGuffin	Michael McGuffin	270
304788474	USACM	ACM US Public Policy	269
98966111	ido_guy	Ido Guy	265
2571131	barneyboo	Luke Hutton	265
20742863	spwyche	Susan Wyche	264
402001481	maurotortonesi	Mauro Tortonesi	259
89662560	tjvguerreiro	Tiago Guerreiro	255
15365649	jakubdostal	Jakub Dostal	254
1322931373	ICMR2014	ACM ICMR 2014	252
274188487	andreagparker	Andrea Grimes Parker	252
222735551	cikay72	Alessio Malizia	250
294569440	britospablo	pablo britos	250
130931465	joelefischer	Joel Fischer	249
438610188	meriemlaifa	MeriemLaifa	246
53110550	julimayer	Julia Mayer	242
234248938	ThereseDugan	Therese Dugan	241
245723783	jmahoney127	Jamie Mahoney	241
315382048	ron_burt	Ron Burt	240
18115120	srivigneshwar	srivi	240
25268217	floydmueller	Floyd Mueller	239
228756180	networkedEn	networked-enterprise	239
1152015530	ACMLarry	Larry Fisher	238
134153501	geri_fitz	Geraldine Fitzpatric	237
131289403	nataschakarlova	Natascha Karlova	234
11103342	senc01a	Javier Quevedo	234
315361821	siakallol	Ishtiaque Ahmed	234
14702110	msaveski	Martin SAVESKI	234
318368492	Afrafrafra_j	Afra J.Mashhadi	234
416909756	b_vasilescu	Bogdan Vasilescu	232
183804671	courtneyloder	Courtney Loder	231
23399565	cjackso3	Corey Jackson	231
14529540	berniezang	Bernie Zang	230
89313100	dave_kirk	David Kirk	230
5765972	hyheng	Yuheng Hu	229
325364789	krrun16	Kyle Rector	224
38169824	pablocesar2661	Pablo	223
267802636	CIVIL1AN	Dustin Andres	222
283160294	Caoutchouc31	Melinda Sebastian	221
243804207	amaatouq	Abdullah Almaatouq	221
926799758	nataliebazarova	Natalie Bazarova	218
18629853	matsch_o0	Matthias Korn	217
600754466	pitlab_ITU	PIT Lab	214
14109354	erynwhitworth	erynwhitworth	211
10385972	rafaelvivian	Rafael Vivian	210
44581947	johankildal	Johan Kildal	209
115561021	ThirysTheory	ThirysTheory	208
16801905	mercantopkara	Mercan Topkara	208
89525797	mil_austria	MediaInteractionLab	208
12537022	claulopez	claulopez	204
50410039	NancyAjarmeh	Nancy Alajarmeh	203
98662718	craragon	Cecilia Aragon	201
21288475	vietansegan	Viet-An Nguyen	198
325949696	AndrewRaij	Andrew Raij	196
24783306	derekfreilly	Derek Reilly	194
15117236	majakk	Mattias Jacobsson	192
7965622	ruogu	Ruogu Kang	190
160887443	niallmurr	Niall Murray	186
23441215	rickwash	Rick Wash	184
36876102	sylvanlobo	sylvan lobo	184
716549420	sociotechnet	CSST Sociotechs	183
21385600	ossimokryn	Ossi Mokryn	183
57983	dmillen	dmillen	183
475302306	OlivierChapuis	Olivier Chapuis	182
130725367	aqgs	Alex Quinn	181
8233182	ToniFerro	Toni Ferro	179
100883450	rhyan24385	Ryan Kelly	179
50671466	jameshowison	James Howison	178
453870363	PeteAlston	Peter Alston	178
875740171	sminfolab	SocialMediaInfoLab	177
264097819	R_dwlf	Ralf De Wolf	175
15250294	thegreatmichael	Michael Stewart	175
331874206	DrGrossUNCC	Joshua Gross	174
16067430	OliFer	Oliver Ferschke	174
396680992	JiepuJiang	Jiepu Jiang	172
258173693	alidoub	Ali Doub	171
14630266	BetCD	Betsy DiSalvo	168
190906064	peyinalin	Peyina Lin	168
57050675	_nook_	Akhila Mathur	167
573770823	saheggen	Scott Heggen	167
21401602	akavan	Andrea Kavanaugh	166
414245221	brianlindseth	brian lindseth	164
46747244	derekxywang	Derek Wang	164
322188248	tsmkdk	Teis M. Kristensen	164
239454599	mdickard	Michael Dickard	163
17805864	rodep	rogrio de paula	163
1281170779	genevievemp	Genevieve Patterson	162
16602649	soldham	Susan Oldham 	161
47353720	JochenHuber	Jochen Huber	160
20893245	andrew0writer	Andrew Roback	160
204571389	cleytoncsouza	Cleyton C. de Souza	159
28853404	osterg	Gerald Oster	157
112480711	Deepti67	Deepti Kulkarni	155
245554595	lpttwer	Lino P	150
236593313	ynagar1	Yiftach Nagar	148
132660715	clampefake	Fake Cliff Lampe	148
1862291760	DeltaLabNU	Delta Lab NU	145
58270503	mhaesen	Mieke Haesen	145
103090568	irwinkwan	Irwin Kwan	145
18542790	tveinot	Tiffany Veinot	144
16502593	lgw_	Lauren Wilcox	144
14533900	garyhsieh	garyhsieh	143
974100769	WorkPracticeTec	Jacki O'Neill	141
208706705	SwathiSelv	Swathi S	140
1324503596	elipse_irit	elipse@irit 	139
549303821	zashktorab	Zahra Ashktorab	139
100976993	julianklotz	Julian Klotz	134
359807769	leederc	Chris Leeder	133
256484939	CosmicMonki	Sandra Williams	133
90497936	geosoco	John Robinson	133
56314885	diogocpedrosa	Diogo Pedrosa	132
155763791	korolevbin	korolevbin	131
21094530	wgl	Wayne Lutters	130
844676580	TechNickDavis	Nicholas Davis	129
855617388	am_piper	Anne Marie Piper	125
258568300	c_vasiliou	Christina Vasiliou	125
269447199	UTiSchoolITLab	UT iSchool IT Lab	125
14055110	Jingyif	Jingyi Feng	123
380233274	RomanBednarik	Roman Bednarik	123
920419626	MegTork	Megan Torkildson	122
38912685	nooom	Mark Newman	121
2394881	mdgreenb	Mike Greenberg	120
28624297	melangeau	John Balamuta	120
194046843	atieh62	Atieh	120
66870371	armuronihil	Stanley Chang	119
253175312	steveintransit	Steve	119
531840401	gierad	Gierad Laput	118
82860999	rony358	Abhishek Chanda	117
185619228	bernt_ivar	Bernt Ivar Olsen	116
424502831	MohsenVakilian	Mohsen Vakilian	115
39678851	cxweng	Cindy Weng	113
56453879	marcomason	marcomason	112
408760256	youyanghou	Youyang Hou	111
288079113	alsarcevic	aleksandra sarcevic	110
58884141	fatih_bulut	Fatih Bulut	109
30002598	Lsciss	Lauren Scissors	108
46171206	mbarrenecheajr	Mario Barrenechea	108
22473658	cnorval	Chris Norval	107
109770816	vishgore	Vishvambhar Gore	106
10947902	ilanadiamant	e.ilana diamant	104
18352295	victoriasosik	Victoria Sosik	103
240846621	juhubie	julie hui	102
93549380	AlisonPSU	alison murphy	101
17241685	atclark	Alan Clark	97
15585946	rajankz	Raj Zachariah	97
7541062	Kusunoki	Kusunoki	96
55135019	haludesign	Hyangah Kim	95
712607382	sasheppard	S. Andrew Sheppard	95
46999003	huatongs	Huatong Sun	95
167078211	juliaklammer	Julia Klammer	95
18946350	wenbowang	wenbowang	93
584856093	TeijaVainio	Teija Vainio	91
56199607	simum	Simone Mora	90
53284802	lpereira_	Luis Lucas Pereira	90
89902359	chandrikacycil	Chandrika Cycil	90
49784988	francescabar	Francesca Barrientos	89
17659177	lena_m	Lena Mamykina	89
16104163	Suzability	Suzanne Currie	89
1361766181	mario_montagud	Mario Montagud	89
26764887	ayoung30	Alyson L. Young	85
16479615	lisagandy_ai	Lisa Gandy	85
186564435	XidaoWen	Xidao Wen	84
114767901	KevinDullemond	Kevin Dullemond	81
111352959	julzbullard	Julia Bullard	81
38221421	seanmcnee	Sean M. McNee	79
17147043	shailij	Shaili Jain	79
305469439	AekPalakorn	Aek Palakorn	77
320539498	ShuguangHan	Shuguang Han	77
310057553	MengdieH	Mengdie Hu	73
356993313	cscwKjeld	Kjeld Schmidt	73
21731824	sparklebot	Selma Sabanovic	72
20739729	SarahAWebster	Sarah Webster	72
1694679566	IntercultComm	IntercultCommLab	71
1652947884	ECSCW	ECSCW conference	70
383031779	ffilho_	Fernando Filho	68
165359643	twithci	candan	68
504855067	bkoehne	Benjamin Koehne	66
435727485	BergerPhilipp	Philipp Berger	66
84498169	dannyhermanus	Danny Hermanus	65
92495029	MoKhalilbeigi	Mo	65
20211594	YawenYu	Yawen Valerie Yu	65
17241244	mukeshnathan	Mukesh Nathan	64
948788731	chathrah	Chathra Hendahewa	63
9131262	oymindles	Les Nelson	63
51998441	amannewgen	Amandeep Dhir	58
479715477	CSCW2012_SV	CSCW '12 SV	58
123314482	simonperrault	Simon Perrault	56
1228661564	_mikhil_	Mikhil Masli	56
1244079788	infoscicornell	Cornell Info Sci 	55
18878271	tspiliot	Tasos Spiliotopoulos	54
113211709	eve_psu	Elizabeth Eikey	51
1219122986	NMarksbury	Nancy Marksbury Phd	51
18313388	kevinmentzer	kevinmentzer	50
180143580	YueYvettePan	Yvette Pan	49
49649622	mjbrks	Michael Brooks	47
383958863	hciturk	hci turk	47
41058350	twpark	Taiwoo Park	43
18608658	rmarket	rmarket	42
121663569	Bourimi	M. B.	42
583897160	ACM_CSCW_SV	CSCW SVs	42
70437893	nancydaiyue	NancyDY	41
14814374	loveandirony	Yong Ming Kow	38
215762168	RecSysNet	recommenders.net	37
15238432	Tekniques	Matt Willis	35
35875967	KellyBlincoe	Kelly Blincoe	34
32484383	Ji_Yeon_Yang	Ji-Yeon Yang	33
1546449168	IvanBreskovic	Ivan Brekovi	33
478409690	parantapab	Parantapa	33
434654673	asiri_omar	Omar Asiri	32
1350192474	marinkala1	Marina Kogan	32
412840363	Nima7990	Nima Inverno	31
389847354	pangpatrick	Patrick Pang	30
942627355	JayeNias	Jaye Nias	30
1087921860	nu_hci	Northwestern HCI	29
1569740281	GreekSIGCHI	ACM SIGCHI Greece	29
123233222	thoolsen	Thor O.Olsen	28
118170868	tanjacwalsh	Tanja Walsh	27
1450809756	JohannaMeurer	Johanna Meurer	26
195050421	rbajko	Rob Bajko	25
478351678	HCIntoxicated	HCIntoxicated	24
71438797	ericshape	Ji Wang	22
519347962	TofighFaramarzi	Tofigh Faramarzi	22
1177089336	LisaYu2013	Lixiu Lisa Yu	19
490586699	XinruP	Xinru P	18
70185076	romanlissermann	Roman Lissermann	17
626800990	daltimira	David Altimira	16
108136073	_Feng_	F.Gao	15
562781397	jorgeandreg	Jorge Goncalves	15
492476933	CSCWFitness	CSCW Fitness	14
216720797	xelphyr	Jin-Woo Jeong	13
39703406	paggy922	Lou Jie	12
410250189	JenniferGahee	Jennifer Kim	10
491491072	DolataM	Mateusz Dolata	9
274162214	tochka16	helena	8
14775088	haochuan	haochuan	6
1855715460	AuburnACM	Auburn ACM	5
1217231689	cuboulderacm	cuacm	2
1472272068	Iclab107	Iclab107	1
