14212577	pacla	pacla	1498
9507342	moneyries	Brian Ries	15019
55954443	nicolegaouette	Nicole Gaouette	2804
15978412	attackerman	Spencer Ackerman	59456
16300314	AsiaSociety	Asia Society	49602
108432404	jkrim	Jonathan Krim	4555
309282144	anniekarni	Annie Karni	4958
125499355	dfjsteve	Steve Jurvetson	5329
379337836	UnionBrewing	UNION Craft Brewing	7128
21879487	WKrestaurant	Woodberry Kitchen	8099
1000591	fredwilson	Fred Wilson	392243
123417995	ESPNNFL	NFL on ESPN	1095490
50446226	jonathanchait	Jonathan Chait	52741
22197119	BaltimorePolice	Baltimore Police	127596
786390133	Ilan_Manor	Ilan Manor	462
2332617303	NickMerrill	Nick Merrill	1999
77841866	hofrat	Clemens M. Schuster	3646
18697888	rubycramer	Ruby Cramer	12397
280299519	Joseph_Marks_	Joseph Marks	1975
2905212093	CylonLab	CyLon Accelerator	525
956482189	sagemoon27	Sage Moon	19
14439813	wnd	wendy clark	52141
367929058	arminkahelic	Arminka Helic	850
43409523	jonallendc	Jonathan Allen	18428
55369810	KateBennett_DC	Kate Bennett	8608
15979089	mattbpete	Matt Peterson	624
2490787433	jen_beckermann	J Beckermann	120
71048726	juliaioffe	Julia Ioffe	38315
586	sacca	Chris Sacca	1573740
1264506732	RedOwlytics	RedOwl	576
104960470	nomfup	nomfup	73448
6738012	merrillbro	Merrill Brown	1299
16403943	RapSheet	Ian Rapoport	712319
2922928743	danpfeiffer	Dan Pfeiffer	7117
23839835	jeremyscahill	jeremy scahill	185730
401625957	SteveRattner	Steven Rattner	15687
492982062	ValerioDeMolli	Valerio De Molli	3402
93069110	maggieNYT	Maggie Haberman	59171
426044697	Shteyngart	Gary Shteyngart	56407
78400475	michikokakutani	Michiko Kakutani	13691
41267981	hrgilman	Hollie Russon Gilman	1130
18741724	aniacalderon	Ania Caldern	3553
3003470578	aguerrero_cc	Andrea Guerrero	37
351655383	LucyCooper9	Lucy Cooper	492
44791285	Jamescitrin	James Citrin	1148
321886273	gcassy	Grace Cassy	58
119491006	amychozick	Amy Chozick	18671
117433286	adschina	Adam Segal	4303
75797367	dandrezner	Daniel Drezner	33786
17243582	blakehounshell	Blake Hounshell	96193
15198507	mmckinnon	Mark McKinnon	10575
19426551	nfl	NFL	11573793
48509644	lucasdjong	Lucas de Jong	1284
14597239	TonyRomm	Tony Romm	7421
1150106743	scottecrouch	Scott Crouch	290
1594453844	mark43	Mark43	274
17242197	maurorotelli	maurotelli	1484
2471315234	brkthroughprize	Breakthrough Prize	727
816653	TechCrunch	TechCrunch	5146914
321589427	stephenWalt	Stephen Walt	26176
14104907	ehellweg	Eric Hellweg	4610
5763262	karaswisher	Kara Swisher	1035557
1397342508	theMMQB	The MMQB	99077
33792634	andrewrsorkin	Andrew Ross Sorkin	484031
140577415	iendeavors	Innovation Endeavors	2292
41882282	mbrauchli	Marcus Brauchli	916
5252591	bgurley	Bill Gurley	328461
5251831	peterfenton	Peter Fenton	31788
9729502	travisk	travis kalanick	80177
45259501	Quenchit	Gerald Y	131
399822089	MirrorHQ	Mirror	792
126042283	dpatrikarakos	David Patrikarakos	6170
743452002	rodneyabrooks	Rodney Brooks	4006
378640981	ClaudeSmadja	Claude Smadja	424
14514411	poptech	PopTech	37315
297066172	jtuck9	Justin Tucker	132379
2471723629	AmbSuzi	Suzi LeVine	2609
104889007	shomikdutta	Shomik Dutta	512
33998183	whitehouseostp	The White House OSTP	496510
78273855	dariasantucci	Daria Santucci	1362
144224251	maredithwalker	Maredith Walker	727
8965932	FlyingDog	Flying Dog Brewery	99583
2779389582	SteveHiltonx	steve hilton	3147
1093090866	FLOTUS	The First Lady	2020220
1378315837	Andela	Andela	2653
52568785	avishbhama	Avish Bhama	788
18215973	petesouza	petesouza	172301
15008449	amcafee	Andrew McAfee	32065
49736166	peterthiel	Peter Thiel	94010
130279509	chefcindywolf	Cindy Wolf	943
161319535	gorelickingood	The Baltimore Diner	9242
353729929	sportguyRSR	Brian Bower	1468
553713584	Wu_Tang_Finance	Wu-Tang Financial	69194
353789193	StartupLJackson	Startup L. Jackson	43759
1518024493	layer	Layer	2584
1944495786	AspenStrategy	Aspen Strategy Group	1020
266927095	ColinCrowell	Colin Crowell	53988
70775995	MarkAgee	Mark Agee	7677
244248091	danrwagner	Dan Wagner	1417
268845101	MPDavidson	michael p davidson	694
590152667	Twiplomacy	Twiplomacy	34707
1961227860	gwtuckerbalt	Gregory Tucker	49
2254236379	darrenwalker	Darren Walker	4860
18997068	nathanfletcher	Nathan Fletcher	10079
22522178	ReformedBroker	Downtown Josh Brown	106883
14651539	jeffiel	jeffiel	7255
19055831	drorberman	Dror Berman	1228
1102	davidu	 David Ulevitch 	8041
204832963	TheTweetOfGod	God	1967117
1175221	digiphile	Alex Howard	250962
2359926157	CIA	CIA	793763
7109582	chippaucek	Chip Paucek	1619
1571270053	Amazing_Maps	 Amazing Maps 	235304
59331128	PhilipRucker	Philip Rucker	24158
103927659	ColbyItkowitz	Colby Itkowitz	4889
72403	ginab	Gina Bianchini	15937
1555592808	Shiza	Shiza Shahid	13874
1406342263	BeaconGlobal	Beacon	132
44196397	elonmusk	Elon Musk	2152519
65375759	zeynep	Zeynep Tufekci	139449
233228833	petergrosz	Peter Grosz	3686
71643224	conradhackett	Conrad Hackett	108976
245128113	AnchorFreeDavid	David Gorodyansky	1887
236526490	LHSummers	Lawrence H. Summers	37405
21413882	joyrheman	Joy Rheman	1468
2324632668	Jenblue88	Jennifer Hamilton	33
745544480	MatthewGranade	Matthew W. Granade	196
30172117	tealist	Teal	283
1173685621	RepUnderwoodSC	Francis J. Underwood	40676
12858902	stengel	Rick Stengel	17953
25966080	alex_gurevich	Alex Gurevich	1313
80048596	ColumbiaSIPA	 Columbia | SIPA	10085
50081163	kippyjoseph	Kippy Joseph	863
15007149	JohnKerry	John Kerry	509368
914061	levie	Aaron Levie	148991
874916178	BeschlossDC	Michael Beschloss	123370
89583009	ken_goldberg	Ken Goldberg	9876
16242081	bhorowitz	Ben Horowitz	178213
1731025172	epsilonpartners	Epsilon	52
77836635	rehundt	Reed Hundt	923
1370871841	mmujicaDC	Maryam Mujica	1189
356803295	JohnWRendon	John Rendon	1152
5943622	pmarca	Marc Andreessen	325051
177740246	chriswilleydc	Chris Willey	171
14522537	natemook	Nate Mook	1805
47134562	timthwang	Tim Hwang	4058
1349966132	FiscalNote	FiscalNote	2762
23097748	olgs7	Olga Belogolova	2471
26843564	tomsietsema	Tom Sietsema	36319
123407199	HitchcockAdam	Adam Hitchcock	213
387900968	danbbaer	Daniel Baer	5763
41200745	jamisonhensley	Jamison Hensley	19823
22641165	samanthabarry	Samantha Barry	5046
31037199	sbg1	Susan Glasser	7622
102251724	Elise_Jordan	Elise Jordan	6743
2149973089	APDiploWriter	Matt Lee	24968
16624174	stavridisj	stavridisj	22848
1032352057	alectivism	Alec Foster	678
480821258	Telerivet	Telerivet	276
11116312	JeremyJ	Jeremy Johnson	5532
1707321486	madeleine	Madeleine Albright	89069
237087413	rohan__silva	Rohan Silva	6137
1221704132	pablocabrerag	Pablo Cabrera	1390
1283775062	MatthewBarzun	Matthew Barzun	10730
35688200	amratner	Ari Ratner	1651
1615463502	AmbassadorPower	Samantha Power	167037
73239360	taylorbranch	Taylor Branch	4703
3291691	chamath	Chamath Palihapitiya	27847
1689466232	MikePrestonSun	Mike Preston	5596
28403766	paragkhanna	Parag Khanna	9664
949934436	TomSteyer	Tom Steyer	10782
1418373510	WEKennard	William E. Kennard	210
57140128	VickiNashOII	Vicki Nash	800
599329617	MarkMNoLabels	Mark McKinnon	73325
60783724	ianbremmer	ian bremmer	109072
19889946	loisromano	Lois Romano	2957
17163307	JedKatz	Jed Katz	896
34719119	WalterIsaacson	Walter Isaacson	27877
174640381	alanjpatricof	alan patricof	4446
532531457	Ann_OLeary	Ann O'Leary	1760
1339835893	HillaryClinton	Hillary Clinton	3575441
115643685	Douglas4Paisley	Douglas Alexander	41155
31127446	markknoller	Mark Knoller	168561
75896448	DMiliband	David Miliband	198175
320547534	JGenachowski	Julius Genachowski	637
118588395	AlissaO3	Alissa Orlando	386
26668729	John_Hudson	John Hudson	6921
19507045	NextGenMatt	Matt James	1135
1222103100	BobLitan	Robert Litan	1789
36541337	ManuSeuge	Emmanuel Seuge	3058
17466964	greatertalent	GreaterTalentNetwork	4361
46063	hunterwalk	Hunter Walk	90267
19519252	ruthreichl	ruthreichl	287117
71920318	jjrett	Jai Retter	572
34722669	DonBanks	Don Banks	52364
32135704	SI_PeterKing	Peter King	1513810
1330457336	billclinton	Bill Clinton	3578391
354322155	eranetzion	Eran Etzion	124
17162499	glubold	Gordon Lubold	4143
384825410	DSepDC	Daniel Sepulveda	829
1028643794	LuffandCompany	Luff & Company	27
14235002	cfirestone	Charlie Firestone	1042
970563998	RNicholasBurns	Nicholas Burns	8418
24381632	sejalhathi	Sejal Hathi	1986
243942362	peterblaustein	Peter Blaustein	33
360282270	nextgen_usa	Next Generation	5152
105912240	jimsteyer	Jim Steyer	1811
272016697	KamenIntheLoop	Al Kamen	3828
15281392	techpologist	Chris Bronk	531
1115348904	zbig	Zbigniew Brzezinski	72159
15111062	thomaswright08	Tom Wright	3477
5558552	lazerow	michael lazerow	26206
249722522	rhodes44	Ben Rhodes	27319
551071205	sandypolu	Sandy Polu	339
399113269	EmeliaLisa	Lisa Emelia	2013
999495786	TheAsiaGroup	The Asia Group	393
38430168	RavensInsider	Aaron Wilson	43591
155784594	TVietor08	Tommy Vietor	11591
130496027	jonfavs	Jon Favreau	41869
17965868	victoriapat	Victoria Pattinson	14798
30918471	hamutalm	Hamutal Meridor	2096
1071777608	johnpodesta	John Podesta	18861
571194060	DigiDiplomats	Digital Diplomacy	9432
46427662	davideckelswade	David Wade	1106
15171360	diapalino	Bill DePaulo	108
1111940934	davidplouffe	David Plouffe	39029
310630578	jeffraikes	Jeff Raikes	19872
849697668	SonalRShah	Sonal Shah	4440
20747011	chrishughes	Chris Hughes	39170
30345764	BretEastonEllis	Bret Easton Ellis	532889
1586501	nickbilton	Nick Bilton	250135
120233868	MarkLandler	Mark Landler	8647
297856522	e_kaspersky	Eugene Kaspersky	136304
20759856	yonibloch	Yoni Bloch	21857
168674628	SangerNYT	David Sanger	16413
17839720	jeancase	Jean Case	12041
838129357	TomicahTD	Tomicah Tillemann	4624
229011907	benrowswell	Ben Rowswell	2410
156348765	shawnbasak	Shawn Basak	232
59783951	baibakovart	Maria Baibakova	38341
111691454	jonleeanderson	Jon Lee Anderson	35588
14058843	djweitzner	Danny Weitzner	2408
59947068	Kuhn	Eric Kuhn	16404
222668520	sheeltyle	Sheel Tyle	1544
6708952	SteveCase	Steve Case	739874
231744293	AmbRivkin	Charles H. Rivkin	8240
49286536	luukasilves	Luukas Ilves	1581
14914385	ferenstein	Greg Ferenstein	5426
9300262	politico	POLITICO	1173445
9946842	amac	Alex Macgillivray	33742
188419915	aaronmaniam	Aaron Maniam	586
103065157	David_Cameron	David Cameron	1074605
22255654	johndoerr	John Doerr	255182
327091962	DevanshiDPatel	Devanshi Patel	1301
757303975	ChelseaClinton	Chelsea Clinton	848345
360510708	HMATomFletcher	Tom Fletcher	44335
735122173	strobetalbott	Strobe Talbott	28898
59590157	isabellapoeschl	Isabella Poeschl	982
24789175	JamesFallows	James Fallows	72090
16643791	YBenkler	YBenkler	1645
14202711	mattcohler	Matt Cohler	35588
305588032	wendykopp	Wendy Kopp	18434
15765018	benhammersley	Ben Hammersley	15440
16832632	MrKRudd	Kevin Rudd	1534349
26792275	ForeignPolicy	Foreign Policy	645079
17220934	algore	Al Gore	2773513
265634129	janetribeca	jane rosenthal	9460
10485162	chatkoff	craig hatkoff	29858
566366148	bobboorstin	Robert O. Boorstin	380
648	heif	Scott Heiferman	22259
245132050	jeffzrebiecsun	Jeff Zrebiec	12922
12887522	pllevin	Peter L. Levin	1679
17634444	james_a_lewis	James A. Lewis	2198
579747564	IlvesToomas	toomas hendrik ilves	53486
42863753	digidiplo	Digital Diplomacy	8581
28870086	mortreport	Chris Mortensen	1822832
25895750	FergusHanson	Fergus Hanson	1978
60308942	claychristensen	Clayton Christensen	114632
12065572	gnarlykitty	Kitty Chirapongse	3415
534669109	CBisogniero	Claudio Bisogniero	6947
22872643	kellyoxford	kelly oxford	621550
200176600	todd_park	Todd Park	26356
51263592	AdamSchefter	Adam Schefter	3794225
423631401	IgnatiusPost	David Ignatius	23497
492684069	21Statecraft	21Statecraft	140
217284148	Austan_Goolsbee	Austan Goolsbee	51094
428549829	NicoPrincen	Nicolas Princen	4823
98015030	Joe_Nye	Joseph Nye	45641
1159251	shervin	Shervin Pishevar	63994
190407773	JasonFlippen	Jason Flippen	804
451586190	rupertmurdoch	Rupert Murdoch 	578035
454099919	McFaul	Michael McFaul	106835
402888514	djrothkopf	David Rothkopf	12218
174110843	jonlovett	Jon Lovett	34970
5996132	rainakumra	Raina Kumra	2890
44498753	KrisBalderston	Kris M. Balderston	1752
80617430	RyanLizza	Ryan Lizza	42997
19224439	Nouriel	Nouriel Roubini	343595
20425407	Olofeh	Olof Ehrenkrona	1885
19975160	EsserVic	Victoria Esser	1121
19619283	benhecht	Ben Hecht	3775
4818551	saschameinrath	saschameinrath	2477
29738618	slaby	Michael Slaby	7248
30331417	evgenymorozov	Evgeny Morozov	58700
11388132	lessig	Lessig	342485
19674502	AmbassadorRice	Susan Rice	474078
16311483	VivekKundra	Vivek Kundra	11398
340613443	RonanFarrow	Ronan Farrow	282673
262872637	MoisesNaim	Moiss Nam	162593
239557931	jjluff	Jonathan Luff	841
18697927	ianschuler	Ian Schuler	2093
121539516	aneeshchopra	Aneesh Chopra	19698
159124891	ruzwana	Ruzwana Bashir	12963
16657532	mstepka	Matthew Stepka	1418
317650146	USAmbEU	Tony Gardner	8916
6141832	cshirky	Clay Shirky	349661
58257664	jeremyheimans	Jeremy Heimans	11424
255022842	bakerac1	Angela Baker	656
14251443	danroth	Daniel Roth	14063
275470448	karenkornbluh	Karen Kornbluh	1245
44039298	sethmeyers	Seth Meyers	2871091
232193350	rajshah	Raj Shah	61544
128558424	erin_pelton	Erin Pelton	4421
18549724	carlbildt	Carl Bildt	418921
251553556	IvoHDaalder	Ivo Daalder	15857
252531143	SlaughterAM	Anne-Marie Slaughter	117622
37759047	JenniferPreston	Jennifer Preston	101623
115286530	Rwainess	Rebecca Wainess	571
105374561	onwardcaro	Caroline Mauldin	970
21961602	AdviceGuruAlan	Alan Fleischmann	979
201290961	susanmccue	Susan McCue	2038
14246001	mikeallen	Mike Allen	268498
20278844	SaraOhrvall	Sara hrvall	4975
14102677	joshnesbit	Josh Nesbit	7801
89978599	emilydparker	Emily Parker	7157
1039531	zittrain	Jonathan Zittrain	32071
14636374	superwuster	Tim Wu	12931
18996618	eliselabottcnn	Elise Labott	15872
21097230	jpalfrey	John Palfrey	9172
18518105	marktough	marktough	296
22146282	Ravens	Baltimore Ravens	595891
156269263	CVLundy	Cat 	118
15226458	ammori	Marvin Ammori	3860
19658091	SuzKP	Suzanne Philion	3436
12200502	jasonascott	jason scott	682
16295662	ibarguen	Alberto Ibarguen	8835
20461715	elanab	Elana B	1782
101782947	Farah_Pandith	Farah Pandith	18440
138787319	PJCrowley	Philip J. Crowley	56948
14650130	EdFelten	Ed Felten	6980
1051171	EthanZ	Ethan Zuckerman	39071
19152977	farai	Farai Chideya	25409
111627089	SarahKHeck	Sarah (King) Heck	1237
110823581	macon44	Macon Phillips	35338
80102969	Arturo_Sarukhan	Arturo Sarukhan	158730
15766082	joshrogin	Josh Rogin	46057
10078	reidhoffman	Reid Hoffman	283411
5668942	sarahcuda	Sarah Lacy	101503
45753754	caitlinbk	caitlin klevorick	2039
93957809	ericschmidt	Eric Schmidt	1103349
12	jack	Jack	2986638
62591681	EdwardNorton	Edward Norton	2065031
17004618	NickKristof	Nicholas Kristof	1608576
37953290	chelseavm	Chelsea Maughan	1312
15974588	rbole	Rob Bole	2250
1874221	McAndrew	Andrew McLaughlin	16149
23985984	akarhodes	Allison Messner	756
20708761	rospars	Joe Rospars	6503
16892481	nxthompson	Nicholas Thompson	37167
16317567	ceciliakang	ceciliakang	11941
5502502	scrawford	Susan Crawford	16698
9624742	StateDept	Department of State	1370625
37738073	SimonWDC	Simon Rosenberg	4602
15896188	AriW	Ari Wallach	8568
813286	BarackObama	Barack Obama	59704787
31523219	jasonliebman	Jason Liebman	2025
774909	Mlsif	Micah Sifry	13714
2150981	Rasiej	Andrew Rasiej	10277
12193642	katiewdowd	Katie Dowd	6491
33039483	JaredCohen	Jared Cohen	290146
