733139509	salesforce_IR	Salesforce IR	622
23462787	ideo	IDEO	234483
191128946	MCDSartK_1_2	Adra Valentine	38
1536791610	POTUS	President Obama	2510944
26576457	ArchDigest	Architectural Digest	251675
16661296	dwell	dwell	573112
8327182	eXoPlatform	eXo Platform	6968
1482495738	TeamKano	Kano	12460
709143	Basti	Bastian Lehmann	6792
130152940	WesAlkin	Wes Alkin	8070
317545147	LizTorman	Jelisaveta	12733
33620318	BTEITEL	Brandon Teitel	196
66447247	kerryeoconnor	Kerry O'Connor-Aouad	714
41602957	robertaouad	Robrt Aouad	390
636544560	Ilovefooty10	Tiffanie Alana*	2083
597726943	JRart	JR	38240
238319766	chrisrock	Chris Rock	3299933
14252917	j0el	Joel Berman	746
2993865607	ArtOfLinkedIn	The Art of LinkedIn	5501
2887054990	whysoawake	WhyAmIsoAwake?	17154
2516634073	NewsbyKiaC	Kia Croom	349
41375456	Julie188	Julie Bort	6999
936058154	SheilaReine	Sheila Knight	1725
94215105	AlexCKaufman	Alexander C. Kaufman	4234
52660746	Israel	Israel 	250665
15667036	carolynfrangel	Carolyn Rangel	1112
69480815	PoppyHarlowCNN	Poppy Harlow	29360
19656482	Wilco	WILCO	154513
2927379996	londonbreed	London Breed	738
1430792678	sheryldavissf	sheryl davis	172
1473325008	sfmagiczone	Magic Zone	1193
2996239999	MoMagicsf	Mo Magic	10
19243316	MayorBallard	Mayor Greg Ballard	34039
1601288341	freedom_indiana	Freedom Indiana	7296
20616216	MarkALamprecht	Mark Lamprecht	6278
601442697	ZoeyNurse	Zoey Stafford	41
14505546	BradSmi	Brad Smith	7926
500436115	jasoncollins98	Jason Collins	108969
26703365	Scott_Wiener	Scott Wiener	7524
2227281840	LibbySchaaf	Libby Schaaf	3010
31323375	alexgibneyfilm	Alex Gibney	14103
2677496372	PledgeOne	Pledge1Percent	500
233616676	MarketShareCo	MarketShare	5729
114685387	DavidRoads	Motivational Quotes	1399708
266408840	alexakmeyer	Alexandra Meyer	1044
21407648	BrittanyKrystle	Brittany Hoffman	1017
7946092	vauhinivara	Vauhini Vara	3679
512700138	Madonna	Madonna	769054
24761861	parkerharris	Parker Harris	5917
12901712	bchesky	Brian Chesky	73588
20626247	lelandkim	Leland Kim	3294
2217099931	ThingsWork	How Things Work	213429
350704836	FatimaMnr	Fatima Muneer	360
16466943	Gigwise	Gigwise	34758
260377391	gilliantett	Gillian Tett	8053
213247574	elenakvochko	Elena Kvochko	248
143198015	BrandonFlowers	Brandon Flowers	249635
223646111	NadiaSpeaks	Nadia Damouni	4207
33792634	andrewrsorkin	Andrew Ross Sorkin	484137
962394086	MsSapone	Marcela	1794
338084918	Pharrell	Pharrell Williams	6710007
715156644	Mariamixed	Maria Moore	72
370357863	ArchdioceseSF	Archdiocese of SF	2922
1901448230	RadiateLA	Fr. Ed Benioff	538
32372834	sciencemagazine	Science Magazine	485200
2655747020	McCauley_Lab	Douglas McCauley	443
281375654	annie_sparrow	Dr. Annie Sparrow	3739
61126132	SriSri	Sri Sri Ravi Shankar	1133865
166196682	jphro	J/P HRO	4345
2440747835	VCugniere	Vanessa Cugniere	65
555702683	SharlaInJapan	Sharla 	27281
1526948960	shahrzadrafati	Shahrzad Rafati	2823
14343189	CurbedSF	Curbed SF	19995
28515690	ASavv	Alexandra Savas	590
283734762	munilass	Kristi Culpepper	10989
261599270	RebeccaRamgren	Rebecca Ramgren	488
193369962	FreyaWaldern	Freya Waldern	635
378756024	KiraKazantsev	Kira Kazantsev	1570
35940348	MissAmerica	Kira Kazantsev	55078
7017692	DanielleMorrill	Danielle Morrill	33464
48764895	katohines	Kato Hines - AGGS	415
26270913	warriors	Golden St. Warriors	787227
1347994603	GlowHQ	Glow, Inc.	5635
2469722048	NashvilleMobile	Nashville Mobile	725
24036897	sarahstovold	Sarah Stovold	2885
2515373148	Oe_Mariko_		1199
23844610	JuliaPriceMusic	Julia Price	5412
15928389	johnhering	johnhering	2099
33417126	brstream	Thay Phap Luu	4806
25865319	danouc	dan ouchterlony	1006
71019945	OurOcean	Ocean Conservancy	127165
1037262350	TheOceanCleanup	The Ocean Cleanup	11136
142973143	BoyanSlat	Boyan Slat	9711
70416004	sbuscemi	Stephanie Buscemi	841
47342701	enikorozman	Eniko-7dotsmarketing	816
40574095	RachelAubrey	Rachel Rutherford	590
21900452	rapino99	Michael Rapino	23909
15761321	jakemitchell	Jake Mitchell	735
29549839	CommonSense	Common Sense Media	48070
2201686728	suzyhathaway	Suzy Hathaway	163
16684809	rjmeissner	Rebecca Meissner	522
69150304	kim7m	Kim Maniovich	501
12599552	dvellante	Dave Vellante	7006
18170310	OrrinHatch	Orrin Hatch	41716
2753509546	HireVueJustin	Justin Powell	113
13565472	alansmurray	Alan Murray	33264
102450246	keithweed	Keith Weed	8018
53137209	Megan__Killion	Megan Killion	358
18710249	inaherlihy	Ina Herlihy	1011
2591844625	myliophoto	Mylio 	1439
500704345	Pontifex	Pope Francis	6182263
28285105	aprilcooper22	April Cooper	1245
39344610	MLB_PR	MLB Communications	145830
61372349	drlouann	Louann Brizendine	2249
40375180	morganoliveira1	Morgan Oliveira	2330
35390520	dominiquecrenn	dominique crenn	11034
324779308	BarTartine	Bar Tartine 	8600
424814020	statebirdsf	StateBird Provisions	10294
186986452	ateliercrenn	Atelier Crenn	4383
13159032	bizrpt	NBR	6845
2288732628	PoetryPix	Poetry	157054
59128410	JSchneidsII	John Schneider	142
65284827	dan_streetman	Dan Streetman	359
374463302	Jenny_Bamber	Jenny _Bamber	877
2297061	Arvid	Arvid Bux	2738
204948063	courtneygacona	Courtney Gacona	1002
28172926	WSJD	WSJD	248032
402856118	FamilyReachFndt	Family Reach	655
272059169	chefmingtsai	Ming Tsai	38284
21764726	laurenbeley	Lauren Beley	541
607784127	JaimeCostilow	Jaime Costilow	298
2749892269	georgezimmer	George Zimmer	3617
85332821	AmericasPromise	America's Promise	15197
101766148	timarmstrongaol	Tim Armstrong	7968
20261503	michaelfranti	Michael Franti	72616
2244340904	Recode	Re/code	166116
22330918	johnbrunswick	John Brunswick	999
2441768893	KeithBlock	Keith Block	1267
14656296	ruslansv	Ruslan Belkin	13199
66780587	awscloud	Amazon Web Services	217316
871991101	2SmallToFail	Too Small to Fail	33527
22866433	ttaulli	Tom Taulli	2029
1733504228	PabuSF	PabuSF	752
234226519	StevoLoughlin	Steve Loughlin	1462
52766391	adamtevans	Adam Evans	357
358013667	relateiq	RelateIQ	8230
266614863	amchamfrance	AmCham France	1272
1696264026	hofbrauhausnews	hofbrauhaus news	134
1449650078	berluti	Berluti	2944
14941975	Zendesk	Zendesk	63476
2359932888	PauleSFDC	Pauline Dufour	328
122095969	annabratton	Anna Bratton	1327
73606942	celineblanc	Cline Blanc	127
124889380	DJNatMorel	Nathalie Morel	1008
2249203393	UKTradeMinister	Rt Hon Francis Maude	3759
74203384	katiasav	Katia Savchuk	1765
122346083	kleinmannemma	Emmanuelle Kleinmann	686
3291691	chamath	Chamath Palihapitiya	27910
52454797	SalesforceUX	Salesforce UX	6867
2382117350	Deese44	Brian Deese	25171
140118545	Queen_UK	Elizabeth Windsor	1271249
2195617326	louiscastel44	Louis Castel	6230
10324752	smccorkle	Scott McCorkle	4842
14364194	kyleporter	Kyle Porter	6120
497487234	LocalATLast	Tami McQueen	5820
42997797	grevealyssa	Alyssa Greve	1596
382685028	SRuhle	Stephanie Ruhle	25999
1041991	uzisho	Uzi Shmilovici	1594
20571756	satyanadella	Satya Nadella	434211
59049313	iheartcarrie	Robert Scott	3232
31784030	weigu	Wei Gu	9702
512487818	TheOneTBrown	Tyler Brown	133
259448264	kelseyplatt	Kelsey Platt	241
33119748	mplusj5	melissa jewison	682
472472128	JamiePerrySFDC	Jamie Perry 	200
1851917652	lynnebenioff	Lynne	2
19637934	rainnwilson	RainnWilson	4102172
61037322	winetrain	The Wine Train	5497
355013686	KiraDevi	Kira Devitt	994
43383705	springsteen	Bruce Springsteen	695056
47468783	andrew_sf	Andrew Hill	2558
251229463	Soxxysocks	Soxxy	624
286799379	Ryanjkam	Ryan	518
15868970	BevanDufty	Bevan Dufty	4512
130949223	sfsociale	Sociale 	124
216104904	CaffeSocialeSF	Caffe Sociale SF	48
14453582	VXFlyer	Benjamin Eye	375
8839632	NBCNightlyNews	NBC Nightly News	446303
18243006	pndblog	PhilanTopic	36450
44416854	JohnVaillant	John Vaillant	2376
19560636	SFBusinessTimes	SF Business Times	26413
17069227	SFBTPatrickHoge	SFBTPatrickHoge	2750
23076511	jonsteinberg31	Jon Steinberg	1952
30068744	sanfranmag	SanFranciscoMagazine	66565
183332091	heatherbowerman	Heather Bowerman	334
954912816	LVhanley	Lauren Hanley	43921
8453452	GuyKawasaki	Guy Kawasaki	1453515
13418072	stevesi	Steven Sinofsky	34913
85347455	KenGoebel	Ken Goebel	632
35029841	audraliron	Audra Liron	316
34998957	erikrking	Erik King	122
204832963	TheTweetOfGod	God	1970004
30261067	CNET	CNET	982326
249842778	percolate	Percolate	27892
14689894	jill_rowley	Jill Rowley	25183
33999013	petereavis	Peter Eavis	4392
388403774	vedpari	Parinitha Vedpathak	56
551350118	emwondo	Emily W	98
19418459	JerryBrownGov	Jerry Brown	1048186
17499394	joegarofoli	joegarofoli	4470
168282354	BillRuh_GE	Bill Ruh	3687
38428259	Silviamerrill	Silvia Wagner	261
16379018	alroker	Al Roker	393937
185930713	SahraSays	Sahra	665
937832288	WiseManSi	Wise Man Si	889233
758485700	FoodFeedDaiIy	Food	65233
275787029	AshleyBSnyder	Ashley	263
180240355	LangstonJessica	Jessica Langston	987
807095	nytimes	The New York Times	16962532
90484508	GovChristie	Governor Christie	527716
122994639	WilliamJHague	William Hague	273929
25096909	vika22	Victoria Gomelsky	4370
210703032	mikaxxxxxxxxx	Mika X!! 	765
16957088	ArizonaBiltmore	ArizonaBiltmore	9813
34414650	the_phoenician	The Phoenician 	7568
75896448	DMiliband	David Miliband	198235
46008484	WildAider	Tod Bensen	16
26883683	figuerescr	Jose Maria Figueres	24470
16351993	nicole_amber	Nicole Lampe	919
374284492	Economist_WOS	World Ocean Summit	2360
783590383	VasLesChicago	Vas	220
16165441	larahedin	Lara Hedin	1085
26303602	RumiQuotes	Rumi	280279
14850840	dailyzen	Daily Zen	202632
221098649	laurenolerich	Lauren Olerich	751
15808647	techreview	MIT Tech Review	397657
16644993	ericakuhl	ericakuhl	4714
69255422	montebourg	Arnaud Montebourg	281587
38021678	fleurpellerin	Fleur Pellerin	247118
2193473774	AshrafRayani	Ash Rayani	296
196925561	flea333	Flea	1082396
25338834	jmegibson	Jamie Gibson	120
19707850	RichTaylorBBC	Richard Taylor	6132
317403501	katidahm	Kati Dahm	1064
16002567	gcolony	George Colony	15063
7712452	forrester	Forrester Research	314526
43911419	emarwell	Evan Marwell	273
949934436	TomSteyer	Tom Steyer	10798
874352258	alinaptweets	Alina PoniewazBolton	302
10952962	obrien	Chris O'Brien	19329
383671566	ReemMouazzen	Reem M.	276
817257997	WhoStu	Stuart Lauchlan	577
21576543	tfadell	Tony Fadell	44206
623242880	janemariechen	Jane Chen	1584
41245878	embracewarmer	Embrace	7270
191849753	HelenClarkUNDP	Helen Clark	87003
19868934	celinecousteau	Celine Cousteau	19397
19904685	kuminaidoo	Kumi Naidoo	31746
495088169	OrcaSOS	Orca SOS	22282
1900694785	CarolineKennedy		98815
556297194	CoveGuardians	Cove Guardians	52385
2218631923	SirensForTheSea	Sirens for the Sea	600
14055301	SavetheChildren	Save the Children US	1251344
11695472	Oxfam	Oxfam International	665889
117484983	Graham_Journal	Graham Thomson	5173
20562637	businessinsider	Business Insider	1088134
14802885	Kelly_Evans	Kelly Evans	50700
7401202	pmharper	Stephen Harper	803409
16893742	ksimm	Kristina Simmons	5388
14158830	brandee	Brandee Barker	49120
1300511785	TheBatterySF	The Battery	1004
21724233	SheilaYM	Sheila Marikar	3975
21810821	dianebrady	Diane Brady	4727
515833127	CIOJournal	CIO Journal	7737
23222340	MissBigelow	Catherine Bigelow	1865
70746464	leahgarchik	Leah Garchik	4216
257749682	kowthajanaki	Janaki Kowtha	634
146443183	amanda_leet	Amanda Leet	767
23106962	patterson_sarah	Sarah Patterson	462
21542518	PaulRieckhoff	Paul (PJ) Rieckhoff	26939
23073093	ShelleyLaps	Shelley Lapcevic	299
18944486	hannahkuchler	Hannah Kuchler	6760
14445775	BrittMichaelian	Britt Michaelian	96781
257972992	steph_ann_coop	Stephanie Cooper	58
251584721	UCastellotti	Ursula Castellotti	420
393152486	AllyRamser	Ally Ramser	5433
876452395	mobile_sarah	Sarah Bennett	68
348200451	crmsalesgem	Jennifer Wobser	2213
179144078	Nyanpbuzz	NY Naturopathic	567
65707359	ShuttleCDRKelly	Mark Kelly	94812
478180114	sarbear38	Sarah Costello	462
15155074	PearlJam	Pearl Jam	2859513
186565507	MCDS_Athletics	MCDS_Athletics	45
849792151	MCDSart3_4	MCDSart3_4	28
121182383	mcdslrc	MCDS LRC	93
222165595	alicemoore88	Alice Moore	300
1855318165	GoBurkes	Burke's Athletics	74
1723371866	BurkesHead	Michele Williams	214
89578063	BurkesSchool	Burke's	275
139845509	marincountryday	marin country day	451
850107536	codeorg	Code.org	141425
1158918746	ChimeforChange	Chime For Change	78763
113130846	ycombinator	Y Combinator	271925
5418912	collision	John Collison	15659
4939401	patrickc	Patrick Collison	25711
16896485	Inc	Inc. 	1290925
1131917492	HouseJudiciary	House Judiciary Cmte	3711
18891923	EricCantor	Eric Cantor	228703
185408277	JackKornfield	Jack Kornfield	54148
2228684436	Heatherdethmers	Heather Dethmers	208
763934	cwood	Charlie Wood	1581
24614045	myfunykids	Tracie	14
25234693	jennhanin	Jennifer Hanin	6139
15392057	johnrrymer	John Rymer	6637
529410901	catperezsays	cat perez	607
2210837096	HealthCareLove	HealthCareLove	235
67375377	GoebelJulia	Julia Goebel	2066
217165904	JessSeinfeld	Jessica Seinfeld	65657
6548072	tet3	Thomas Taylor	1589
42587892	prtkgpt	Prateek Gupta	538
31179862	Polaris_Project	Polaris	35336
26787673	CocaCola	Coca-Cola	2980470
117789943	StanleyBlkDeckr	StanleyBlack&Decker	2335
55586523	NEBiolabs	New England Biolabs	3162
2205970009	BenioffsShoes	Benioff's Shoes	420
222846492	pzinsf	Peter Zan	62
14478614	JeffElder	Jeff Elder	101801
47724639	kendallsf	Kendall Thornton	2248
2192945588	fk_AndyJassy	Andrew M.F. Jassy	598
149993274	apldeap	apl.de.ap	289199
10671602	PlayStation	PlayStation	6816814
549848877	RefreshApp	Refresh, Inc.	11542
21866534	ClimateGroup	The Climate Group	80877
360282270	nextgen_usa	Next Generation	5160
937779144	Health_eHeart	Health_eHeart Study	934
336116660	JerrySeinfeld	Jerry Seinfeld	2847674
105912240	jimsteyer	Jim Steyer	1815
300878435	Dilbert_Daily	Scott Adams	11509
1282705699	Salespointapp	Salespoint Sales CRM	1246
161901500	Nobuyuki_Idei		24154
29738618	slaby	Michael Slaby	7249
1575495853	hagisuke1853		29
134984459	AnishaHayashi	Anisha hayashi	204
156556522	redbearcandy	sara	107
1497	harper	harper	30437
14592008	EckhartTolle	Eckhart Tolle	399626
1636590253	tim_cook	Tim Cook	1205492
319491964	HalGregersen	hal gregersen	2143
113381235	INSEAD	INSEAD	33050
170039401	UniteHereLocal2	UNITE HERE Local 2	1937
372575989	TwitterForNews	Twitter for News	1578299
95731075	safety	Safety	2392912
1411434049	eventparrot	Event Parrot	31302
17839398	KenRoth	Kenneth Roth	115080
52508768	peterschwartz2	Peter Schwartz	1613
1023020557	SecSebelius	Kathleen Sebelius	38551
28161405	BoobsRadley	Julieanne Smolinski	158588
161801527	melindagates	Melinda Gates	732074
10677292	fahadkhan	Fahad Khan	927
50193	hughcartoons	Hugh MacLeod 	46176
19697415	billmaher	Bill Maher	3038751
3226561	davidsze	David Sze	18398
107225267	sapinker	Steven Pinker	180213
16689439	dahersh	David Hershenson	806
13388932	ChurchillClub	ChurchillClub	5651
21786618	billmckibben	Bill McKibben	152052
14559745	WorldResources	World Resources Inst	107929
3459051	Greenpeace	Greenpeace	1355470
16958346	ClimateReality	Climate Reality	210763
17469492	CFR_org	CFR	227792
1374613100	KLowerSFDC	Kristen Lower	148
10324882	sweetlew	Lew Cirne	4098
112880396	TWistartups	ThisWeekinStartups	15284
66284191	midwayjourney	Midway Journey	3979
42980426	RI4A	RI4A	18766
266182223	EmCollective	Emerson Collective	2272
14700316	hrw	Human Rights Watch	1874658
1353802260	Presidency_Sy	Syrian Presidency	16640
14813573	happel	Christian Happel	1112
28050976	adamgazz	Adam Gazzaley	1719
23103448	SFWater	SF Water Power Sewer	10545
7902312	danlub	Daniel Lubetzky	2170
17573212	thichnhathanh	Thich Nhat Hanh	296687
43464948	BabaRamDass	Ram Dass	119296
86012459	implicitweet	Dianna Cohen	2079
327698038	DRussoInnovate	Daniella Russo	993
131789595	ONELONEDOLPHIN	Di Chadwell	1789
71310291	PlasticPollutes	Plastic Pollutes	18258
20928893	debbiebere	Deborah Berebichez	14183
15764644	NancyPelosi	Nancy Pelosi 	602108
18994034	ashleymayer	Ashley Mayer	9875
15281391	TheStreet	TheStreet	177006
31165657	DrMonaLisa2	Dr. Mona Lisa Schulz	20836
86879744	donMiguelRuiz	don Miguel Ruiz	68227
7805232	niravtolia	Nirav Tolia	4517
24457607	hayesmetzger	Hayes Metzger	56
1074780776	brandcastapp	Brandcast	380
1534167900	Carl_C_Icahn	Carl Icahn	220453
21722690	kboysen	Katie Boysen	578
168272243	katekohlbrenner	kate kohlbrenner	687
56570125	HawaiiFreePress	Hawai`i Free Press	7727
31186324	SteveMoForce	SteveMo	1688
30461936	jarrodmichael	Jarrod Kingston	1285
612059578	aagarwal	Ankit Agarwal	231
486092588	waywire	Waywire	18233
233364902	Atul_Gawande	Atul Gawande	129913
73351308	MercyShipsSA	Mercy Ships S/Africa	385
16691049	kathyireland	kathy ireland	125510
1624732933	UCSFChildrens	UCSF Benioff SF	7295
60642052	VentureBeat	VentureBeat	500911
14162990	ClintBoulton	Clint Boulton	3832
19058681	aplusk	ashton kutcher	16918186
27260086	justinbieber	Justin Bieber	64256443
16046824	kategreer	Kate Greer	2841
45135625	PangInTheHale	Gordon Y.K. Pang	2984
1262059652	__TNH	The Network Hardware	77
64679752	druadh20	David Roe	1398
296453816	LAAF	Arrillaga-Andreessen	9586
24167314	PaulGAllen	Paul Allen	156825
860153124	MCHUCLA	MattelChildrensUCLA	1051
113104625	UCLAPedsCan	UCLAPediatric Cancer	287
75263523	Sprinklr	Sprinklr	23590
14378113	DanielPink	Daniel Pink	327559
14766188	janine_renee	Janine Renee	2670
279655508	Tibetans	TIBET	17339
24745150	GregUhrik	Greg Uhrik	263
38179894	nmyellowbug	Nikki Mitchell	174
32003235	Slow_News_Day	Patrick Flanary	951
32459031	GAChildrens	ChildrensHospitalGA	2750
82173415	EastTNChildrens	Children's Hospital	8148
40927068	CincyChildrens	Cincinnati Childrens	15699
25350830	GilletteChildrn	Gillette Children's 	4556
15482283	DaytonChildrens	DaytonChildrens	7595
19666958	allchildrens	AllChildrensHospital	5195
24169451	ChildrensMercy	Children's Mercy 	12024
40927496	MUSCkids	MUSC Children's Hosp	6122
151908676	ChildrensRVA	Children'sHospVCU	3627
73136543	Duke_Childrens	Duke Children's	3504
17918663	latimeshealth	L.A. Times Health	397842
28160998	WSJhealth	WSJ Health News	493212
1769551	NYTHealth	NYTimes Health	852147
13787352	NPRHealth	NPR Health News	633045
24236494	ClevelandClinic	Cleveland Clinic	386488
20450454	LeBonheurChild	LeBonheurChildren's	9394
27151668	helpkids	Boston Children's	6684
19559031	dchstx	Driscoll Children's	4268
38019242	MFCHatWMC	MariaFareriChildrens	4493
33662052	childhealthwi	Children's Hospital	13810
29510771	MiriamHospital	MiriamHospital/Nancy	3375
16322617	archildrens	Arkansas Children's 	11471
17547367	childrenshealth	Children's National	28087
73444381	ChildrensPgh	Children's Hospital 	14868
120165462	ChildrensPhila	Children's Hospital	28974
55657699	hospitals4kids	Children's Hosp Assn	7427
40918963	Nicklaus4Kids	Nicklaus Children's 	22466
93888363	dellchildrens	Dell Children's	3750
31205448	HopkinsKids	Hopkins Children's	6732
72626765	chnola	Children's Hospital 	5141
18995166	Hospital4Kids	UCSF Benioff Oakland	12962
31859256	HasbroChildrens	Hasbro Hosp/Nancy	6137
44965855	UMMCChildren	UMMC Children	2496
28889083	Blythedale	Children's Hospital	8158
31214311	ChildrensMN	Children's Minnesota	13058
19405603	LurieChildrens	Lurie Children's	13706
37706358	ChildrensAL	ChildrensAL	9271
24219192	ChildrensColo	Children's Colorado	16099
15393700	TexasChildrens	Texas Children's	16747
16115979	seattlechildren	Seattle Children's	53025
36457613	CareForKids	Valley Children's	13761
20990717	CookChildrens	Cook Children's	9865
27040227	BannerChildrens	Banner Children's	4741
15755974	ChildrensTheOne	Children's Dallas	17257
21410791	PhxChildrens	Children's Hospital	21732
18742667	StanfordChild	Stanford Children's	11139
23006082	ChildrensLA	Children's Hosp LA 	23483
21095229	VUMCchildren	Children's at VUMC	10898
48715988	BostonChildrens	Boston Children's	34939
14601237	BaskinRobbins	Baskin-Robbins	136686
32337513	hcl21	Hoi Lam	1085
14669471	csoghoian	Christopher Soghoian	44672
20733756	MegWhitman	Meg Whitman	234868
12460982	ldignan	Larry Dignan	23956
15597251	DaleCarnegie	Dale Carnegie	95844
86269324	numberfourag	NumberFour AG	547
64862896	UCSFMedicine	UCSF Medical School	7732
64842699	ucsfosher	UCSF Osher Center	2501
115490380	UCSFHospitals	UCSF Medical Center	24857
161023696	NTSB	NTSB	99355
6611482	peterpham	Peter Pham	22517
22503430	Eunner	David Eun	19605
18993395	abc7newsBayArea	ABC7 News	168607
506221742	Upstart	Upstart	5516
8834882	jessiwrites	Jessi Hempel	27765
83587284	SteinwayAndSons	Steinway & Sons	18238
4787841	Michael_Curator	Michael Hickins	2398
35701040	mlevram	Michal Lev-Ram 	6511
53066734	ElliottGotkine	Elliott Gotkine	2982
71489644	oceanplastics	Ocean Plastics	6413
15754037	gigib1	gigib1	276
35549780	OceanChampions	Ocean Champions	28708
44442099	theoceanproject	The Ocean Project	44216
33248363	SylviaEarle	Sylvia A. Earle	50294
119521385	MissionBlue	Mission Blue	62110
231500731	OceanElders	OceanElders	4585
47913878	Croatia_hr	Love Croatia	25606
1339835893	HillaryClinton	Hillary Clinton	3583300
757303975	ChelseaClinton	Chelsea Clinton	849317
1330457336	billclinton	Bill Clinton	3586638
25786066	GaryLauder	Gary Lauder	192
347358617	edlaperche	Ed LaPerche	41
21099410	smcadams	Steve McAdams	17
67659373	latitude20	dodie macarthur	151
548501848	EddieMPayPros	Eddie Myers	61
487253140	SalesforceEng	@SalesforceEng	5670
27629961	IsraelNewswire	Israel News Network	8319
17596467	RussBaer	Russ Baer	363
1301459004	dakaka2	Daniel Akaka Jr.	46
16446667	messiahspike	messiahspike	13
856415299	williamcasio1	williamcasio	6
8468632	greentechlady	Heather Clancy	9632
272776767	malingiddings	malin giddings	106
964641	pgillin	Paul Gillin	13326
535860895	alexand43891521	alexander	16
75795163	davewalsh14	Dave Walsh	291
737016248	RobertAFThurman	Robert Thurman	2163
128978487	DineshVadhia	Dinesh Vadhia	43
20952222	timwestergren	Tim Westergren	14375
15168594	amhess	amhess	201
139092644	udaeiji		4777
6664	rafer	Scott Rafer	5098
1214605939	LynnMReedy	Lynn Reedy	38
14623798	owenv	owenv	153
683573	bartd	bartd	1594
25462965	tim_stanley	Tim Stanley	152
72751829	RiddimRibbon	Riddim Ribbon	459
44791285	Jamescitrin	James Citrin	1153
769552705	DidiSergey	 	35
254136706	CoryTV	Cory Johnson	24345
19641155	lloydsilver	Lloyd Silver	978
150839208	tonyzingale	Tony Zingale	3585
16657026	srs321	srs321	76
29201721	claico	David Claiborne	176
90856967	pierreli	Pierre Liautaud	40
132992098	KMurphySF	Karen Murphy	341
1137944023	RobertFisherMD	Robert Fisher MD	22
16441421	aimeegolant	aimeegolant	260
761827375	BillhWilliam	william hambrecht	15
55430564	c_barbin	Chris Barbin	1617
229204166	cbassistant1234	Testing Only	22
154517969	17668s	Dushyant Maheshwari	64
9489	mmangano	Mark Mangano	700
113506730	charlie7059	Charlie Malet	45
29231580	gtkrucik	George Krucik	48
201308008	SunshineHelico	Linda Jones	23
12077672	trivc	Rob Schultz	1465
42233179	alvarodrigueza	Alvaro Rodriguez A.	53154
522358044	rishi1022	Deepak Chopra	318
216746124	marvinklewis	Marvin Lewis	7
126896821	ullmanme	Myron Ullman	136
474392092	AmbrBaxter	Frank Baxter	113
366980882	yogarose29	yogarose29	28
15109693	RichardWaters	RichardWaters	4513
560808701	DrCharlyn	Dr. Charlyn Belluzzo	27
509	jerrymichalski	Jerry Michalski	9005
437134302	mobo234	Mobolaji dDomingo	16
192579441	nstevenlucas	Steve Lucas	8423
15526652	user2452390	user2452390	95
26404205	tehogan43	Tom Hogan	27
294298728	aaronalter1	aaron alter	42
212103737	kukio1	barry sholem	61
41038185	mrsandhill	MR Rangaswami	594
513695363	SusanDell	Susan Dell	92
16699232	RickBennett	RickBennett	237
74056090	CindiPardini	Cindi Pardini	611
24761471	toppundit	David Dobrin	1583
251319716	JimMichaelGreen	Jim Green	24
135293064	bobbirebell	Bobbi Rebell	2943
1197354643	StantonSugarman	Stanton Sugarman	252
386096639	david_keil	David Keil	4
123192459	teddyrocks	Teddy Russell	15
193485031	ericschmidt123	joe hernandez	26
381242712	MullensPR	Mullens PR	650
137295179	Ousephthomas	Ousephthomas	6
346257494	danny2349	danny 	7
16614528	BobFern	Bob Fernekees	123
223110908	RajanAnandan	Rajan Anandan	14011
460593762	annewoj23	Anne Wojcicki	2356
334242155	DrGundry	Steven Gundry	221
221769336	GSodes	Greg Soderberg	45
110089038	noridanoridauu	U	15
26029320	cwigell	Carter	58
160561371	judithgshapiro	judith shapiro	12
6897642	ramusunkara	Ramu Sunkara	114
158418257	eegreg13	Greg Jensen	8
174079666	Dorizee	Dori Zelikovsky	36
56640837	mattocko	Matthew Ocko	5183
16723958	caseycoleman	caseycoleman	7755
588624075	helling3	tom helling	13
287474253	MilesJohnR	John Miles	50
53187050	jennifermapple	Jennifer Mercer	387
491815739	JonathanRRicard	Jonathan	66
10653602	jonmedved	Jon Medved	4180
269599140	mikeAECOM	Mike Burke	80
304824217	shige_supra	shige	15
375457214	hlpconsultant	Heather Pietsch	77
378074544	bonnierad13	Bonnie Radojevich	14
384973758	ScottKolar1	Scott Kolar	27
321509524	Paul_Clemmons	Paul Clemmons	636
232374881	ivyross27	ivyross 	72
18559243	adrianscottcom	Adrian Scott	547
198610057	kweihwa	Louise Chen	27
86382063	ScottDorsey	Scott Dorsey	11435
15237382	tilenius	Eric Tilenius	1282
55232338	largeburrito	Chris Lewis	3352
16788030	wtnmike	wtnmike	174
483309551	_itsRAYNAAAA	Raynaaa(:	47
376110207	JohnLDouglas	John Douglas	744
20515530	AspenArjun	Arjun Gupta	593
785194693	shari_simon	Shari Simon	24
49733779	krspiro	Ken Spiro	369
138769813	summitcreek	polly sumner	349
46427968	laurapav	laura pavlovich	68
14329404	laurapauli	cucina testa rossa	449
308688775	richardsperber1	richard sperber 	41
169079792	adnederlof	ad nederlof	68
478442608	Founders1stFund	Steven Lurie	69
10123232	MuseeInfo	Muse Informatique	3892
45413049	LarryBh	Larry Bar...	53
388007988	rogerchoplin	Roger Choplin	17
330350236	DBGTB	Daniel Marovitz	12
18200139	shaunaswerland	shaunaswerland	319
492554619	godfreysulliva2	godfreysullivan	34
355805816	saludwi94062	Sandra Thompson	16
1372540585	kitlucemac	HChristopher Luce	4
1416196092	MelScheinman	Mel Scheinman, MD	114
53699964	LAWeightLoss	LA Weight Loss	12383
164043817	YoshikiOfficial	Yoshiki	302500
37555717	xbrlfilings	SEC's XBRL RSS Feed	596
1127107230	ChrisMoriates	Chris Moriates	1191
737848638	LegendSteveJobs	Steve Jobs	101254
12266442	JanelleMonae	Janelle Mone, Cindi	615882
210216171	DrNaiman	Rubin Naiman, PhD	1997
624983768	UCSF_Synapse	UCSF Synapse	512
1357297410	MeForYouOrg	Me For You	427
45438133	mkeithley	Michael Keithley	1138
138482762	DrYalow	Dr. Elanna Yalow	151
224833160	presidiosf	Presidio of SF	2467
16228398	mcuban	Mark Cuban	3043775
50055701	MittRomney	Mitt Romney	1636190
16232843	HuffPostComedy	HuffPost Comedy	160006
423460567	CrownPrincessMM	HRH Mette-Marit	108279
15283599	CiscoIT	Cisco IT	74647
14342000	rachelking	Rachel King	7755
30313925	WhiteHouse	The White House	6272223
5392522	nprnews	NPR News	3622454
14075928	TheOnion	The Onion	7526784
742143	BBCWorld	BBC News (World)	10077771
1652541	Reuters	Reuters Top News	7113521
16953251	kevingespinosa	Kevin G Espinosa	1879
137454693	Digital_Gov	DigitalGov	34655
34624655	MikeWolf	Mike Wolf	1285
19185333	bostonpolice	Boston Police Dept.	323335
27368199	IyanlaVanzant	Iyanla Vanzant	829440
83604083	lennardzinn	Lennard Zinn	4502
607579474	T_H_E_18	unknown	785
35096740	NationBuilder	NationBuilder	15292
17008203	NetSuite	NetSuite 	546095
183749519	paulg	Paul Graham	248047
62036251	wayneshurts	Wayne Shurts	2418
331455151	msevillatweets	Manuel Sevilla	933
19180334	sonny_h	Sonny Hashmi	3351
15231287	Gartner_inc	Gartner	259596
21959255	guyoseary	Guy Oseary	135784
242153407	Allisonville	Allison	309
12798452	erickschonfeld	Erick Schonfeld	76616
839321	charleneli	Charlene Li	99732
212139804	Canon	Canon Inc.	26232
70995170	CatholicCSF	Catholic Charities	718
14439813	wnd	wendy clark	52338
104604540	EPFL_en	EPFL	10566
14614188	DenisPombriant	DenisPombriant	5107
41626400	dealarchitect	Vinnie Mirchandani	5243
293633237	thefriley	Sarah Friar	1847
66799471	Desk	Desk.com	69177
17844641	SkiNorthstar	Northstar California	22052
36082429	jack_welch	Jack Welch	1453495
230816918	m_meinhardt	Michael Meinhardt	720
81261314	scottwyancey	Scott Yancey	179
50940456	kaifulee	Kai-Fu Lee	1371719
37233880	Judith4AU	Judith Cothran	555
378310451	edgilligan	ed gilligan	2426
633813576	vickyconsult	Vicky Skuja	190
427900496	SueDHellmann	Sue Desmond-Hellmann	17420
77394327	AlanWattsDaily	Alan Watts	54383
1093090866	FLOTUS	The First Lady	2027823
20097362	nbcbayarea	NBC Bay Area	87868
59049243	dougino	Doug Bewsher	779
10268122	vsikka	Vishal Sikka	34166
42826771	aneelb	aneel bhusri	13389
52381515	tibbr	tibbr	5005
13298072	TeslaMotors	Tesla Motors	615477
219433627	ricadela1	Aaron Ricadela	665
17006157	NYTimeskrugman	Paul Krugman	1357352
19506790	sherylsandberg	Sheryl Sandberg	168904
14225267	drewhouston	Drew Houston	124755
14749606	Dropbox	Dropbox	4052557
155285247	thegrizzlylabs	The Grizzly Labs	685
202886242	asana	Asana	45369
24791391	msnapper	Marissa Snapp	616
16049723	Yammer	Yammer	60985
200176600	todd_park	Todd Park	26356
121539516	aneeshchopra	Aneesh Chopra	19714
4970411	AJEnglish	Al Jazeera English	2415165
19394188	SenJohnMcCain	John McCain	1960882
388472830	JedYork	Jed York	102389
14851897	douglobb	Douglas Menefee	2079
760141154	CCI_INTL	CloudCoaching Intl.	1667
15808765	CoryBooker	Cory Booker	1552627
100292002	SAPCommNet	SAP CommunityNetwork	53279
6730222	hblodget	Henry Blodget	124880
378223565	sparker	Sean Parker	420633
18228898	johnlegend	John Legend	6955858
240131640	morganelhostis	Morgane L Hostis	677
16319022	NickDunnCNBC	Nick Dunn	8206
102700680	Davos	World Economic Forum	336734
43403778	49ers	San Francisco 49ers	928659
299800115	_Happy_Gilmore	Happy Gilmore	459664
280582344	angelcandice	Candice Swanepoel	1025178
185260477	BarRefaeli	Bar Refaeli	771501
59145948	NYTimesDowd	Maureen Dowd	140904
141869393	ALT_The_Younger	Andre Leon Talley_Y	159
118780654	OfficialALT	Andre Leon Talley	186050
18645961	antonwahlman	antonwahlman	546
1032290077	sandyhook	Sandy Hook Promise	15004
19682187	JulianCastro	Julin Castro	64366
24266406	JBoorstin	Julia Boorstin	24636
19197744	Femforce	Cathy Basen	65
21175707	Kalieezchild	Jody Radzik	1098
65570828	edrneelesh	Neelesh Bhandari MD	3613
14833413	salesforceQueen	J. Nicole Alford	1932
281809469	Oahu_DEM	Oahu DEM	3552
1000262514	SeinfeldToday	Modern Seinfeld	847389
14130784	randizuckerberg	Randi Zuckerberg	168124
21693060	cschweitz	Callie Schweitzer	60946
216299334	piersmorgan	Piers Morgan	4455052
57145894	joshuafoer	Joshua Foer	7893
31267919	svangel	SV Angel	13276
764169991	UCSFUrology	UCSFUrology	425
17110946	singhns	Narinder Singh	6182
476256944	SenFeinstein	Sen Dianne Feinstein	54366
18603364	GoodCRM	Good CRM	6291
12697902	destinationCRM	destinationCRM	9141
14631178	OracleCRM	OracleCRM	16253
18948761	MSDynamicsCRM	MicrosoftDynamicsCRM	28981
20263610	sapcrm	SAP CRM	23878
20419464	CRM	CRM	20464
75974281	SamuelLJackson	Samuel L. Jackson	4980608
455644930	Pernod_Ricard	Pernod Ricard	9958
894057794	BigDataGal	Lillian Pierson, PE	21589
461716318	KatieKutzer	Katie Kutzer	116
38952976	romijordan	romi jordan	158
42671211	appexchange	AppExchange	46903
13520882	ddebow	ddebow	5096
86405563	mkawamura	Mine Kawamura	107
205967864	ShootTokyo	Dave Powell	5818
50232455	hit4tni		3185
71359840	Clinique	Clinique	246114
492927948	salesphorce	Ada Lovelace	40
17811812	serwer	andy serwer	3646
34505633	PeterGuber	Peter Guber	36351
740216334	psy_oppa	PSY	3979005
9695312	billboard	billboard	2713626
17062849	tomstandage	Tom Standage	18067
275686563	verge	The Verge	894208
406255275	PresidentPeres	Shimon Peres	57924
196405628	stein_nick	Nick Stein	13401
15469101	EvelynRusli	Evelyn Rusli	38116
24789175	JamesFallows	James Fallows	72197
126424795	StarAdvertiser	Star-Advertiser	35617
813286	BarackObama	Barack Obama	59779415
110415837	FauxJohnMadden	Faux John Madden	239991
15076390	Padmasree	Padmasree	1604246
37259802	SFTOYOTA	San Francisco Toyota	1431
19970874	PeterAceto	Peter Aceto	16547
16581604	MikeBloomberg	Mike Bloomberg	724073
15184804	Emergency_In_SF	Emergency_In_SF	31057
400993871	ScanSF	ScanSF	1328
774393817	NewsBreaker	NewsBreaker	86639
55918282	rshiva	ray chambers	824
17220934	algore	Al Gore	2774137
14600116	johnbattelle	John Battelle	277911
3475	davemorin	Dave Morin	453502
16242081	bhorowitz	Ben Horowitz	178800
783214	twitter	Twitter	39864448
14800270	HarvardBiz	Harvard Biz Review	2078019
6017542	BreakingNews	Breaking News	7581224
14110671	ryanallis	Ryan Allis	95226
23234010	RickSher	Rick Sherlund	383
434360602	sstledger	Susan St. Ledger	419
102289825	professorsasi	Professor Sasi	118
380183100	YehudaFerris	Yehuda Ferris	89
26885955	MarkNewhall	Mark Newhall	240
112310624	carlyeadler	carlye adler	917
39403750	GunnerBrown	Andy Brown	466
376469909	josheac	Josh Greenbaum	2078
151893526	LobsangNyandak	Lobsang Nyandak	507
19990106	AlSaracevic	Al Saracevic	1818
16367208	Gail_Goodman	Gail Goodman	8717
6729722	cbruzzo	Chris Bruzzo	1000
16523795	tientzuo	Tien Tzuo	2939
26894723	martenmickos	Mrten Mickos	15947
14885734	stevehamm31	Steve Hamm	4348
20551702	jnovogratz	Jacqueline Novogratz	521627
353737617	SallieKrawcheck	Sallie Krawcheck	31019
71456721	lisajoyrosner	Lisa Joy Rosner	4975
396680979	John_Wookey	John Wookey	600
23386500	jaredemiller	Jared Miller	2939
15272315	robcheng	Rob Cheng	1843
310413095	TooSaaSy	Salesforce SaaSy	6490
8521542	SFGiantsFans	San Francisco Giants	167097
13126732	MikeGerholdt	Mike Gerholdt	7760
194867313	dr_coops	Matt Cooperberg, MD	2862
108615273	SCARImascari	Laura Mascari	162
1035491	ScottMonty	Scott Monty	108352
73224714	DeanOrnishMD	Dean Ornish, MD	28415
32600498	rossignol_1907	Rossignol 	24244
8856692	oow	Oracle Open World	3335
15347534	oracleopenworld	oracleopenworld	38756
26598593	danacarvey	Dana Carvey	138282
23396106	markfidelman	Mark Fidelman	34536
9527242	lebrun	Marcel LeBrun	18385
5988062	TheEconomist	The Economist	8679401
3108351	WSJ	Wall Street Journal	6406856
19422931	datadotcom	Data.com	15007
102993674	Lana_Shay_B	Lana Shay	7914
27365446	walterrogers	Walter Rogers	863
771525061	JeffImmelt	Jeff Immelt	29737
69615397	LouboutinWorld	Christian Louboutin	1605910
8161232	richardbranson	Richard Branson	5708142
15511379	forceDotMom	Brandy Colmer	3424
15749983	Cisco	Cisco	475209
451586190	rupertmurdoch	Rupert Murdoch 	578268
36438905	LifeSpanFitness	LifeSpan	4391
19734728	TrunkClub	Trunk Club	57464
28738205	FVeenendaal	Frank van Veenendaal	301
14086966	nmehta	nmehta	98
27470752	clarehart	Clare Hart	103
46933194	krilich	Mike Krilich	53
22338536	toddmckinnon	Todd McKinnon	3118
1137701	DavidSacks	David Sacks	39822
448205362	nd2t	Tom Berson	77
6036422	jimihendrixlive	Jim Breyer	13127
158527737	DrHalbrecht	Jeffrey Halbrecht MD	290
16725666	marilyngordon	Marilyn Gordon	4196
224158424	drlarryrand	Larry Rand	130
28513510	yoikawa	Yoshi Oikawa ()	890
21150703	carlbass	Carl Bass	9764
6385432	dickc	dick costolo	1500767
8885922	donal888	Don Clark	10429
473394264	MichelleForbes5	Michelle Forbes	79
180044668	H_Allison	Harvey Allison	77
356537689	SFDCAlex	Alex Dayon	2557
18704697	paulnakada	paulnakada	232
14558659	davidweiden	davidweiden	1383
525058171	GuyGecht	Guy Gecht	551
227217451	cloudbloggers	CloudBlog	311
251701506	adamscaplan	Adam Caplan	136
239210681	Bob_Wachter	Bob Wachter	8869
567581908	SuzanneDiBianca	Suzanne DiBianca	1636
5025521	dbmoore	Dennis Moore	4576
107046144	peteholbrook	Peter Holbrook	13721
703923734	salescloud	Sales Cloud	18506
22802666	SocialEnt_UK	Social Enterprise UK	35993
733751245	PRyan	Paul Ryan	650293
18916432	RepPaulRyan	Paul Ryan	445336
15651878	ladyantebellum	Lady Antebellum	2329094
107267818	petercoffee	Peter Coffee	9576
297047872	ChiliPeppers	Red Hot ChiliPeppers	1827787
89698202	RenSip	Renette Youssef	1692
375245154	ILLUMlNATI	ILLUMINATI	701893
32522114	MSDF_Foundation	MSDF Foundation	7685
5252591	bgurley	Bill Gurley	329168
90809993	Julianne0223	Julianne Boley	70
55581010	JoePoch	Joe Poch	408
15074271	jhynes1	Jane Hynes	1281
165503959	NEAVC	NEA	39211
193772058	pink94109	Elizabeth Pinkham	1056
27827545	zissimos	John Zissimos	2374
29944924	leeanndroid	LeeAnne Templeman	1465
145125358	SrBachchan	Amitabh Bachchan	14973245
43836840	SteveSSingh	Steve Singh	4201
119438726	jpacher	Julia Pacher	131
557944179	GavinonCurrent	Gavin Newsom Show	1652
178010364	BW_Tech	Businessweek Tech	6481
66862946	businessweek	Businessweek	6673
18072298	bweek	Businessweek	9694
67358777	BW	Businessweek	1039137
328689187	andeliis	Asseneta Deliiska	435
5558552	lazerow	michael lazerow	26211
16367816	socialdotcom	social.com	33134
61636488	DevalPatrick	Deval Patrick	27888
20348377	jeffweiner	Jeff Weiner	239201
16461246	FrankQuattrone	Frank Quattrone	9332
816653	TechCrunch	TechCrunch	5157284
44196397	elonmusk	Elon Musk	2160073
34743251	SpaceX	SpaceX	815426
256700716	pnemcova	Petra Nemcova 	47682
14888467	davidgura	David Gura	6200
25248183	jenhwang	Jennifer Hwang	119
52204197	dannyteng	Danny	73
5691842	bcfrancis	Bruce Francis	371
40355273	sugarbee8	christine yu	74
26565946	jtimberlake	Justin Timberlake	45733422
27677713	erictstahl	Eric Stahl	1185
26003401	patmcqueen	Pat McQueen	560
26916585	elaycohen	Elay Cohen	3373
343788163	EliseSFDC	EliseSFDC	174
19344411	michaelroth	Michael Roth	361
205883013	BethAldersonART	Beth Alderson	901
14936846	BoxHQ	Box	62442
7167892	kokasexton	Koka Sexton	44754
50418510	sfdc_nerd	Becka Dente	5357
15458694	HuffPostPol	HuffPost Politics	482062
849131	brandonleblanc	Brandon LeBlanc	12749
219122488	SagesScientists	Chopra Foundation	56304
86969027	JenGhere	Jen G Here	2602
325857498	julesbunim	juliana bunim	278
259725229	ValaAfshar	Vala Afshar	70672
44771048	RonConway	Ron Conway	79952
34155148	HugoSarrazin	Hugo Sarrazin	3134
248093522	TheDailyOWN	The Daily OWN	31156
18484314	FiskerAuto	Fisker Automotive	21201
17446359	bethcomstock	Beth Comstock	71103
384084915	MasterBlasterG	Gabriel Angelo	946
5697932	standers	standers	6370
65478139	USCThornton	USC Thornton	2473
102803242	USCCareerCenter	USC Career Center	7751
525168670	USCLondon	USC London	484
314222413	Larry_Jacobson	Larry Jacobson	2778
290097288	CallofDuty	Call of Duty	2758425
19265186	USCRossier	USC Rossier	4808
28220795	USCAnnenberg	USC Annenberg	14408
19809471	USC	USC	68161
193919217	USCeasc	USC EASC	511
15458277	UCSF	UC San Francisco	22569
14951852	pennington03	David Pennington	2233
146253818	fredstuder	Fred Studer	13025
26061564	guyweismantel	Guy Weismantel	756
27995645	MSFTConvergence	MSFT Convergence	32090
162656591	wdfalk	David Falk	185
86809502	cailen	Cailen D'Sa	941
19601625	joecrm	PowerObjects	2799
8132322	tomforemski	Tom Foremski	25772
8069572	shelisrael	shel israel	29038
58550415	charlierose	Charlie Rose	127223
17134268	CBSThisMorning	CBS This Morning	177885
397673792	hosain	Hosain Rahman	8037
17758878	LoriSpechler	LoriSpechler	4419
137460929	DeltaAssist	Delta Assist	188852
56377143	KLM	Royal Dutch Airlines	1753664
59157393	tomfriedman	Thomas L. Friedman	348667
21230617	resplendentlyme	Erica Stone Gilbert	8313
29833504	salesforcejobs	Salesforce #dreamjob	20822
20402945	CNBC	CNBC	1949800
73343428	fgloster	Fergus Gloster	537
246011592	ThePeninsulaBH	The Peninsula BH	5505
5968272	jeremys	Jeremy Stoppelman	209567
1159251	shervin	Shervin Pishevar	64035
103440209	roncbrown	DoBetter	153
271032080	KellyMcGraw7	Kelly McGraw	618
20449988	maitran	Mai Tran Green	3138
129284174	coventryinc	Jack Lindberg	402
42944430	DovSeidman	Dov Seidman	4656
15457017	Jon_Ferrara	Jon Ferrara	22126
76117579	SAP	SAP	155146
25053299	FortuneMagazine	Fortune	1697883
33515703	BillWeirCNN	Bill Weir	58350
28785486	ABC	ABC News	4203055
95151650	sjfeliceatdell	Steve Felice	1786
13416712	adamlashinsky	Adam Lashinsky	34759
202415747	TheRichardLewis	Richard Lewis	143718
30364057	SarahKSilverman	Sarah Silverman	6392661
14824849	SteveMartinToGo	Steve Martin	5994388
21131816	kevinpollak	Kevin Pollak	349416
274649460	BillyCrystal	Billy Crystal	558695
263292498	AlbertBrooks	Albert Brooks	593264
18327902	alexia	Alexia Tsotsis	157305
234489403	mayoredlee	Edwin Lee	35325
425876347	GitaInNYC	GitaB	77
151066829	JosephTrotta	Joseph Trotta	88
41866944	DrWeil	Andrew Weil, M.D.	618281
24606602	ericberridge	Eric Berridge	1962
823102	CRMFYI	Jeff Grosse	5602
74286565	Microsoft	Microsoft	6553784
418166852	linda_lingle	Linda Lingle	417
94618033	HappyHeartsFund	Happy Hearts Fund	5166
353898252	lingle2012	Linda Lingle	1576
332707501	DoWorkTogether	Do	9201
281163276	thetofuproject	The Tofu Project	511
914061	levie	Aaron Levie	149395
16916799	joshjames	Josh James	46609
427036400	LarsLuv	Lars Dalgaard	9854
26763420	Neilyoung	Neil Young	265800
22404415	headhntr	Morgan Mayhem	12491
19038395	mattbish	Matthew Bishop	53923
405735400	sf99er	OccupySF	835
397064308	OccupySFNews	#OccupySF News	751
19550479	TaraStiles	Tara Stiles	64071
248917209	hwinkler4real	Henry Winkler	445477
225570760	DT_Sports	Daily Trojan Sports	2588
10992962	levshapiro	levshapiro	1177
384448849	OccupyIowaCity	The 99%	1851
383264596	OccupyIowa	Occupy Iowa	2427
386571671	OccupySFMedia	Occupy SF Media	866
378522669	OccupyToronto	Occupy Toronto	14689
378163685	OccupySF	#OccupySF	21267
161368991	DanMSiegel	Dan Siegel	1884
31240434	WynnLasVegas	Wynn Las Vegas	596398
18986524	PaulSloan	Paul Sloan	3616
47539748	Bill_Gross	Bill Gross	141980
23188724	Ghonim	Wael Ghonim	1511681
22951148	trickybrit	trickybrit	171
392390107	occupyfredonia	Occupy Fredonia	215
106915715	OccupyJapan12	 OCCUPY TEPCO 	7157
19091173	scrowder	Steven Crowder	115240
14653680	BobSchwartz	Bob Schwartz	7287
54413573	GroundZeroUSC	GZ Performance Cafe	1953
74846423	USCHospitality	USCHospitality	945
37762728	CUatUSC	CU@USC	909
25383230	uscweb	USC Web	2923
41644309	mark_yudof	Mark G. Yudof	8159
141288664	USCDems	USC College Dems	371
385673973	USGeneralStrike	GeneralStrikeUSA	5420
37771355	sbmiller5	Scott Miller	608
377011275	ChicagoRising	Chicago Rising	40327
392890724	Occupy_Atlanta	OccupyAtlanta	1147
383558512	OccupyOakland	Occupy Oakland	45335
327760265	DavidAgus	David Agus	10017
287387396	dwhly	Dan Whaley	1009
15485441	jimmyfallon	jimmy fallon	25569742
366310755	bridgeconcert	BridgeBenefitConcert	1516
767396	ambermac	amber mac	101513
14313916	tobkin	Chris Tobkin	812
17686316	GlobalRabbi	Avraham Berkowitz	2814
203275928	cloudwordsinc	Cloudwords, Inc.	2319
346335527	Top25List	Top 25 Business Apps	1878
125824990	GeorgeHuSF	George Hu	4945
22302444	nicoleusinclair	Nicole Sinclair	5518
17447850	KellySusanne	Kelly Schwenn	253
224460956	diwakar_dewan	diwakar dewan	118
91151662	jbivona	John Bivona	376
22419598	jschoonbeek	Job Schoonbeek	198
22812075	sarahhums	Sarah Hums	319
2384071	timoreilly	Tim O'Reilly	1929676
18652755	dailytrojan	Daily Trojan	17136
131370235	brentdowney	Brent Downey	1872
17282719	donaldaly	Donal Daly	3175
18768116	davidabrock	davidabrock	9785
24443284	SullyCNBC	Brian Sullivan	33041
15661737	cjmcguinness	Charles McGuinness	254
11635492	JoshuaMinton	Joshua Minton	574
23638763	nicolekanderson	Nicole Anderson	189
15766638	Staten7	Staten7	7138
152476366	ripemp	rip empson	8405
115485051	ConanOBrien	Conan O'Brien	16641284
22387220	qhardy	Quentin Hardy	20582
18278038	rhonah	Rhona Hamilton Marr	163
29442313	SenSanders	Bernie Sanders	340602
91054309	genebike	Gene-Michael Koopman	237
312044647	OOWBenelux	OOWBenelux	326
7798232	benkepes	Ben Kepes	21064
15103213	mfauscette	Michael Fauscette	14562
9714922	Lager	Marshall Lager	2034
60280482	chenkotecha	chenkotecha	206
26718842	gbreavin	Gary Breavington	460
2261261	jtemple	James Temple	9987
46770931	fireclaytile	Fireclay Tile	2122
54336825	bridgeschool	The Bridge School	2245
363747438	Lisagmorris	Lisa Morris	78
23686548	addyburry	Addy Clark (Burry)	148
16054670	chrissa21	christine hamele	1595
20793479	jcommunication	Jennifer	691
3105491	lynnlangit	Lynn Langit	4537
3244801	Beaker	Hoff	18361
16140668	susanhanshaw	Susan Hanshaw	2129
42639357	JMGrange	John Grange	683
16046262	ajackley	Anne Jackley	424
15102774	kymbee	Kym McNicholas	52430
148861871	andymahood__c	Andy Mahood	1581
3584151	jawss	jocelyn englund 	807
370479995	onanoff	onanoff	135
20980326	geekest1	Rick Kennett	46
237237934	sethdrobinson	Seth Robinson	371
16943688	charlieisaacs	Charlie Isaacs	22751
20459589	DortchOnIT	Michael Dortch	2213
14938842	ekolsky	Esteban Kolsky	8358
20109973	AnnCurry	Ann Curry	1545908
329704479	KateDenison	Kate Denison	124
313241558	DanSGross	Dan Gross	77
135983989	Matt_Hayman	Matt Hayman	86
19119298	dmbeynon	Dave Beynon	335
15137780	tmburke	Tim Burke	538
342712617	Cloud_CEO	Jonathan Gale	1787
19075970	jonnykates	Jonny Kates	419
19651231	sytaylor	Simon Taylor	3311
277008426	SBrizzle11	Sarah Brill	592
21674219	LNIngram	Lauren Ingram	1656
357663494	Realgirl_blog	Realgirl	26
20000081	aimee1986	Aimee Carmichael	4447
337598651	CorinthiaHotels	Corinthia Hotels 	3719
269075445	shampoonomama		220
5691672	GordonEvans	Gordon Evans	2487
7997312	brooke	Brooke Hammerling	29837
164004915	ForceDotComLabs	ForceDotCom Labs	3486
1052961	dsifry	David Sifry	12883
15921173	edyson	Esther Dyson	52512
14562255	larryco	larryco	327
814253	Rafe	Rafe Needleman	50360
11195232	renniksn	Nate Skinner	1310
137124405	MarilynLin	Marilyn Lin	811
20645889	kfloSF	Karin Flores	920
248597266	TortugaCrm	Olivier Nepomiachty	604
330168347	kidstraveltime	Kids Travel Time	12331
8962882	Jessicalessin	Jessica Lessin	56885
49465463	maryjofoley	Mary Jo Foley	103926
56903264	slannin	Sara Lannin	2638
144956217	mmilano1968	Miguel Milano	1648
17411424	Rypple	Rypple	4506
221027277	inboxcleaner	InboxCleaner	7485
5885772	jeffnolan	Jeff Nolan	4924
14161459	pmorelli	Peter Morelli	3066
348529841	swimshark	gjames	150
10029582	mig__c	Miguel Coimbra	659
15368554	BilalJaffery	Bilal Jaffery	8077
15156708	mikkelsvane	Mikkel Svane	10121
91337293	darylshaber	Daryl Shaber	2506
49793	jimmy_wales	Jimmy Wales	110688
5943622	pmarca	Marc Andreessen	326338
262881419	CherylOfficial	Cheryl	5484640
33571548	Cinarkaya	Bulent Cinarkaya	621
159265038	Rhuddles1	Ron Huddleston	704
60308942	claychristensen	Clayton Christensen	114784
11672732	kswensrud	Kraig Swensrud	3393
22535726	dandarcy	Dan Darcy	5784
242639948	bcdonner	Brigitte Donner	979
272501891	ShaelynBritney	Shaelyn Britney	1269
28397088	BrianMakas	Brian Makas	3761
110733069	tecworker	Benzo	1115
12818452	ScottGuinn	Scott Guinn	622
16546524	lizherbert	Liz Herbert	4079
24698409	cpantel	Christian Pantel	441
10501572	ciarapeter	Ciara Peter	1271
6273552	MCHammer	MC HAMMER	3507884
17399269	Alanis	Alanis Morissette	476049
35859588	jayleno	Jay Leno	662876
14882169	NoPrestige	P h a R a 0 h	36
43964334	emergencecap	Emergence Capital	5451
277624111	photovine	Photovine	4467
14276189	herbgreenberg	Herb Greenberg	72671
20890435	nlevchin	nellie levchin	772
24325113	miriamjmelo	Miriam Melo	1352
33645850	NissanUSA	Nissan	567220
250231184	arcoscrm	Arcos	79
16311483	VivekKundra	Vivek Kundra	11407
84648166	VictoriaBarret	Victoria Barret	2867
24296208	BobMetcalfe	Bob Metcalfe	18089
313362369	xtinacdub	Christina Wilson	92
132961448	AngelaAhrendts	Angela Ahrendts	87838
989	om	Om Malik	1479852
198052602	imgmu	img.mu	17408
7151052	koreus	Koreus	79390
19187671	tim_weber	Tim Weber	14171
18735040	BofA_Help	Bank of America	77763
9860432	marketingcloud	Marketing Cloud	141626
898371	andrewmason	Andrew Mason	36664
261262309	zoeexoxoo	Zoe 	88
157154867	ChrisBland	Chris Bland	494
36958179	SFDCFoundation	SalesforceFoundation	12601
10880202	Philanthropy	Philanthropy	160644
90521746	hmikitani	 H. Mikitani	667174
99008565	masason		2475445
188591875	AmbassadorRoos	John V. Roos	57005
8442372	HirokoTabuchi	Hiroko Tabuchi	83429
232881981	healthdetail	HealthDetail	196
14217173	BobThurman	Robert A.F. Thurman	15543
215102254	ChottoSF	Chotto SF	264
159950527	NeelieKroesEU	Neelie Kroes	122130
66395780	chevrolet	Chevrolet	709088
26335328	ChevyVolt	Chevrolet Volt	44261
18539834	IdaApps	Mina	3098
91478624	Forbes	Forbes	5421779
16838443	KurzweilAINews	KurzweilAINews	38063
55327866	rpbracker	Rachel Bracker	214
66085550	suto88		45
20749410	finkd	Mark Zuckerberg	336904
1536811	markoff	John Markoff	55282
20609518	DalaiLama	Dalai Lama	11078824
21522338	marwilliamson	Marianne Williamson 	270789
40744725	DrWayneWDyer	Dr Wayne W Dyer	454325
15588657	DeepakChopra	Deepak Chopra	2449322
17266725	TonyRobbins	Tony Robbins	2602252
24948552	salesforcedocs	Salesforce Docs	9293
25174997	asksalesforce	Salesforce Support	8015
6843302	Dreamforce	Dreamforce	50989
5761172	robin_daniels	Robin Daniels	3449
14596506	jtaschek	John Taschek	5687
19797772	SBcommercials	Super Bowl Ads	1780
49573859	iamwill	will.i.am	13200530
16214614	adamdell	Adam Dell	685
22255654	johndoerr	John Doerr	255527
207773069	googlenexus	Nexus	998028
657863	kevinrose	Kevin Rose	1572145
42226885	vkhosla	Vinod Khosla	447606
15877187	amritanandamayi	Mata Amritanandamayi	7524
196241473	cellsgalore	Cells Galore	2278
15783617	bpatter	Bill Patterson	1727
5763262	karaswisher	Kara Swisher	1036108
16018805	jswartz	Jon Swartz	21154
20173468	liedtkesfc	Michael Liedtke	6496
17093617	hootsuite	Hootsuite	6820730
18766493	nealweinberg	Neal Weinberg	4345
101876272	herokustatus	Heroku Status	7696
10257182	heroku	Heroku	69620
992861	anshublog	Anshu Sharma	1562
24836848	RamonChen	Ramon Chen	881
885	Ross	Ross Mayfield	21178
797835	TomRaftery	Tom Raftery	11682
17276792	lochhead	christopher lochhead	1326
29277052	howarddresner	Howard Dresner	14145
58846708	john_ragsdale	John Ragsdale	990
1319141	eugenelee	Eugene Lee	6949
20190154	jlnorwood	James Norwood	1378
10588	jevon	Jevon	5900
25395235	nikhilhasija	Nikhil Hasija	698
10846682	mprosceno	Mike Prosceno	1840
13198	markpinc	mark pincus	58016
5025251	jobsworth	JP Rangaswami	12521
36511031	SFGate	SFGate	196685
7834512	SalesforceDevs	SalesforceDevelopers	69461
14541402	mlevchin	Max Levchin	128655
14921083	bizjournals	Business Journals	33521
295	joshk	Josh Kopelman	89816
5251831	peterfenton	Peter Fenton	31840
11388132	lessig	Lessig	342723
992151	davidhornik	David Hornik	58674
15827269	BradStone	Brad Stone	68293
858051	dannysullivan	Danny Sullivan	465453
808627	StevenLevy	Steven Levy	90607
4488	Borthwick	John Borthwick	33349
3840	Jason	jason	229086
16721263	LindaStone	Linda Stone	12414
108246433	07vg001e	A.KOJI	585
10078	reidhoffman	Reid Hoffman	283932
2529971	cdixon	Chris Dixon	177503
819999	jeff	Jeff Clavier	78987
188257059	denshi_tencho		1577
7040932	tonyhsieh	Zappos.com CEO -Tony	2776853
64418903	DruckerBOT	BOT	143583
4641021	RWW	ReadWrite	1627234
60338245	SalesforceJapan	Salesforce Japan	14178
5668942	sarahcuda	Sarah Lacy	101528
17595439	chr1sa	Chris Anderson	161250
14749070	Chad_Hurley	Chad Hurley	653005
586	sacca	Chris Sacca	1574482
5702	Caterina	Caterina Fake	115149
13348	Scobleizer	Robert Scoble	455098
2730791	mkapor	Mitch Kapor	102312
6708952	SteveCase	Steve Case	740383
19397785	Oprah	Oprah Winfrey	27671815
135158950	m_aki_twit	m_aki	73
16727535	lancearmstrong	Lance Armstrong	3836270
149347247	dlb_86	RM	18
17503180	marissamayer	marissamayer	1004335
21982720	ariannahuff	Arianna Huffington	1919874
37570179	arrington	Michael Arrington	198161
5746452	waltmossberg	Walt Mossberg	720066
11435642	jeffjarvis	Jeff Jarvis	149588
749963	pierre	Pierre Omidyar	521480
64614474	DukeAiona2014	Duke Aiona	4533
10326832	neilabercrombie	Neil Abercrombie	14964
23866990	MufiHannemann	Mufi Hannemann	495167
58560480	MichaelDell	Michael Dell	861131
99057308	SunnyAndo	Nobuki Ando	69
96684891	kharaguchi		254459
19195914	Zagat	Zagat	1486886
25212093	DoveDemo	Dove	52
61233	monkchips	Jaime Gubernador	19880
15088822	barneybeal	barneybeal	1851
14332143	chriskanaracus	chriskanaracus	2862
4312721	pgreenbe	Paul Greenberg	19341
22003252	Jeremy_Roche	Jeremy Roche	2093
740983	loic	Loic Le Meur	124701
14562685	rwang0	R Ray Wang ()	68019
14216123	jimcramer	Jim Cramer	862630
12	jack	Jack	2989351
50393960	BillGates	Bill Gates	22330637
13	biz	Biz Stone	2457502
93957809	ericschmidt	Eric Schmidt	1104990
6141832	cshirky	Clay Shirky	349937
1454021	stevegillmor	Steve Gillmor	16542
7453012	mkrigsman	Michael Krigsman	23479
33612317	salesforce	Salesforce	249239
5516952	tinytwitter	Kevin Cawley	39437
14886375	StockTwits	StockTwits	439104
14761795	TEDchris	Chris Anderson	1705153
9534522	Pogue	David Pogue	1562175
691353	Joi	Joi Ito	104711
17297668	larrybrilliant	Larry Brilliant	23838
15012486	CBSNews	CBS News	3707925
15741559	LaunchWeek	LaunchWeek	143
1899161	dbfarber	Dan Farber	33596
609543	dahowlett	Dennis Howlett	11883
19079396	CharlieRoseShow	Charlie Rose Show	79690
20	ev	Ev Williams	1810066
11347122	GavinNewsom	Gavin Newsom	1221707
14099695	ObamaNews	Barack Obama News	383642
428333	cnnbrk	CNN Breaking News	26948610
13521702	DavidKirkpatric	David Kirkpatrick	29139
15876713	AmmaChimes	Amma Chimes	11948
22334042	bqueener	Brett Queener	1785
14202711	mattcohler	Matt Cohler	35607
113963	Werner	Werner Vogels	69748
15813140	googlecloud	GoogleCloudPlatform	385850
20454964	davegirouard	Dave Girouard	12889
18142394	TweetCRM	Tweet CRM	5192
14084804	chatter	Chatter	18020
