15187546	KalPatel	Kal Patel	2438
22854642	MilindPant	Milind Pant 	34
1906176547	officialmutombo	Dikembe Mutombo	26950
1536791610	POTUS	President Obama	2448232
16872765	AbhinavAgarwal	Abhinav Agarwal	1587
73194395	ktbenner	katie benner	5611
15191052	josephstromberg	Joseph Stromberg	4227
38888175	DR34M	Hakeem Olajuwon	40110
248900032	MagicJohnson	Earvin Magic Johnson	2628973
2523584119	JohnAlberg	John Alberg	141
633238141	mjmauboussin	Michael Mauboussin	10358
1287172722	BernardJTyson	Bernard J.Tyson, CEO	10591
947855521	ValmetAutomotiv	Valmet Automotive	136
261074207	NotBillWalton	Not Bill Walton	185302
1514143770	drondemand	Doctor On Demand	9818
1230007633	steveschlickman	Steve Schlickman	321
18755291	MistahFAB	STAN PABLO	115689
32942018	marcfrons	Marc Frons	1570
6573352	mosseri	Adam Mosseri	16426
1586501	nickbilton	Nick Bilton	250046
830415066	Cossachka	Elena Frishberg	92
42562446	StephenCurry30	Stephen Curry	2202996
1665486630	Uber_Lima	Uber Lima	2885
472393279	gibbonsdna	John W. Gibbons	157
126399969	ychernova	Yuliya Chernova	4235
30598922	nzlustig	Neil Lustig	178
10069172	ttunguz	Tomasz Tunguz	28186
2866563598	suhailrizvi	Suhail Rizvi	247
39982013	jhsugden	Joanna Sugden	2518
770729	lizgannes	Liz Gannes	71778
522538187	brandicarlile	Brandi Carlile	36387
46825221	jimgoetz	jim goetz	8971
14243030	scottfarkas	Scott Farquhar	5280
20892260	citizenracer	David Nicholson	343
24831757	DonaldShoup	Donald Shoup	6976
15281391	TheStreet	TheStreet	176497
18643658	juliebornstein	juliebornstein	448
5699	stewart	Stewart Butterfield	24498
19196238	jdesai01	Jay Desai	242
125424257	kyeshwant	Krishna Yeshwant	1222
93954161	aroetter	Alex Roetter	12720
18041393	joesu11ivan	joe sullivan	560
37666209	debibrooks	Deborah/Debi Brooks	441
23409407	alexrkonrad	Alex Konrad	8239
756129	johnolilly	John Lilly	181286
3065981667	SC_HBC	Coach Steve Spurrier	56924
1066691	stavvmc	Stephen Coplan	820
73437080	BillAulet	Bill Aulet	15210
5698342	markmcc	Mark McClusky	9449
1638756846	S10Bird	Sue Bird	14468
54720738	klacobprime	Kirk Lacob	2280
52123759	kevinablue	Kevin Blue	1157
15839499	jeffma	Jeff Ma	9972
65122792	CarlBialik	Carl Bialik	6097
156461982	SBN_BillC	Bill Connelly	13578
77639821	BenAlamar	Ben Alamar	4762
94457225	ShaneBattier	Shane Battier	450400
129276705	BonnieBernstein	Bonnie Bernstein	116102
23633023	Vivek	Vivek Ranadiv	30298
358183184	EricChemi	Eric Chemi	1173
15756974	mhelft	mhelft	12993
2830389057	PresidentFuchs	W. Kent Fuchs	4521
2713987014	playpineapple	Pineapple!	453
477269214	bbqfranklin	aaron franklin	13109
46238160	FranklinBbq	Franklin Barbecue	34729
20454964	davegirouard	Dave Girouard	12880
100573976	YellowstoneClub	Yellowstone Club	404
1499345785	Iarsulrich	Lars Ulrich	15556
74130577	emilychangtv	Emily Chang	60271
259716070	conormyhrvold	Conor L. Myhrvold	1483
2319108198	serial	Serial	189931
1169913978	SturgillSimpson	Sturgill Simpson	29392
78193153	Al_Horford	Al Horford	192863
2861473577	Michael_Seckler	Michael Seckler	169
1382041531	DebPG	Deb Henretta	859
19040598	MikeIsaac	_	38082
156467955	BetsyMorais	Betsy Morais	1018
20536157	google	Google	11186772
17977475	shak	Shakil Khan	18387
87070315	ingridnilsen	Ingrid Nilsen	779264
83626320	crkeiser	Christina Keiser	116
4939401	patrickc	Patrick Collison	25616
80937511	BobNewhart	Bob Newhart	92631
2972860380	rosegoldbaby	Rosegoldbaby 	28
2482710715	TheStreetTech	TheStreetTech	3956
21312954	joannashields	Joanna Shields	7598
568607403	Cloud_Easton	Rob Easton	381
611986351	KimDotcom	Kim Dotcom	460541
65457124	Corning	Corning Incorporated	9948
15481606	realdanlyons	Dan Lyons	70883
20886081	daveberman	Dave Berman	495
318531174	TheRyanAdams	Ryan Adams	673421
88713953	gangrey	Ben Montgomery	5006
454036436	PocketHits	PocketHits	32008
14112318	xkcdfeed	xkcdfeed	9371
247561030	spencerescott	Spencer Scott	46614
5502902	chrispa	Christopher Payne	762
2324398056	philbcardenas	Phillip Cardenas	105
98588767	ellenhuet	Ellen Huet	9143
113047940	JebBush	Jeb Bush	189487
107225267	sapinker	Steven Pinker	179776
15143478	RichardDawkins	Richard Dawkins	1177802
21677951	nellieaube	Nellie Aube	316
305185609	SWGriffith	Scott Griffith	1633
235654052	wyatt_earp_	Wyatt Jenkins	1013
16443393	tadfriend	tad friend	13701
1236101	BenedictEvans	Benedict Evans	74513
36609463	StanHumphries	Stan Humphries	5015
18745330	austingeidt	Austin Geidt	1980
16026783	dmac1	Doug MacMillan	26803
54315392	Doc_Sands	David Doc Sands	28232
193031163	Jenn_RTR	Jennifer Hyman	5951
11763832	jwdanner	John Danner	8812
41003633	GreylockVC	Greylock Partners	106221
2896783309	thethomaslayton	Thomas Layton	53
2827342884	ConfluentInc	Confluent Inc	1490
11094232	eldsjal	Daniel Ek	66890
15847358	jtbatson	jtbatson	824
14577594	MattRosoff	Matt Rosoff	8690
144002577	nealmohan	Neal Mohan	5350
562680597	mi_leijun	leijun	3229
81756316	chughesjohnson	Claire H. Johnson	901
5520332	msuster	Mark Suster	206082
4898091	FinancialTimes	Financial Times	3224716
214296629	powdiction	Powdiction	479
59143038	jeffbercovici	Jeff Bercovici	13234
69426451	CaseyNewton	Casey Newton	20103
528824793	nshalek	Nick Shalek	558
12449542	tompetty	Tom Petty	211124
20542737	vaughanbell	Vaughan Bell	31151
17997789	danariely	Dan Ariely	92730
5568612	ryanspoon	Ryan Spoon	14269
24438551	MediaREDEF	MediaREDEF	14336
27730990	melmel0	Melanie Murphy	621
250301447	CoachDavidShaw	David Shaw	15220
6375792	deanmcevoy	Dean McEvoy	2239
18816166	kevinroose	Kevin Roose	30777
21317567	thwit	Thorben Hett	130
20964914	opazazzyzen	Lindsay Wiese	979
27964126	LKozz	Lauren Koszarek	807
39362168	AndySack	Andy Sack	8153
1041841	tcoppel	Toby Coppel	3376
17919972	taylorswift13	Taylor Swift	58021989
567642481	MooneyMichaelJ	Michael J. Mooney	731
657863	kevinrose	Kevin Rose	1571182
16214614	adamdell	Adam Dell	685
37605443	smithmegan	Megan Smith	13612
322509452	zrait	Zach Rait	153
21166244	BrandonBeck	Brandon Beck	41476
18446829	Darren_Huston	Darren Huston	2146
21066583	CadeMetz	Cade Metz	4479
14618863	anandshimpi	anandshimpi	18821
43979519	glennsolomon	Glenn Solomon	3004
115557718	NotKennyRogers	NotKennyRogers	50400
38460734	Strong_TexasFB	Charlie Strong	94678
173602617	junrao	Jun Rao	425
76561387	nehanarkhede	Neha Narkhede	2619
126226388	jaykreps	Jay Kreps	10006
65483021	mdcranney	Mark Cranney	3041
3714971	salsop	Stewart Alsop	12059
1070010379	n3tworkco	N3TWORK	506
481701452	BrysonVoirin	Bryson Voirin	242
553713584	Wu_Tang_Finance	Wu-Tang Financial	69125
17011695	Fanbase	FANBASE	680
17027590	benpopper	Ben Popper	8971
43815496	TheRealRyanHiga	Ryan Higa	1629914
27466653	ZozeeBo	Zo	3318253
17674486	MichellePhan	 MICHLLE PHN 	659878
6476742	mollywood	Molly Wood	98694
23211822	Michael_Eisner	Michael Eisner	9818
15828408	SusanWojcicki	Susan Wojcicki	14290
2244340904	Recode	Re/code	163842
18476608	meraynor	Michael Raynor	1067
19219421	RolfeWinkler	Rolfe Winkler	7408
88066363	larrys32	Larry Shapiro	401
38719391	krrau	Karthik Rau	268
14912929	mstrand	Matt Strand	378
8798682	jeffseibert	Jeff Seibert	4108
217304598	PekingMike	Mike Forsythe  	18253
8834882	jessiwrites	Jessi Hempel	27650
52171246	nikesharora	Nikesh Arora	23755
41169953	jbecher	Jonathan Becher	16356
17446359	bethcomstock	Beth Comstock	70739
145622424	ajax0829	Al Jackson	215
15227849	semil	Semil	30441
14185390	kennyvz	Kenny Van Zant	1816
16893742	ksimm	Kristina Simmons	5382
2303751216	FiveThirtyEight	FiveThirtyEight	454115
14161568	smc90	sonal chokshi	4291
15447522	k8em0	Katie Moussouris	17040
40014904	wquist	Will Quist	573
50329071	gillianbergeron	Gillian Bergeron	527
353789193	StartupLJackson	Startup L. Jackson	43598
288256736	NairiHourdaj	Nairi Hourdajian	730
2573880420	uberdata	Uber Data	5957
1111940934	davidplouffe	David Plouffe	39009
14065609	aparnacd	Aparna Chennapragada	417
14914385	ferenstein	Greg Ferenstein	5424
16017475	NateSilver538	Nate Silver	1194783
18686079	mdcohen	Michael Cohen	124
455869389	dbtechIPOs	Deutsche Bank Tech	2791
40329236	tj_ford	TJ Ford	89847
2395399387	Vessel	Vessel	60778
27736638	BRobertsVC	Bryan Roberts	1926
15827269	BradStone	Brad Stone	68175
14130366	sundarpichai	sundarpichai	132653
15184747	RealRealJulie	JulieW	3290
33216611	AswathDamodaran	Aswath Damodaran	41816
19908394	mavolpi	Mike Volpi	4061
24296208	BobMetcalfe	Bob Metcalfe	18081
54206230	erniecline	Ernie Cline	16816
273383	chrija	Christoph Janz	10332
14457811	ZUrlocker	Zack Urlocker	2270
15890619	jasonclampet	Jason Clampet	10157
24266406	JBoorstin	Julia Boorstin	24591
2177038028	Hacker0x01	HackerOne	5468
99008565	masason		2472774
810976154	nefgarcia	N.J. Garcia 	322
6330012	shishirmehrotra	Shishir	1156
175322763	ftcomment	FT Comment	6801
27179932	JasonIsbell	Jason Isbell	83529
15936528	bazaarbrett	Brett Hurt	7570
259574548	urbansitter	UrbanSitter	2857
77034099	CyanogenMod	CyanogenMod	290929
377228272	xiaomi	Mi	70702
2533339623	VanessaPendl3	Vanessa Pendl	142
2480234425	confederatezomb	RIHANNA'S IS ABOUT $	64
118613399	DannyCrichton	Danny Crichton	2743
171567873	alistairmbarr	Alistair Barr	4672
30098016	hbarra	Hugo Barra	30977
7805272	sarahleary	Sarah Leary	4846
2414891233	SmugSpencer	Spencer Rascough	485
21447363	katyperry	KATY PERRY	70201996
571202103	Medium	Medium	1228237
15293504	msquinn	megan quinn	23269
37678250	bcs1975	Ben Spero	146
44078873	Techinasia	Tech in Asia	74462
14992263	RichBTIG	Rich Greenfield	7529
887067962	Coach_Dawkins	Johnny Dawkins	5922
20836608	ebbealtberg	Ebbe Altberg	1910
1605	sama	Sam Altman	80859
39263246	dukecass	Cassie L-Young	1155
15437409	williampbarnes	William P Barnes	46225
14220991	gregbettinelli	Greg Bettinelli	5787
76371608	tmabley	Tina Mabley	410
39865486	jessicagelman	Jessica Gelman	958
253854657	Prof_Malhotra	Deepak Malhotra	12777
1658572099	billmiller_lmm	Bill Miller	3053
86785231	brentca	Brent Callinicos	57
15823646	sarahfrier	Sarah Frier	10417
27086060	jennikuperman	Jennifer Kuperman	321
1541964121	SpoonRocket	SpoonRocket	3403
1683892548	Sprig	Sprig	3499
914061	levie	Aaron Levie	148799
248215830	pingmd	PINGMD	1187
18425298	owenmahoney	Owen Mahoney	535
1705830168	Uber_PubPolicy	Uber Public Policy	1474
18994034	ashleymayer	Ashley Mayer	9853
16745015	SBNation	SB Nation	195998
31946025	TexDolly	Doyle Brunson	415618
18198400	phil_hellmuth	phil_hellmuth	218251
1037639390	jbdowney83	Jonathan Downey	1018
14422770	chasedave	Dave Chase	8691
15258638	samzeb	Sam Zebarjadi	1642
396365748	DShaywitz	David Shaywitz	5479
304005870	Jonathan_Bush	Jonathan Bush	7977
999657859	RadarKC	Kevin Compton	353
144400453	VCRebecca	Rebecca Lynn	4645
14343345	gregmaffei	gregmaffei	565
422607867	BitcoinForumCom	Bitcoin Forum	22651
8187772	csanz	Christian Sanz	10795
6213582	wences	Wences Casares	17185
103807035	davebei	David Beitel	763
192302261	margowheel	Margaret Wheeler	714
423940083	bitcoinprice	bitcoin price	18022
42519612	FloydMayweather	Floyd Mayweather	6194769
72874511	KerryKB	Kerry Bennett	726
17298058	thewarfield	The Warfield	12472
2233154425	StephenKing	Stephen King	722224
1394399438	JohnLegere	John Legere	1394666
14173031	emilmichael	Emil Michael	5785
1577925188	Uber_Houston	Uber Houston	3758
272164735	Uber_LA	Uber Los Angeles	32668
37860248	gerryshih	Gerry Shih	4384
173652921	mcbridesg	Sarah G McBride	1816
95869752	BjornLomborg	Bjorn Lomborg	15822
16261707	eringriffith	Erin Griffith	17061
14616957	DelRey	Jason Del Rey	16768
14127454	rbahnasy	Reema Bahnasy	1654
18285245	notwen	Marc Whitten	14088
34704662	davidliuXO	David Liu	448
1138785571	SportsPSA	SportsPSA	164554
315991624	FEhrsam	Fred Ehrsam	7314
574032254	coinbase	Coinbase	53296
171163790	ubnt	Ubiquiti Networks	10378
851753935	salkhanacademy	Salman Khan	18864
1137701	DavidSacks	David Sacks	39742
204387496	leefixel	Lee Fixel	548
946469935	Uber_Ger	Uber Germany 	2189
47776405	tripjunkie	Barbara Messing	42
1666038950	BoredElonMusk	Bored Elon Musk	88667
17074391	KelseyKGrady	Kelsey K Grady	497
331283041	andre	Andre Iguodala	674094
14135933	cclayporter	cclayporter	640
15637375	UTAustin	UT Austin	111647
342237308	FlinderBoyd	Flinder Boyd	1763
86815217	tessagriffin	Tessa Griffin	559
1050869006	kmlake	Katrina Lake	2698
338395294	stitchfix	Stitch Fix	29218
1836381127	RonnieLottHOF	Ronnie Lott	43680
54251435	DanBenton	Dan Benton	2468
11345012	IvoVegter	Ivo Vegter	12626
7378152	sasmith4	Sarah Smith	601
203296606	mattmillernow	Matt Miller	5252
299818452	cbonarrigo	Christina	650
38522724	irishgators	Chris Needles	75
6377902	skasriel	Stephane Kasriel	5823
47585529	gusfuldner	Gus Fuldner	1159
34553490	dcavens	Darrell Cavens	1295
229556016	Sinead0Connor	Sinead O'Connor	7052
64498695	MichaelEPorter	Michael E. Porter	110310
637	DickHardt	Dick Hardt	5101
4503491	jason_pontin	Jason Pontin	24096
42897886	kjpoconnor	Kevin O'Connor	702
30412002	OpportunityFund	Opportunity Fund	5493
17104751	pschiller	Philip Schiller	159015
1636590253	tim_cook	Tim Cook	1199492
20280848	Dhirenf	Dhiren Fonseca	327
380	kevin	Kevin S.	73003
754500	cue	Eddy Cue	60256
14326765	johnhcook	John Cook	16547
6642152	dinabass	Dina Bass	11922
14328850	sailthru	Sailthru	9915
108559862	Optimizely	Optimizely	16756
297556877	NYTOnIt	The Times Is On It	40415
318063815	SebastianThrun	Sebastian Thrun	29695
48127927	bonabeau	Eric Bonabeau	514
37601149	PaulKagame	Paul Kagame	967047
1007796001	quip	Quip	3762
22715825	atamas	Alexander Tamas	192
404666411	KeesKoolen	Kees Koolen	1492
589084624	JulienBIT	Julien Mitelberg 	578
375656120	jfleeg	Jordan Fliegel	1383
36166052	ealmgren	Eric Almgren	106
7581142	Ed_Sullivan	Ed Sullivan	3158
1534167900	Carl_C_Icahn	Carl Icahn	220195
10324882	sweetlew	Lew Cirne	4107
39989698	sonvoltmusic	Son Volt	5484
24554234	georgefwill	George F Will	20174
16246929	danprimack	Dan Primack	49823
1118691	bjfogg	BJ Fogg	34501
27702153	Lefsetz	Bob Lefsetz	64124
17854419	kraneland	David Krane	16847
22503430	Eunner	David Eun	19604
47260400	georgedohrmann	George Dohrmann	9659
4641021	RWW	ReadWrite	1624964
594955896	Uber_DFW	Uber_DFW	7211
63989305	davidleebron	David Leebron	3701
32818092	giocolella	giovanni colella	185
15281972	ericvishria	Eric Vishria	2006
170446414	fakesacca2	Christopher Sacca	316
817288	gaberivera	Gabe Rivera	54369
745273	naval	Naval Ravikant	115703
569569550	lyft	Lyft	104450
353366015	electricimp	Electric Imp	4499
4938991	ahawkinson	Alex Hawkinson	4612
204048728	TheWildFeathers	The Wild Feathers	10415
587680224	ChillBroAB	The Baininator	511
975402020	MelissaZmolik	Melissa Zmolik, EA	66
27631431	bsesser	Benjamin Sesser	665
24589305	juliesandler	Julie Sandler	3902
16494284	VanessaAlvarez1	Vanessa Alvarez	12474
15102599	ascohen	ascohen	1278
25697700	saroff_nyc	John Saroff	674
40190028	Dlee042	David Lee	283749
1036325418	andrewbogut	Andrew Bogut	119617
3452911	kevinweil	Kevin Weil	49755
488031011	FakeJoeLacob	Fake Joe Lacob	100
1364930179	WarrenBuffett	Warren Buffett	1021994
1312564711	jesus94306	Jesus Christ, SV	7286
6611482	peterpham	Peter Pham	22490
34619600	carleyroney	Carley Roney	24611
1330457336	billclinton	Bill Clinton	3571681
14196449	jackabraham	Jack Abraham	7440
17744829	denschaal	Dennis Schaal	11919
84092181	EmmittSmith22	Emmitt Smith	457608
627868798	Uber_Aus	Uber Austin	11
627924351	Uber_Hou	Houston Uber	8
835776618	UberHOU	Uber Houston	21
23775896	quincysmith	Quincy	1804
41396480	JakeWinebaum	Jake Winebaum	304
275686563	verge	The Verge	890068
30816431	StevenBrill	Steven Brill	3999
933188760	david_goldhill	David Goldhill	665
191098143	mamoonha	Mamoon Hamid	3871
90258002	sfiscience	Santa Fe Institute	13203
17386540	IjadMadisch	Ijad Madisch	1497
3288371	Clayman	Greg Clayman	8033
14216123	jimcramer	Jim Cramer	861375
32765534	BillSimmons	Bill Simmons	3872198
11730702	neiljcapel	Neil Capel	1852
735983	gmc	Gmc	24163
3226561	davidsze	David Sze	18373
376502929	Snapchat	Snapchat	669494
230287527	evanspiegel	Evan Spiegel	32274
146172499	andykessler	Andy Kessler	2720
28049003	GreatDismal	William Gibson	167679
1113167976	robinwilliams	Robin Williams	1478424
26598593	danacarvey	Dana Carvey	138225
850107536	codeorg	Code.org	140881
41642329	dkhos	dara khosrowshahi	14319
241964676	Grantland33	Grantland	457044
34552016	angusdav	Angus Davis 	7411
14495879	gsands	Greg Sands	1742
386798022	thestoneroses	The Stone Roses	142669
271806625	Spidersandy	Sandy Gould 	521
159886075	tallmanrunning	Kevin Russell	209
5697932	standers	standers	6361
388472830	JedYork	Jed York	102200
21892507	kaufer	stephen kaufer	3004
1536811	markoff	John Markoff	55242
15469101	EvelynRusli	Evelyn Rusli	38098
272162794	Uber_CHI	Uber Chicago	24602
16939491	amybo	Amy Bohutinsky	3844
272161214	Uber_NYC	Uber NYC	28158
169321761	PeterChernin	Peter Chernin	8560
12165902	jasonhevans	Jason Evans	936
27552817	aaronwh	Aaron Hirschhorn	1051
547973581	SleepoverRover	Sleepover Rover	857
20706434	kpkelleher	Kevin Kelleher	992
8965112	savitz	Eric Savitz	13637
2363571	ChloeS	Chloe Sladden	220624
14253109	adambain	adam bain	66612
315358959	RoverDotCom	Rover.com	9362
370776693	DogVacay	DogVacay	9134
19748320	shelbybonnie	Shelby Bonnie	429
12901712	bchesky	Brian Chesky	73196
29294520	christinacaci	Christina Cacioppo	14688
100534402	plscurrie	Peter Currie	4675
6730222	hblodget	Henry Blodget	124694
7456262	btaylor	Bret Taylor	37246
190489660	Kitchensurfing	Kitchensurfing	4099
44196397	elonmusk	Elon Musk	2146974
749963	pierre	Pierre Omidyar	520934
15928389	johnhering	johnhering	2094
818071	ericjackson	Eric Jackson	20346
249868753	ColtMcCoy	Colt McCoy	116298
34368648	langleysteinert	langley steinert	405
463986895	EXEC	Exec	1535
16689804	khanacademy	Khan Academy	411402
3713811	bijan	Bijan Sabet	53700
74791999	bubbawatson	bubba watson	1380294
316968436	MeghaTolia	Megha Tolia	186
22451914	pmarca_blog	Marc Andreesen Blog	6012
14777215	Seamless	Seamless	163574
115882166	Donahoe_John	John Donahoe	13662
14887150	sarahtavel	Sarah Tavel	7694
166270127	TimTebow	Tim Tebow	2922887
27780689	clivermore	Charlie Livermore	423
26381426	mattocken	Matt Ocken	347
20749410	finkd	Mark Zuckerberg	336740
13521702	DavidKirkpatric	David Kirkpatrick	29145
451586190	rupertmurdoch	Rupert Murdoch 	577784
252672612	MargRev	Marginal Revolution	23357
525785424	DanTGilbert	Daniel Gilbert	21339
943751	jhuber	Jeff Huber	36036
59157393	tomfriedman	Thomas L. Friedman	348182
1936891	jeffholden	Jeff Holden	1849
785691	zsims	zach sims	10912
25562270	ReutersTech	Reuters Tech News	95112
329111334	Kids4USA	Kids 4 USA	29
58180281	gsenderov	Gideon Senderov	65
74003	cm	chris muscarella	2075
376961019	marshallbrendan	Brendan Marshall	536
603098503	RobertPera	Robert J Pera	18069
2195241	fmanjoo	Farhad Manjoo	99751
23289019	moskov	Dustin Moskovitz	12767
3566741	jpressman	Jason Pressman	841
51643837	dhmeyer	Danny Meyer	55013
595822244	larryellison	Larry Ellison	80483
15962190	kevinhartz	Kevin Hartz	10558
593241820	RandyRQuaid	Randy Quaid	7971
485409945	HatchingOnTV	Hatching TV	6718
1421521	adamnash	Adam Nash	14933
21465000	DarrenWeingard	Darren Weingard	54
6781512	MartinGTobias	Martin Tobias	1046
226321572	Griffspix	Griffspix	432
462495192	Phillips	Phillip Phillips	712074
615243	Speroman	Jason Spero	4156
44157557	SarahCal1	Sarah Caliendo	168
22069296	zabusky	Jonathan Zabusky	448
111410583	ryan1scott	Ryan Scott	569
1159251	shervin	Shervin Pishevar	63960
498961017	RGIII	Robert Griffin III	1231394
306498361	rjrogers87	Rodney Rogers	3035
33505384	epgies	Eric P. Gies	26
6535212	eladgil	Elad Gil	11655
559794244	drmodlin	David Modlin	18
559792303	ndskyler	nskyler	11
24008967	thesulk	Alec Sulkin	616747
26819104	jonfortt	Jon Fortt	25117
19417850	jolieodell	Jolie O'Dell	49183
15419775	JenovaChen	Jenova Chen	29666
43201218	Maidenberg	Ted Maidenberg	1886
16399949	felixsalmon	Felix Salmon	150883
3674531	jeremyl	Jeremy Levine	5672
14875576	arachleff	Andy Rachleff	7620
19506790	sherylsandberg	Sheryl Sandberg	168535
20493150	_chriscox	Chris Cox	5332
6036422	jimihendrixlive	Jim Breyer	13128
17826835	cquarles	Christa Quarles	556
152830420	henryellenbogen	Henry Ellenbogen	442
22330739	Benioff	Marc Benioff	167101
21576543	tfadell	Tony Fadell	44019
2529971	cdixon	Chris Dixon	177063
272161437	Uber_SF	Uber San Francisco	16597
16916799	joshjames	Josh James	46587
60308942	claychristensen	Clayton Christensen	114521
12691832	ksiskind	Ken Siskind	35
22026934	RogerWCheng	Roger Cheng	16633
336116660	JerrySeinfeld	Jerry Seinfeld	2844054
462561746	g8tordad	Michael Martin	33
352947624	GSElevator	GS Elevator Gossip	706298
5663062	jasonkilar	Jason Kilar	5916
38024941	MartisCamper	Martis Camp	786
33846451	Accel	Accel Partners	115353
101008987	CKlosterman	Chuck Klosterman	167690
17503180	marissamayer	marissamayer	999546
50055701	MittRomney	Mitt Romney	1635699
21146468	xkcd	Randall Munroe	23813
214680621	Humblebrag	 Humblebrag	248459
13440802	psaffo	Paul Saffo	9237
244659896	yurimilner	Yuri 	1485
204343158	rosenblattdavid	David Rosenblatt	4084
43836840	SteveSSingh	Steve Singh	4185
400532473	Fakechamath	FakeChamath	1585
3291691	chamath	Chamath Palihapitiya	27811
35739495	anthonynoto	Anthony Noto	18094
65404247	arwenelysdayton	Arwen Elys Dayton	956
322207364	Nextdoor	Nextdoor	12344
15897147	GrubHub	GrubHub	180122
14348490	svbmark	Mark Lau	1250
14100237	Alfred_Lin	Alfred Lin	13526
58560480	MichaelDell	Michael Dell	864107
330521253	VinodColeslaw	Vinod Coleslaw	2385
33342154	EthanSuplee	Ethan Suplee	1203969
12625872	blakekrik	Blake Krikorian	1215
25330246	boonepickens	T. Boone Pickens	131574
197505545	Arubin	Andy Rubin	78687
183749519	paulg	Paul Graham	247264
8821412	billychasen	Billy Chasen	3939
17973508	danielkivatinos	daniel kivatinos	11863
238319766	chrisrock	Chris Rock	3296165
254136706	CoryTV	Cory Johnson	24306
20263710	rabois	Keith Rabois	91446
15019011	ShawnTinAZ	ShawnTinAZ	320
18063729	nusimow	Michael Nusimow	1093
11105452	betsywhalen	betsywhalen	830
45773	zemote	Jeff O'Hara	6438
10875712	edmodo	Edmodo	90640
27814665	GoogleVentures	Google Ventures	402200
23554196	twibes	Adam from Twibes	94202
14225267	drewhouston	Drew Houston	124373
20952222	timwestergren	Tim Westergren	14345
21449749	davegoldberg	Dave Goldberg	8065
179339999	RonConwayFacts	Ron Conway Facts	11658
8943	jesus	Jesus Christ	627919
31569141	rodvik	rodvik humble	2207
51837775	mattwridley	Matt Ridley	23660
6210962	geoff_yang	Geoff Yang	8081
32423136	Longreads	Longreads	168991
213371433	NotGalifianakis	Not Zach G.	49370
18545461	jalehbisharat	jalehbisharat	713
14299121	mcstartup	Jeff Ready	730
18794329	jdh	Josh Hannah	8298
7689112	philiprosedale	Philip Rosedale	11967
16286932	m_evans	Mike Evans 	2202
12127182	M3aloney	Matt Maloney	4214
15485441	jimmyfallon	jimmy fallon	25466037
85616395	YaoMing	Yao Ming	185891
130596686	kippbayarea	KIPPBayArea Schools	1747
67727882	KIPP	KIPP Foundation	32828
13348	Scobleizer	Robert Scoble	454587
19095153	LloydFrink	Lloyd Frink	582
14541402	mlevchin	Max Levchin	128331
14824849	SteveMartinToGo	Steve Martin	5981243
156132825	MikeTyson	Mike Tyson	4829851
21254457	erikbl	Erik Blachford	1421
17889970	Gladwell	Gladwell	281017
15360233	barneyh	Barney Harford	3054
13198	markpinc	mark pincus	57963
6385432	dickc	dick costolo	1496913
36686415	galifianakisz	zach galifianakis	4078352
14761795	TEDchris	Chris Anderson	1703514
3840	Jason	jason	228700
37570179	arrington	Michael Arrington	198047
59650578	ScaleComputing	Scale Computing	2855
22255654	johndoerr	John Doerr	254991
16461246	FrankQuattrone	Frank Quattrone	9321
145753059	TakeItFromUsPR	TIFU PublicRelations	125461
65903429	mlindenSL	m linden	2023
14303261	ryangraves	Ryan Graves	15656
81314313	cabulous	Cabulous	501
9729502	travisk	travis kalanick	80070
19103481	Uber	Uber	275400
26372416	demandforce	Demandforce	5001
87014547	jbqlaw	John B. Quinn	2729
6756982	tomeghale	tom hale	463
131531616	ToBeResponsible	Personal/Responsible	27
12	jack	Jack	2984556
9858132	ESPartee	Sanders Partee	354
18927821	herrod	Steve Herrod	11633
14372143	jasonfried	Jason Fried	149244
27889037	JFrites	Jason Friedlander	506
50393960	BillGates	Bill Gates	22250263
93957809	ericschmidt	Eric Schmidt	1102171
93924210	NorthstarSki	Paige Gerrard	1
16175507	dmorey	Daryl Morey	98612
87277946	zinncycles	Zinn Cycles	197
83604083	lennardzinn	Lennard Zinn	4500
35936474	KDTrey5	Kevin Durant	10251413
24569387	squawalpine	Squaw Alpine	21062
17844641	SkiNorthstar	Northstar California	22041
11243802	skialpine	Squaw | Alpine	11145
17539119	simon_br	Simon B	151
26894723	martenmickos	Mrten Mickos	15910
21636048	zlurie	zander lurie	2406
19079396	CharlieRoseShow	Charlie Rose Show	79525
12855832	CoryOndrejka	Cory Ondrejka	2575
71031944	jcadeddu	John Cadeddu	83
74021398	Clicker	Clicker	5633
16673102	tahoe_weather	Lake Tahoe Weather	4939
70778108	TahoeWeather	Tahoe Weather	5873
817386	Techmeme	Techmeme	248031
17473278	Mark_Britton	Mark_Britton	3424
586	sacca	Chris Sacca	1573146
21123806	BarkingCarnival	Worldwide Pants	10362
66369206	FCC	The FCC	742493
21277179	GlenKacher	Glen Kacher	1946
19046875	spencerrascoff	Spencer Rascoff	27260
5763262	karaswisher	Kara Swisher	1035018
11831752	kenli729	Kenneth Li	10484
19905542	dannyrimer	danny rimer	18033
47539748	Bill_Gross	Bill Gross	141762
19098809	jeffblackburn	jeff blackburn	70
19082500	altcap	Brad Gerstner	2194
1717291	pkedrosky	Paul Kedrosky	297931
43976252	benchmark	Benchmark	30422
16018081	ansanelli	Joseph Ansanelli	2114
17408993	fakesacca	fakesacca	3366
5968272	jeremys	Jeremy Stoppelman	208986
772844	SecondLife	Second Life Official	42275
20250805	jorritv	jorrit	134
21360924	laragon	lawrence aragon	4274
6240702	MikaSalmi	Mika Salmi	1670
38774353	shanplan	Shannon Lanzone	47
7997312	brooke	Brooke Hammerling	29797
22568938	RhysVineyards	Rhys Vineyards	6668
30313925	WhiteHouse	The White House	6255966
24028683	KennyTheJET	Kenny Smith	6697
9095022	michaelpcassidy	Mike Cassidy	2842
24771125	amygurley	Amy Gurley	31
19043786	TomAyers	Tom Ayers	553
22699508	gideonyu	Gideon Yu	16075
20211090	prak_daddy	Prakash Janakiraman	1301
12611272	anchari	anchari	550
7805232	niravtolia	Nirav Tolia	4506
15112529	dunlevie	dunlevie	433
5531542	nanea	Nanea Reeves	1671
5746452	waltmossberg	Walt Mossberg	718827
10078	reidhoffman	Reid Hoffman	283057
19093592	bdunlevie	Bruce	752
20794042	djclancy999	Daniel Clancy	122
27039884	OpenTable	OpenTable	45124
17759351	DavidLawsky	David Lawsky	669
16228398	mcuban	Mark Cuban	3026649
20733756	MegWhitman	Meg Whitman	234837
19048585	etl	Edward Lichty	736
24082847	SFlonghorns	SF Bay Area TX Exes	645
16005828	jeff_jordan	Jeff Jordan	15986
21201910	UTMcCombsAlumni	UTMcCombsAlumni	2067
4963181	cem	Cem Dalgic	3041
23171753	skydayton	Sky Dayton	2891
989	om	Om Malik	1479150
22737551	Nanosolar	Nanosolar	168
11002632	seery	Tom Seery	918
13416712	adamlashinsky	Adam Lashinsky	34700
17074440	GStephanopoulos	GeorgeStephanopoulos	2075526
21823652	hawaiigroup	Hawaii	1345
18509189	jerBrightcove	jerallaire	2613
22548451	KevinRHarvey	Kevin Harvey	706
5726842	kegs	Bob Kagle	960
19394188	SenJohnMcCain	John McCain	1960445
14720560	ginx	ginx	2191
18082737	tahoedonner	tahoedonner	1973
11164402	OpenJonathan	Jonathan Schwartz	13600
7040932	tonyhsieh	Zappos.com CEO -Tony	2777135
21271771	trengriffin	Tren Griffin	11099
16788241	TonyPerkins	TonyPerkins	3138
18109490	DailyHornsBB	Longhorns Basketball	1232
18091676	ThunderDaily	Thunder Stats	4504
14202711	mattcohler	Matt Cohler	35588
19262500	zillow	Zillow	270546
16727535	lancearmstrong	Lance Armstrong	3836077
19919350	jlanzone	Jim Lanzone	10863
17461978	SHAQ	SHAQ	9871991
295	joshk	Josh Kopelman	89734
17378252	ted2009	ted2009	7103
17837248	mikeeisenberg	mikeeisenberg	5409
17088394	JamesCurrier	JamesCurrier	2268
1000591	fredwilson	Fred Wilson	392008
20	ev	Ev Williams	1807877
2730791	mkapor	Mitch Kapor	102268
5512832	Rich_Barton	Rich Barton	11356
2259241	mitchlasky	Mitch Lasky	4621
5251831	peterfenton	Peter Fenton	31750
