813286	BarackObama	Barack Obama	59589500
50393960	BillGates	Bill Gates	22209525
20536157	google	Google	11166566
15492359	TEDTalks	TED Talks	5422369
1344951	WIRED	WIRED	4567034
18055737	johngreen	John Green	4116357
5392522	nprnews	NPR News	3611152
1339835893	HillaryClinton	Hillary Clinton	3561891
17220934	algore	Al Gore	2772435
14800270	HarvardBiz	Harvard Biz Review	2070101
2384071	timoreilly	Tim O'Reilly	1927337
11518842	gadgetlab	WIRED Gadget Lab	1849587
14199378	smithsonian	Smithsonian	1778367
14761795	TEDchris	Chris Anderson	1702795
15076390	Padmasree	Padmasree	1600562
20109973	AnnCurry	Ann Curry	1545136
19789294	exectweets	ExecTweets	1494991
2890961	Gizmodo	Gizmodo	1394595
186154646	Cmdr_Hadfield	Chris Hadfield	1354745
219807531	_fllwrs	fllwrs	1140549
14647570	sciam	Scientific American	1054293
17881732	rickmercer	Rick Mercer	1050060
35773039	TheAtlantic	The Atlantic	999707
17503180	marissamayer	marissamayer	997223
15862891	NatureNews	Nature News&Comment	891639
33838201	googleresearch	Google Research	853322
8736882	globeandmail	The Globe and Mail	836487
7401202	pmharper	Stephen Harper	799851
161801527	melindagates	Melinda Gates	728926
14749070	Chad_Hurley	Chad Hurley	651270
14260960	JustinTrudeau	Justin Trudeau, MP	642253
9207632	brainpicker	Maria Popova	563229
2148071	danielbru	Daniel Brusilovsky	515615
19966557	alaindebotton	Alain de Botton	510255
60919240	donnabrazile	Donna Brazile	436118
124690469	yanisvaroufakis	Yanis Varoufakis	418984
2729061	doctorow	Cory Doctorow	377056
6141832	cshirky	Clay Shirky	349326
14378113	DanielPink	Daniel Pink	327113
5943622	pmarca	Marc Andreessen	322993
116994659	SamHarrisOrg	Sam Harris	299242
17889970	Gladwell	Gladwell	280779
21457289	MSFTResearch	Microsoft Research	273271
3819701	ZDNet	ZDNet	231855
84351228	timberners_lee	Tim Berners-Lee	205138
104298598	PrimeministerGR	PrimeMinisterGR	186728
461513506	BookBub	BookBub	180938
107225267	sapinker	Steven Pinker	179529
620142261	KimKierkegaard	KimKierkegaardashian	169905
12413032	chronicle	Chronicle	150633
48269483	GloriaSteinem	Gloria Steinem	144944
159950527	NeelieKroesEU	Neelie Kroes	122032
845743333	JoyceCarolOates	Joyce Carol Oates	121110
997629601	danieldennett	Daniel Dennett	117990
52770751	NightShiftMD	Dr. Brian Goldman	115617
5702	Caterina	Caterina Fake	115076
6486602	TechRepublic	TechRepublic	110730
633	zephoria	danah boyd	108716
15066876	JimHarris	Jim Harris	102033
252124716	GdnHigherEd	Higher Education	101268
20172983	CityofEdmonton	City of Edmonton	96091
17289530	M_Ignatieff	Michael Ignatieff	89853
2292454922	tsipras_eu	Alexis Tsipras	87484
531162864	elearnindustry	eLearning Industry	86572
14357273	mgeist	Michael Geist	84629
649673	technorati	Technorati	73929
235213723	NSERC_CRSNG	NSERC / CRSNG	70363
78037972	yourAGA	ArtGalleryofAlberta 	68180
17071048	pewinternet	PewResearch Internet	66401
237836050	TheAtlanticFOTO	The Atlantic Photo	64954
15949042	walrusmagazine	The Walrus	62385
15904669	TheSchoolOfLife	The School of Life	57983
18261558	doniveson	Don Iveson	56228
18138592	stratosathens	Stratos Safioleas	55481
24862758	ResearchDigest	BPS Research Digest	52783
15237481	educause	EDUCAUSE	42285
5388852	hrheingold	Howard Rheingold	39077
1059273780	AdamMGrant	Adam Grant	37314
22266871	UAlberta	UniversityofAlberta	36225
12381352	WardCunningham	Ward Cunningham	34580
2472630098	hitchBOT	hitchBOT	33543
250792007	Redford_Alison	Alison Redford	31321
34731203	SmartPlanet	SmartPlanet	31131
76332033	CIHR_IRSC	CIHR	26639
20818272	EPLdotCA	Edm Public Library	26218
15859033	ivanoransky	Ivan Oransky	25086
6549332	Dr_Black	Sue Black	24206
213351779	SMandel_yeg	Stephen Mandel	23406
25377135	Paulatics	Paula Simons	22443
14914457	jtoy	jtoy	22347
49723417	GreaterGoodSC	Greater Good	22028
84015988	ChrisHitchens	Christopher Hitchens	21773
47452040	OpenMedia_ca	OpenMedia.ca	21564
214272214	sinanaral	Sinan Aral	20555
141335663	TheAtlanticTECH	The Atlantic Tech	20269
18613	gsiemens	George Siemens	19113
27670481	ExploreSpaceKSC	KSC Visitor Complex	18504
47999622	ResearchEurope	Research Europe	16333
13257922	manovich	manovich	16092
3183721	gilgul	Gilad Lotan	16031
313140358	researchwhisper	Research Whisperer	15591
277155475	RonaAmbrose	Rona Ambrose	14656
2861361	nora3000	Nora Young	13330
36411199	DSpinellis	 	12461
108669948	Sheena_Iyengar	Sheena S. Iyengar	12278
25027632	EEDC	EEDC	11879
185008824	DonaldKScott	Don Scott	11311
15803034	mendeley_com	Team Mendeley	10174
17392835	DavehancockQC	Dave Hancock	9839
18999683	CBCTechSci	CBC Tech and Science	9819
139525231	SSHRC_CRSH	SSHRC	9291
36304719	edmontonstories	Edmonton Stories	9250
57046779	wasbuxton	Bill Buxton	8572
15955214	Kaltura	Kaltura	7992
72468794	KarenUnland	Karen Unland	7713
148815591	ORCID_Org	ORCID Organization	7223
16110739	V3_co_uk	V3	7215
788363167	NAChristakis	Nicholas Christakis	7066
2875837805	cogscirr	Cognitive Science	6993
191072322	TEDxAcademy	TEDxAcademy	6983
45905382	IPPF_WHR	IPPF/WHR	6704
156653431	Marvin_Mathew	Marvin	6491
46113478	cdmn	CDMN	6109
38465211	sciencepolicy	SciencePolicy (CSPC)	5834
612772344	CapitalIdeasYEG	Capital Ideas YEG	5512
612731400	aurorawatch	AuroraWatch	5443
113152969	DiscoverMitacs	Mitacs	5219
247120039	TeresaSpinelli	Teresa Spinelli	5141
28135428	UofA_Alumni	UAlberta Alumni	4991
24411159	barrywellman	Barry Wellman	4855
26373900	kenbautista	Ken Bautista	4558
9271782	edchi	Ed H. Chi	4500
17883918	veletsianos	George Veletsianos	4386
77449588	BigData_paulz	Paul Zikopoulos	4109
15895796	shareedmonton	ShareEdmonton	3862
761428	epredator	Ian Hughes/epredator	3845
17395475	WillWorkLearn	Will Thalheimer	3737
25467007	_Chris_Moore	Chris Moore	3702
19070986	Felienne	Felienne Hermans	3701
453472708	hackinghealthca	Hacking Health	3688
97202776	J_Panaretos	John Panaretos	3592
211887326	UofAResearch	UAlberta Research	3554
37587198	JBezivin	Jean Bezivin	3496
774083066	TIMEStyle	TIME Style	3478
120864602	TheRealSpaf	Gene Spafford	3116
21506708	gvwilson	Greg Wilson	2781
3094891	asbruckman	Amy Bruckman	2635
12324252	ashwinram	Ashwin Ram	2617
487357501	CoolSWEng	Diomidis Spinellis	2509
40829038	ICSEconf	ICSE	2492
43790426	CodeZebra	Sara Diamond	2405
22149985	profserious	Anthony Finkelstein	2315
1163398033	EnetEnglish	EnetEnglish	2295
350059565	retweetstats	Retweeted	2266
31569141	rodvik	rodvik humble	2209
140534600	YEGgirlgeek	YEGgirlgeek	2177
15782514	pbpk	Philippe Kruchten	2112
57083714	gailcarmichael	Gail Carmichael	2090
20801371	guzdial	Mark Guzdial	2043
80750540	gruzd	Anatoliy Gruzd	1995
21128486	IanSommerville	Ian Sommerville	1987
394739256	NCE_RCE	NCE - RCE	1917
285775094	JimSpohrer	Jim Spohrer	1899
362100997	cbctapestry	CBC Radio Tapestry	1882
8964682	togaranko	Tom Ogaranko	1847
46501731	lsirois007	Luc Sirois	1825
210855517	CynthiaStrawson	Cynthia Strawson	1807
40465511	avandeursen	Arie van Deursen	1805
133953445	sigsoft	ACM SIGSOFT	1791
88687727	UofARehabMed	U of A Rehab Med	1739
18612002	hakmem	Yiorgos Adamopoulos	1676
21966494	GeoffRockwell	Geoffrey Rockwell	1665
20718565	zannalyons	Susanna Haas Lyons	1640
18764992	AndreasZeller	Andreas Zeller	1606
16707495	acagamic	Lennart Nacke	1587
483986116	authorea	Authorea	1573
16497730	isabel_pedersen	Isabel Pedersen	1512
27181842	reallynotabba	Ralf Lmmel	1480
106865165	eHealth_2015	e-Health Conference	1476
22834599	cybera	Cybera	1449
17902091	irbull	Ian Bull	1429
18469790	mattdance	matt dance	1375
6075772	blairmacintyre	Blair MacIntyre	1357
289588260	SMEasterbrook	Steve Easterbrook	1344
47375551	marc_gagne	Marc Gagn	1321
589300441	JASIST	JASIST	1301
56911627	vernaallee	Verna Allee	1291
384650167	PhMai	Philip Mai	1262
399533485	CentreOnAging	UVic Centre on Aging	1250
46764149	MariaKlawe	Maria Klawe	1247
30729612	EelcoVisser	Eelco Visser	1241
1320161	lsinger	Leif Singer	1229
50504510	tomzimmermann	Thomas Zimmermann	1210
196411320	antimony27	Kim Martin	1208
26047733	louiseguay	Louise Guay	1202
14607953	plagal	Michalis Famelis	1197
14953016	akuhn	Adrian Kuhn	1187
194337998	JeeshanMDPhD	Jeeshan Chowdhury	1150
22312867	catmiddleton	Catherine Middleton	1147
16033586	ken_bauer	Ken Bauer	1138
18690662	chrislumb	Chris Lumb	1124
112746474	HypergridBiz	Hypergrid Business	1046
10767712	JGChesney	Jennifer G. Chesney	1045
29492103	taoxiease	Tao Xie	1042
22289298	onierstrasz	Oscar Nierstrasz	1034
69653552	dgasevic	Dragan Gasevic	1030
14216743	dijkstracula	Nathan Taylor	977
276648877	markbarrenechea	mark barrenechea	968
216030490	WISESTualberta	WISEST	963
20641134	AshleyCasovan	Ashley Casovan	954
14276073	idarknight	Raj Boora	949
107152386	LeslieMacKinnon	Leslie MacKinnon	944
20773510	richpaige	Richard Paige	928
145402848	GRAND_NCE	GRAND NCE 	923
567473037	SoftEngResGrp	Software Engineering	906
18063358	gail_murphy	gail_murphy	902
4448781	pamryan	Pam Ryan	898
16187183	StavrosRougas	Stavros Rougas	888
23589630	FedoraRepo	FedoraComm Community	862
71576139	ShreyaT	Shreya Tekriwal	861
944087564	AllerGen_NCE	AllerGen NCE Inc.	857
14248871	dkouf	DeniseKoufogiannakis	848
147551273	josephdoucet	Joseph Doucet	840
577195836	gagliol	Matteo Gagliolo	824
52722878	azaidman	Andy Zaidman	811
372225731	MariaHagglund	Maria Hgglund	795
17912334	lizdubois	Elizabeth Dubois	777
960943381	BruyereResearch	Bruyre Research	762
61127825	margaretstorey	Margaret-Anne Storey	760
102751252	robinwinsor	Robin Winsor	752
54018936	jurgenvinju	Jurgen Vinju	717
15463995	davidkahane	David Kahane	712
1377841147	HHMTL	HHMTL	685
9016192	daviding	David Ing	672
208062724	chrisparnin	Chris Parnin	667
17993404	prof_lyons	prof_lyons	632
386753887	Scona_Lords	Scona_Lords	630
755733097	andpru	Andrew Pruszynski	629
707553372	FSEconf	FSE 2014	626
92656855	BCNET_Network	BCNET	619
14798414	girba	Tudor Girba	603
14382993	gaveltri	Giuseppe A. Veltri	602
88764795	lanzamichele	Michele Lanza	595
1389305671	icse2015	ICSE 2015 Florence	587
78607550	casrai	Casrai	581
8601992	brockdubbels	brockdubbels	564
22616266	mgreiler	Michaela Greiler	549
91547938	Mark_Harman	Mark Harman	548
843682712	IEEEICSME	IEEE ICSME	541
18726488	davidcshepherd	davidcshepherd	537
40655158	aserebrenik	Alexander Serebrenik	536
90582735	pinzger	Martin Pinzger	528
6543162	migod	Mike Godfrey	528
12241142	abegel	Andrew Begel	520
20874923	abramh	abram hindle	514
83376902	gmentzas	Gregoris Mentzas	495
14302602	kolovos	Dimitris Kolovos	490
1083791324	Goodio1	Goodio.com	490
78366138	CSatUAlberta	UAlberta Comp Sci	490
81089820	carloghezzi	Carlo Ghezzi	483
801743	neilernst	Neil Ernst	469
44327341	inkytonik	Tony Sloane	467
51049286	AdamHowatson	Adam Howatson	452
2439025334	OpenEdmonton	Open Edmonton	450
243902292	uxyeg	UX Edmonton	450
14345164	pridkett	Patrick Wagstrom	449
138806256	l_elwood	Lynn Elwood	446
160476060	alexbergel	Alexandre Bergel	438
16785959	lucidbard	John T Murray	431
21190955	amesbah	Ali Mesbah	421
23137366	thanec	Thane Chambers	413
39120171	KimSolez	Kim Solez	404
456378746	ForTheResearch	Daniel Genier	404
28356968	shobhav	Shobha Vadrevu	404
88412859	sback_	Alberto Bacchelli	403
82221067	benevolentprof	Susan Sim	393
84103278	calderonroberto	Roberto Calderon	392
82952699	DDiRuscio	Davide Di Ruscio	383
12785742	timmenzies	timmenzies	383
411188145	mediaspotme	Expertise Finder	383
577775806	alknauss	Alessia Knauss	380
14074707	mircealungu	mir	376
72976647	APierantonio	Alfonso Pierantonio	376
20756700	louismrose	Louis Rose	372
49096399	LeonMoonen	Leon Moonen	366
36743294	ctreude	Christoph Treude	350
1930975046	GilbreaCentre	Gilbrea Centre	348
126672567	IATSL	IATSL	342
585439060	CASRAIreconnect	CASRAI ReConnect	342
41167760	vivianhoward	Vivian Howard	339
123419776	mp_robillard	Martin Robillard	339
1511494356	UofRAgingCentre	UR Centre on Aging 	338
2906903374	AGEWELL_NCE	AGE-WELL NCE Inc.	334
571227090	ESEM_conf	ESEM Conference	333
82647786	sleconf	SLE Conference	330
228310520	williamaparker	William Parker	330
18358277	lauriewilliams	Laurie Williams	327
119753715	openwonderland	Open Wonderland	327
16239861	davidt_50	David Templeton	325
137596550	anthonycleve	Anthony Cleve	316
424025826	ICChangeAB	ICChange	313
25856338	SAnaniadou	Sophia Ananiadou	310
1615257752	SANERconf	IEEESANER	307
47931955	devanbu	Premkumar Devanbu	306
963072816	TVN_NCE	TVN	302
57666828	filipe_mesquita	Filipe Mesquita	296
861388064	Dan_DelBalso	Daniel Del Balso	293
180962066	miami_mlearning	Jerry Gannod	291
86481023	pvgorp	Pieter Van Gorp	282
23805757	jeremy_bradbury	Jeremy Bradbury	282
11002172	fabiorocha	Fabio Rocha	281
34029163	dilmamds	Dilma da Silva	277
613495558	ElizabethShantz	Elizabeth Shantz	273
26068824	rmaranhao	Rui Maranhao	273
32331239	christianbird	Christian Bird	272
22121422	anyahelene	Anya Helene Bagge	269
137477017	shane_mcintosh	Shane McIntosh	264
27819813	reid_holmes	reid holmes	252
130931465	joelefischer	Joel Fischer	249
48424701	davidnotkin	David Notkin	249
46566696	ipekozkaya	Ipek  Ozkaya	233
416909756	b_vasilescu	Bogdan Vasilescu	232
210925142	olgabaysal	Olga Baysal	229
381414568	HIC_KI	HIC	229
83624542	HZack	Tsahi (Zack) Hayat	229
16415324	christinegill	Christine Gillies	225
20133757	dustdar	schahram dustdar	224
363692350	EricBouwers	Eric Bouwers	223
123561696	andrianmarcus	Andrian Marcus	222
41830692	IBMCAS	CAS Research	212
15287239	nicbet	Nicolas Bettenburg	211
517101483	wvnorman	Wendy V Norman	209
2157568964	HHEdmonton	HHEdmonton	200
1689733885	seba0_	Sebastian Erdweg	199
16928975	karenreid	karenreid	198
457180380	ProfCordy	Jim Cordy	196
599442702	GlycomicsCentre	Glycomics Centre	195
2155017872	IEEE_ICALT	ICALT Conference	194
1358619074	Cairo_Lab	Christopher Cairo	193
590088281	casrai_ed	David Baker (Casrai)	190
73084139	SunnySalamander	Sunny Salamander	189
35790511	CaptainEmerson	Emerson Murphy-Hill	186
1903337412	beck_fabian	Fabian Beck	184
420815969	Badeia_	Badeia	182
68926574	MagielBruntink	Magiel Bruntink	176
539235893	GraChurch	Graham Churchill	172
2168927216	COA_YGK	Council On Aging	171
242106907	GeOSkliv	George Sklivanitis	170
566936984	DanaHDamian	Daniela Damian	169
1148704470	BradfordJanke	Amanda BradfordJanke	169
124203962	soniahaiduc	Sonia Haiduc	164
45704896	erdogmush	Hakan Erdogmus	164
988465844	tom_mens	Tom Mens	159
409553775	UOIResComm	UOIResearchCommittee	159
68494040	dfserrano	Diego Serrano	156
794514	perelgut	Stephen Perelgut	153
42789198	ConnieVarnhagen	Connie Varnhagen	148
415202991	jonduff42	Jonathan Duff	145
347394680	GabbySilberman	Gabriel Silberman	144
12475722	drmarkuic	Mark Grechanik	143
22117208	thechiselgroup	The Chisel Group	143
462320341	SeanGouglas	Sean Gouglas	141
1058374262	AnnArmour	Margaret-Ann Armour	135
1957569859	annakoop	Anna Koop	132
126360941	sarahnadi	Sarah Nadi	130
481614611	AnneEliSonia	Anne Pratt	129
11027792	dgolovan	Denis Golovan	124
23326159	colinr23	colin robertson	124
55645589	MO_GY	Guang Ying Mo	110
275096851	brianm_ualberta	Brian Murphy	109
51857209	bengerbil	Ben Korvemaker	107
1878801188	ICPC14	ICPC14	104
305490716	fakedavidparnas	bad SE prof	100
18407966	vlatsis	Vasileios Latsis	99
2176661745	icmt2015	ICMT 2015	98
48034346	chri__chri	Christina Christod.	97
1392029893	WinSETTCentre	WinSETT Centre	93
2309242393	Lowarylab	Todd L. Lowary	91
79571979	jacomecunha	Jcome Cunha	91
20108133	agoodrum	abby goodrum	83
1912628149	Adas_Team	Ada's Team	78
117749569	redjbishop	Judith Bishop	78
107198211	exogram	David Harris Smith	77
177865511	ICSM2011	ICSM 2011	69
39042371	Cheryl_Morris	Cheryl Morris	68
130235116	UCOSP	UCOSP	68
535862399	victorguana	Victor Guana	64
1976522960	ICSME2014	ICSME2014	63
122446313	CaLabist	Serge Mankovski	61
62577903	IASSIST2010	IASSIST 2010	59
18088299	rodolfosanchez	Rodolfo Sanchez	54
96100444	ChristoStamelos	Christos Stamelos	49
28459677	wendypowley	Wendy Powley	48
28596097	marionascimento	Mario Nascimento	48
460728068	tcngraham	Nick Graham	47
34187705	lililiu_ca	Lili Liu	46
139806993	lauriernewslab	Laurier News Lab	43
136058805	norhavillegas	Norha M. Villegas	43
398803128	SharlaKing	Sharla King	39
245115963	adrshep	Adrian Sheppard	39
277660257	JoannaWNg	Joanna Ng	38
21768970	bipinupadhyaya	Bipin Upadhyaya	37
405141677	tpapageor	tpapageor	36
2464754221	ioanis_nik	Ioanis Nikolaidis	33
407856076	jane_drummond	Jane Drummond	33
66599076	dimadimi	Dimitrina (Dima) 	31
444897118	ICEC2012	ICEC2012	29
2521564717	bbazelli	Blerina Bazelli	26
176674343	dm_barbosa	Denilson Barbosa	23
2743653637	GEODES_Group	GEODES GROUP	18
273117681	ronbaecker	Ron Baecker	17
902244138	CSEET2013	CSEET 2013	15
1724111924	WindsorFours	Windsor Fours	2
204286213	icsme	icsme	1
