16777662	aenes	Enes DABANLIOLU	423
16579964	EmrahTokalak	Emrah Tokalak	627
15041941	jamescun	James Cunningham	14479
142314474	akazan	Arda Kazan	1722
17026799	alekseykorzun	Aleksey Korzun	2748
25210847	eraydemirok	Eray Demirok	4504
18869737	erstn	erstn	241
48943500	gokhantoka	Gkhan Toka	5035
10708402	baranakkush	baranakkush	1125
16210728	sahin_fx	Sahin Doan	248
18833044	charcoalonur	Onur Gltekin	396
82828799	gonullerinceosu	Gnllerin CEO'su	3994
142317240	bugrazzi	Bug Check	269
19506790	sherylsandberg	Sheryl Sandberg	168791
15906610	lihanchen	Lihan Chen	796
16463237	RebeccaDohrman	Rebecca Dohrman	1239
5199281	gilesbedford	Giles Bedford	522
9907692	Kimberlyland	Kimberly Conley	607
4536841	chammock	Carolyn Hammock	576
5655332	jamkant	JK	63
16408548	rrao	Robby Rao	190
21412359	chromolume	chromolume	261
15907203	Marco_Ribeiro	Marco_Ribeiro	17
19839349	kimmydeenyc	kimmydeeyo	317
15910019	dibaz	Diba	354
16968990	icantseethesky	heather	150
1781641	jedstremel	J S	27
7144882	heykim	heykim	28864
16484677	jkrisch	Jochen Krisch	6396
14269578	vivve	Vivian Gagliano	1961
1002351	AlbertoNardelli	Alberto Nardelli	29847
14886344	scottkleinberg	Scott Kleinberg	12253
18841584	rosalindchu	Rosalind Chu	680
2112991	jgerst	John Gerstner	953
6311392	mmueller	Martin Mueller	2397
19091929	cdgrams	Chris Grams	2869
1347391	davidrdesign	David Robinson	1821
2156951	Percival	Sean Percival	19802
7415102	emilyrehm	Emily	861
14121095	joseph_carney	Joe	4930
14415158	MikeMueller	Mike Mueller	13373
3819451	ManFmNantucket	Mark L Palmer	1649
17801038	Emc1683	Emc1683	454
6851112	mitchmalone	Mitch Malone	3468
14373844	yfilali	yfilali	170
17900785	insultant	insultant	629
15405165	MartinSchimak	Martin Schimak	1080
18325813	mrdavidbacon	David Bacon	1182
20372854	roisibo	Roisin O'Brien	718
22634270	laurahvogel	Laura Vogel	2305
14714624	stevefarnworth	Steve Farnworth	984
14796950	vladgeorgescu	Vlad Georgescu	5043
6590	benborges_	Ben Borges	2248
14221308	jlleblanc	Joe LeBlanc	3635
21456152	sarahlawer	Sarah Lawer	1732
6238012	mvanhorn	Matt Van Horn	9766
20466413	Nuk3dawg	Roger Smith	2727
1439401	bennop	Ben Peterson	211
17118883	nucleartesla	tammy gunz	1087
12950202	markadams44	Mark	405
16499861	pboeck	patrick	337
14963780	jmmafftgto	Jimmy Affatigato	149
14454709	mirinel	Mihai-Irinel	2089
22592284	Unit77	Punit Sarin	142
8079282	arturosecreto	Artur Schmidt	368
5669832	PascalSijen	Pascal Sijen	1628
17885592	edwinrosero	Edwin Rosero	292
15058919	sgutier	Sergio G	206
18856482	andrea_caruso	Andrea Caruso	133
1138981	jeremyfranklin	Jeremy Franklin, PhD	1271
23274723	bthelee	Brian Lee	91
18152137	bencoy	Ben Coy	3368
1591381	gletham	Glenn Letham	6525
20911052	Ecosaveology	Ecosaveology	14276
16142595	_queen	Jessica Davis	483
22575757	ftafra	Frane	21
14761110	diane_burkett	Diane Burkett	1170
21385790	petrip	Petri Pellinen	251
8828592	AmazingAaron	AmazingAaron	770
21187876	MatthiasCremer	Matthias Cremer	6793
17962231	douglangille	Doug Langille	2266
48593	aroberts	Andy Roberts	1753
12084362	ShamelessShamus	Shameless Shamus	44390
2818861	Nevinho	Nevinho	354
644323	lolfuture	Sally Cole	1004
7459192	sebschu	Sebastian Schuster	366
14605631	danjben	Daniel Benjamin	175
9836582	treypennington	Trey Pennington	95413
16059227	visishs	Visish Srinivasan	144
7036422	oceanician	Ian Moss	2512
13350	daveying99	David Haddad	19501
5848282	tonyobregon	Tony Obregon	3217
15693673	meheller	Martin Heller	821
14096352	KathleneHestir	Kathlene Hestir	2670
16873951	tkcampo	tk campo	390
17185991	iainjwallace	Iain Wallace	930
9284552	JerAbraham	Jeremiah Abraham	1617
383323	zzap	double asia boy	6818
5885032	WISteve	Wisconsin Steve	741
10836852	bigjonevans	Jon Evans	22164
8663312	kirkbiglione	Kirk Biglione	2062
16209125	itsallhearsay	Kristin	296
13053272	askpavel	Pavel Israelsky	2362
18772633	JamesMcNamara	James McNamara	1610
16432618	estudent	Bernie Marks	1199
6245352	peeyush	Peeyush	1064
15248810	ChristopherBlum	Christopher Blum	1088
15991360	jeffiden	Jeff Iden	283
14549384	clydelerner	Clyde Lerner	4242
15815446	fjoekjui	Bobby Schafer	171
5893492	gerhardbauer	Gerhard	497
14343708	6ix8t8	David J.M.	779
12385862	CynthiaWare	Cynthia Ware	2080
10140822	donnaka	donnaka	726
14560591	MissSteph	Stephanie	206
14287005	webireland	Paul Anthony	1948
13575412	avtarpr	April Lawson	969
1745511	sheatsb	brandon s.	2354
22679721	tierpel	tierpel	162
14449009	bornonjuly4	Deva Annamalai	1232
16853197	Yioktu	Yioktu	444
15585819	abhiomkar	Abhinay Omkar	913
1340521	turoczy	Rick Turoczy	14363
19104282	gahoom	The Holy Trinity	137
14176997	l3ahb3tan	Leah Betancourt	2211
8409882	emmaemail	Emma, Inc.	14933
15023535	lv__	Leanne Vanderbyl	333
7358442	normanliang	Norm Liang	1154
14708925	muunkky	Cameron Rout	439
17222223	thomasjhardy	Thomas Hardy	6288
14364049	jasonkincaid	Jason Kincaid	28907
10355192	billgiltner	Bill Giltner	995
15669526	paterlinimatias	Matias Paterlini	1743
14031032	AdamSinger	Adam Singer	19598
17274490	Tres_	Tres	377
9445792	zoink	Dylan Field	1742
14070025	cantara	Cantara Christopher	656
17310646	superglaze	David Meyer	9106
1676	timkersey	Tim Kersey	1277
14388937	theycallmetater	theycallmetater	357
8461972	DreMoran	Andres Moran	1023
6573352	mosseri	Adam Mosseri	16428
729623	gsiener	Graham Siener	1159
8470702	benkman	Alexander Benker	887
8031262	matdell	Matas Dell'Anno	1241
5444852	mlitman	michael litman	8120
16972794	dswancanada	dswancanada	184
6454262	AmitElhanan	Amit Elhanan	544
22414183	MariMinetaClapp	Mari Mineta Clapp	354
13122	davidblack	David Black	1324
7721532	Benyamin	Benyamin	768
10877652	AkronOhioHomes	David M. Childress	5957
15120407	ChrisLCH	Hello. I am Chris.	1239
5410962	grahamsmith	Graham Smith	1586
3026061	jbialer	Jake Bialer	1150
16726385	cswambar	cswambar	718
5729612	jhelmus	John Helmus	2421
16819278	AlohaArleen	Arleen Boyd	189750
15158941	rena_higgins	Rena Higgins	385
19959117	GrowlersWorld	Rawle Austin 	1485
18791313	PeaceCandles	Peaceblossom Candles	1543
15686613	DarryleP	Darryle Pollack	9080
15766371	bowlingotter	Matt Buckley	3782
899671	RexDixon	Rex Dixon	1438
5558552	lazerow	michael lazerow	26208
8628702	marcvs	Marcus Brasil	1435
21023279	bRyceWatana	BryceWatanasoponwong	1267
16347908	mpitzke	Marc Pitzke	3909
1980271	msingleton	Mike Singleton	3842
17034185	fzmirza	fzmirza	121
17400858	pfterry	Fred Terry	246
15272110	sidneyeve	Sidneyeve Matrix	22294
20932769	JC_Webb	JC Webb	689
12295092	qliq	QLIQ	4218
15115783	ArtKids	ArtKids Foundation	8675
2877541	girlgamy	Amy Greenlaw	3700
18365410	nilesmc	Cornelius Quinn	1384
18346195	edd_hind	Edd Hind	2532
3195401	yanivg	Yaniv Golan	3330
16885938	lmea	Luca Mearelli	594
14226216	jeremyfo	Jeremy	189
12952252	chrismcclelland	Chris McClelland	2504
7380242	jwetzel	Josh Wetzel	865
19692583	believesulli	Sulli	3452
15924843	HFUP	Hollywood4UglyPeople	366
20270463	tomSmoke	tomSmoke	1106
16144783	toddgoldfarb	toddgoldfarb	396
8469162	JasonNiel	Jason Nielubowicz	848
14486811	jboitnott	John Boitnott	103968
15779965	annestuessy	Anne Stuessy	1182
738933	rodrigo	Rodrigo Seplveda	16242
22757557	woutorrrr	Wouter	229
14402310	hookjaw	Larry Gonzales	1267
17089713	BestDamn	BestDamn	3496
5774132	maxime	Maxime VALETTE	13397
18549041	katrina_v	Katrina V	1218
14243059	reyes	Mauricio	2385
18528260	BruceFraser	The Brce	2850
17112369	jose3030	3030	19233
15127564	AYFULD	AYFULD	733
17717643	dora_gerber	Dora Gerber	3576
18432649	raindropper	Tomi	836
19121573	Hermanagilda	Carmen Snchez Jara	1652
21539686	ariq	ariq daniels	1271
17348564	sortofnatural	no	1115
5754642	mpacific	Mike Pacific	1471
17467093	AdinaGenn	Adina Genn	760
19755825	overyy	Mark Overy 	29785
9917282	kgool	Kelly Goolsby	2574
18428072	benatlas	Ben Atlas	408
14308974	zarzax	Mark Young	396
14201151	John_Marchesini	John Marchesini	1434
14475312	Timberry	Tim Berry	17888
8906922	TonyRush	TonyRush 	6737
13823442	agobelle	Alyssa Gobelle	1014
5907932	thesolster	Sol Lipman	2367
8523822	iannarino	S. Anthony Iannarino	44022
14413614	elies	Elies Campo	3725
5690332	mkelso00	Mark Kelso	1899
11552	antonio	Antonio Altamirano	14000
72103	OliBarrett	Oli Barrett	16323
15246466	mgloerich	Melle Gloerich	1284
14802144	suzanneally	Suzanne Ally	600
16330790	AviMayer	Avi Mayer	27665
19127333	thai101	Rikker Dockum	3178
19781330	Irant	Kevin Boulas	3009
5958242	irfonw	Irfon Watkins	1212
17516863	billjoll	billjoll	870
15038615	Kamelita	Kami L	593
17798235	lamontweaver	lamont weaver	1909
15056730	DominicTravers	Dominic Travers	1468
19382918	xmainer1	Lisa Foster	2210
4471951	Jemm	Joni Moilanen	1085
2895081	leeadkins	Lee Adkins	427
5531562	engle	Jesse Engle	4336
16471387	BenNesvig	Ben Nesvig	1633
1097161	katebevan	Kate Bevan	7896
16946507	Catarino	to	2490
702023	krys2fur	krys2fur	464
18072408	AndrewMueller	Andrew Mueller	8910
17789793	OmegaSuperfoods	Alex McMurtrie	2990
20404983	media_reveries	Mansi	7142
14568079	BackPorchSoap	Marla Bosworth	6256
14758308	hameshiv	Emmanuel Lesgold	267
14687012	Ealz	Ealeal Ginott	2419
19719147	mrennett	Michael Rennett	56
761613	evan	Evan	1226
17304504	chriswalts	Chris Walts	2475
7853172	braidn	Braden Douglass	906
15645436	vincelaconte	Vincent LaConte	218
18295778	pesska	Jessica Bland	2536
10342832	skeevis	Zvi Band	5136
15673595	orrsella	Orr Sella	457
814918	labsji	Balaji Sowmyanarayan	1016
608833	sampurtill	Sam Purtill	1373
16662944	bobbarrett	Bob Barrett	140
14135026	alexdavidson	Alexander Davidson	188
11930862	travishines	Travis Hines	1641
16033309	MartyKauls	Marty Kauls	1172
14784720	MAK009X	 	1869
6160792	Nero	Milo Yiannopoulos	48802
12803032	AlexCox	Alexandra Cox	928
15280017	vickrumloi	Vickrum Loi	243
11456642	olegpodsechin	Oleg Podsechin	2602
14344481	bostonmarketer	Rachel Levy	10604
1350631	chrsoz	Chris Osborne	1090
14113174	freshmind	Kirill Veydash	624
12069992	liors	Liors	2063
14657961	dgkanatsios	Dimitris Gkanatsios	1704
6193182	jbruin	Jenn Van Grove	27795
9319082	mh	matt hunter	20944
20868458	jacqii	jacqii 	231
20820139	AnieByers	Steph Byers	15564
20104794	Billabonic	William Reulbach	898
11552392	matthersh	Matt Hersh	321
22116265	PsykieSprent	Psykie Sprent	46
18436296	allancurtis	Allan Curtis	40762
790774	paulsbohm	Paul Stefan Bohm	2456
1703071	dwr_old	dwr	809
15420021	markpike	Mark Pike	541
19289364	regards	Jon Regards	2296
12776692	darian314	Darian Shirazi	5743
9291212	edwk	Edwin Khodabakchian	2749
11799082	broadcrawford	AnthonyBroadCrawford	1195
17905812	karuggeri	Kathy Ruggeri	238
18489607	PamelaBeeney	Pamela	2325
19479427	artypapers	r.	5966
19833896	aristeinberg	Ari Steinberg	845
4436261	alexroche	Alexandre Roche	16839
7982802	eldon	Eric Rosser Eldon	20252
652193	mgsiegler	M.G. Siegler	161461
1401991	sujamthe	Sudha Jamthe	4440
824157	mathewi	Mathew Ingram	65118
15310921	bossjones	Malcolm Jones	2089
4298971	ophiesay	Sophia Chiang	949
788245	iTod	Todd Ditchendorf	5028
10221	drew	drew olanoff	26581
2023661	christianderson	Christian Anderson	2493
3160731	jamesheckIII	James	367
9925732	FitzAZ	Tim FitzGerald	1173
2689501	jaymartinez	Jayron Martinez	548
14318147	RogerKBeaty	Roger K. Beaty	7131
1370351	kessler	Ben Kessler	4803
1882641	calebelston	Caleb Elston	2705
18220292	yumke	yumke	2345
10423262	chrisayer	Chris Ayer	5722
8479062	fromedome	Dan Frommer	37861
5939742	parkernow	Parker Mason	1855
615723	ethank	Ethan Kaplan	9367
16208662	lisamurphyTO	lisamurphyTO	3870
15354380	michaelfidler	Michael Fidler	1896
10121552	hidgw	dgw	1391
20029872	dakini_3	Jeris JC Miller	4344
705953	chris24	Chris Thomson	2363
7924892	andiepear	Andrea Heuer	654
14674690	seanpower	Sean Power	12718
14963025	alivea	iva	4648
4426901	johnnyA99	johnnyA99	4616
15067525	dkruglyak	Dmitriy Kruglyak	754
3891991	fabiandesimone	Fabian De Simone	1099
3846161	altay	Altay Guvench	605
18369928	GordMcLeod	Gord McLeod	3621
14518363	danstudnicky	Dan	237
14443342	mrosete	marc rosete	299
18125788	jeffhallstead	Jeff Hallstead	328
4148811	cbgreenwood	cbgreenwood	2931
14046334	andrewryno	Andrew Ryno	1606
989	om	Om Malik	1479588
754978	dodeja	Akshay Dodeja	2436
10779412	jonfingas	Jon Fingas	6126
12450802	peoppenheimer	Paul Oppenheimer	2058
16301172	willowdiamond	MOVIES. and stuff.	897
16354103	pgkiran	Kiran	921
681603	ScottImmergut	Scott Immergut	415
14180345	peterto	Peter	417
17618539	deepakravindran	Deepak Ravindran	2703
14207377	bobfernicola	Bob Fernicola	7580
17819827	TweepHerder	Steve Wilson	304
896141	billbarhydt	Bill Barhydt	4108
9869792	konterfai	Konterfai	550
19823653	BrightSurfMedia	John Burke	61
16015780	brette	Brette Borow	1155
8007092	WilsonCleveland	Wilson Cleveland	14416
12368842	opean	opean	889
15978036	JamesBorow	James Borow	3163
15445973	ckegelman	Carter Kegelman	213
7382082	andersondb8	Devin Anderson	204
19389566	GirlsGuideTo	Girls Guide To...	3878
14347282	SebastienPage	Sbastien Page	51344
18666797	dailybooth	dailybooth	10776
9572822	gianouts	Simon Gianoutsos	2196
2630121	EricT	Eric Thompson	260
14828938	sm63	Sanjay Mehta	6108
15248550	MedicalQuack	MedicalQuack	8324
14085347	Mennacher	M	307
15159053	vicsingh	Vic Singh	1677
6331462	jess	Jessica Verrilli	375763
17597121	koolkrowd	Kool Krowd	288
5518112	karkaremtg	Mihir	1169
3317821	shartley	Shawn Hartley	968
822858	tedroden	Ted Roden	3419
2132641	fredericl	Frederic Lardinois	15891
14348255	StaceyMonk	Stacey Monk	7077
12454882	louisgray	Louis Gray	35759
10315172	DeepakDas	Deepak Das	643
20935486	purusho	Puru	212
3094201	arjunram	Arjun Ram	2952
1724401	timyoung	Timothy Young	142827
1175221	digiphile	Alex Howard	251118
19054416	chaz2b	chaz2b	2040
14816238	charohenriquez	Charo Henriquez	1602
13214712	Dovinator	Dovinator	476
16974562	jgould03	jgould03	52
14862077	dorrine	Dorrine Mendoza	6601
18380089	wp	William Peng	4172
812441	jlambert	Jonathan Lambert	1441
17768461	slederman	Sol Lederman	189
16009297	dbarra	dbarra	247
15517696	JeethuKarthik	JK	348
8140842	talfahi	.t	898
15747128	JennKim	Jennifer Kim	2666
6532	jeffreymcmanus	Jeffrey McManus	2186
643383	biebergazm	Matthew Campbell	560
15515303	cliffdailey	Cliff Dailey	1968
6909872	ksjhalla	Kaushal Jhalla	2035
6145712	abatalion	Aaron Batalion	4957
11202782	allaboutenergy	Amy ~ AllAboutEnergy	7566
18639546	Jeff_Berlin	Jeff_Berlin	186
14492964	RobTyrie	Rob Tyrie	3026
15993167	catrific	Catrific	187022
15812221	projblogsphere	projectblogsphere	1777
17112843	pankaj	Pankaj Gupta	9989
18887454	nash_h	Nash H	468
16274637	RogerRabbits	RogerRabbit	225
5772342	JR_Nelson	J.R. Nelson	661
1247041	ziv	Ziv Navoth	852
14995328	johnrust	John Rust	275
14606621	roterhund	Jenny Hunter	689
16313058	twatan	Natan Edelsburg	6327
6674162	graiz	Greg Raiz	3936
9663882	loganlenz	Logan Lenz	13270
12022482	surinder	Surinder	853
6548432	alexkorth	Alex Korth	431
810641	oncee	Bill Gardner	3935
2860251	forestandtrees	Kim Young	629
19467895	tuppencer	Sarah Wang	148
9717812	FrankSchuil	FrankSchuil	2802
12468802	justinerdman	Justin Erdman	2522
18639103	pattishock	Patti Shock	13286
1424681	budtheteacher	Bud Hunt	11840
14039492	brentrasmussen	Brent Rasmussen	261
15286924	stwunder	Stefan Wunder	2002
11472	thomas	thomas marban	12648
11315892	beyondtherockz	*Al and Caroline	4459
11746402	razvanantonescu	Razvan Antonescu	1480
15784585	arif___budiman	Arif Budiman	237
18940735	Adam_Levene	Adam Levene	1141
16620786	kn0tch	Greg Osuri	3608
17853760	robcorddry	rob corddry	1481112
14483832	xtianbretz	Xtian Bretz	837
19943136	categable	Cate Gable	347
6102602	MissGoogle	Stephanie Terroir 	4293
16111672	urbanfarmerstl	Bruce Clithero	2407
9274492	webaddict	Joel Mackey	108114
23168484	hegreness	ryan hegreness	451
18390790	nachobottinelli	Nacho Bottinelli	93557
13587372	lvmc	Luiz Vitor M Cardoso	154
10314692	zprocket	Dave Hall	52
16581519	fashionstbeauty	Kristin Booker	6183
14802535	RipplesGuy	Paul Wesselmann	3332
7921292	broepke	Brian Roepke	1974
15038140	duanelong	duanelong	535
15825711	Marcus_Andrews	Marcus Andrews	2155
4387431	qgchew	Qi-Guang	290
71903	thorpus	Justin Thorp	6733
16570299	ReggieRPR	Reggie Nicolay	14973
18884093	themindsetgame	Michael Algrim	452
14870616	AndrewGalasetti	Andrew Galasetti	1471
14328364	stacyvanwickler	stacyvanwickler	481
20691193	dot1ne	M. Saleh Esmaeili	4292
14903222	jlangvad	Jacob Langvad N.	1124
23313748	eyalmegged	Eyal Megged	170
13062092	chrissychrzan	Chrissy Chrzan	2797
2218831	Yashou	Yasha Sekhavat	2512
14203596	Vienne	Vienne	1244
8118962	busse	chris busse	2964
14534212	biggiesu	Mike Su	1401
15064338	austroud	Austin Stroud	1701
15863667	coachdonna	Donna Steinhorn	1815
7830962	miriamschwab	Miriam Schwab	5583
15138104	kevinmeyers	Kevin Meyers	1991
21057031	freesuccess	Free Success Uni	1245
14252191	MatthewRay	Matthew Ray	3975
6817652	moyalynne	Moya Watson	2200
19892033	RossStokes	Ross Stokes	5136
12056272	ryandeshazer	Ryan DeShazer	1505
4132781	futileboy	Ryan Lane	1049
16413489	sungpal2002	Sung-Un Yang	901
18567018	bigthink	Big Think	73866
14355142	yannr	Yann Ropars	7219
8637912	pablojenkins	Pablo Jenkins	2256
17874091	LucrativeNiches	Lucrative Niches	1259
16860401	chaserules	Chase Ferry	443
6889532	jonathanfh	Jonathan Fusellier	498
1242571	randymatheson	Randy Matheson	7540
12691002	BaileyMcC	Bailey McCann	2140
2230561	bridgpal	Anil Bridgpal	543
15654910	swfrost	Stephanie Frost	3517
1279371	Bundini	Jeff Bundy	782
23318779	Protestor	Protestor	19
17037466	JuanitaNg	Juanita Ng	3706
3212691	HysBrian	Brian Hayes	552
15792333	TariAkpodiete	TariAkpodiete	3530
10497202	wickedbecool	Brian Cooley	1857
5749112	MelWebster	mel webster	1613
9612772	jeffhunt00	Jeff Hunt	722
14842440	hollyskodis	hollyskodis	322
14649625	AdviserLifeTalk	LifeTalk	8288
15315553	jeffbean	Jeff Bean	744
3808031	campus	campus	2045
635953	nanther	Nanther	1035
4796901	gregcangialosi	Greg Cangialosi	13498
13873352	johnlally	John Lally	685
14046322	COmtnClimr	Stacey	2953
16742392	udioz	Udi Oz	130
16193488	iancapstick	Ian Capstick	15208
16002116	annaebbesen	annaebbesen	3715
11834242	twopac	David Reche	680
10143482	jim	Jim Halligan	4785
815246	wesbos	Wes Bos	13472
20231118	duncanparry	Duncan Parry	1445
7362942	alecdet	Alec Detwiler	555
608703	Omomyid	Clint	726
18949014	GiantnerdCEO	Randall Weidberg	1624
4277951	marciabelcher	Marcia L. Lazzaron	1653
6513332	elblogdebinario	BiNaRiO	6269
16909796	go2pal	Gopal Pillai	278
1965681	patrix	Patrix	1695
16152005	cheridufresne	Cheri Dufresne	1243
23012123	DoanQuach	Doan Quach	12
15579117	robbrown	Rob Brown	6797
1693381	bJonathan	Jonathan Benoudiz	1959
935991	MikeSchnoor	Mike Schnoor	5786
1435611	Djenan	Djenan Kozic	438
17018144	jonwoolfson	Jon Woolfson	835
14305506	adamPDOTcom	Adam Pieniazek	1046
15266590	abba_dad	Amir Dekel	1085
22227207	thelibrarymary	librarymary	160
19084328	HeadmanSays	Andrew	663
16497418	mantablog	manta diving blog 	1013
14678878	nathanjenkins	Nathan Jenkins	292
9317092	warrenss	Warren Sukernek	7139
15738862	nelsonm	nelsonm	747
18178289	dealbroker	dealbroker	512
6424612	feral_hammy	Deborah	728
13822082	RedSquareVisual	Red Square Visuals	4950
20662154	lenylim1	Leny Lim	1071
17167335	eyoste	ElizabethWhittington	1776
15584540	dawnmaloney	365Hudson	1895
1552461	ravbaker	Rafa Piekarski	955
20691086	JustinClassic1	Justin	3428
8921742	jaidenbenz	Jaiden Benz	9595
7951602	aledwg	Aled	779
2522041	YuriJagrine	Yuri Jagrine	338
804333	badgergravling	Dan Thornton 	4966
14135213	nafnosseb	Ru Viljoen	191
14208118	apurva_p	Apurva	207
15154938	Ammar_Zahar	ammarzahar	3380
14560460	JennaSchnuer	Jenna Schnuer	3270
16295163	moast	MOAST	465
14570526	michaelgcohen	Michael G. Cohen	3413
6439762	B_T	Brian Thornton	125
592313	JudsonCollier	Judson Collier	3057
23318459	argus27	Charles Edouard	2956
19779154	microbrewmedia	Microbrew Media	967
16080545	lakey	Chris Lake	9281
20025220	laureni	Lauren Indvik	22539
16412456	Tracy_J_Lewis	Tracy DiMarino Lewis	2304
732773	dhowell	Denise Howell	10942
15676316	SonalMehta	Sonal Mehta Amin	1504
9486552	sawagner30	Scott Wagner	3084
7198282	halbluchs	Nico Luchsinger	2026
16544602	seanlena	Sean Lena	183
14724142	michelletripp	Michelle Tripp	15426
18336631	FollowChintan	Chintan Patel	4634
7865552	MarkGhuneim	Mark Ghuneim	5582
15159525	ramyaprajna	ramyaprajna	4205
18142375	tweetminster	Tweetminster	60088
11344712	cooper9r	Chris Reynolds	1003
14267698	jkimla	John C Kim	8011
19938871	maharshipatel	Maharshi Patel	409
9895542	jacobgeorge	Jacob George	755
16085685	thebcast	The B-Cast	2943
22775120	KBroderick1	KB	230
22990562	tweetpoint	tweetpoint	81
6425972	rishabhkaul	Rishabh Kaul	2112
21310619	deanmeldau	Dean Meldau	65
14651892	paulroetzer	Paul Roetzer	13888
15463639	MichaelKingston	Michael Kingston	397
12297292	ConorSwanson	ConorSwanson	896
7268202	jdhartley	JD Hartley	624
692243	zheng	zheng yunshen	3473
14687461	DelawareThom	Thom Jensen	253
18385545	xenoc	Xenoc	763
22764037	ivana18	iv/put.	1121
9950972	hermioneway	hermioneway	23504
15277483	amandaolsson	Amanda Olsson	749
2484901	chrishol	Chris Hollindale	581
14467506	jkyled	J Kyle Davis	576
10363272	markbloomfield	Mark Bloomfield	417
20888086	paisaberrio	dlope	146
428633	kwerfeldein	kwerfeldein	10826
15473717	katiesmillie	Katie Smillie	1050
8030862	mikefj40	mikemcgrath	779
5242801	yama	Yama	3519
16961313	tedradey	ted radey	60
21232903	courtneymota	Courtney Mota	1245
17132699	Scott_Herbert	Scott Herbert	2594
11740372	ruhi	Ruhi	800
14660817	aaroncrews	Aaron Crews	908
15791749	Juan_Guerra	Juan Guerra	2242
23198032	chrispoulson	Chris Poulson	714
15789907	italwit	JFreemantle	1187
15896983	Jleagle	James Eagle	157
18181734	kkonotchick	Kristi Konotchick	4453
18417573	TheKevinEller	Kevin Eller	503
14296627	sagiche	sagiche	1199
23055044	Crusader_Tank	Crusader	101
5878532	taylorcarrigan	Taylor Carrigan	4136
17345850	brucehead	Bruce Head	1170
2767801	gbond	G. from NYC	425
19162192	RugbyJones	Rugby Jones 	5131
23244024	carlnat	Carl Nicola	228
17353189	AdamLazzara	Adam Lazzara	180
15936528	bazaarbrett	Brett Hurt	7582
8807402	avoxtar	Yanik Falardeau	295
17875198	EJWalters	Ed Walters	2374
9737012	dttg	diegogomes	2883
11850062	Charno	Diane Charno	1721
14116689	LaneAndrew	Andrew Lane	3272
16475516	avennerberg	Allison Vennerberg	665
9647442	peteaven	Pete Aven	1063
16454439	kfpatton	kfpatton	351
17484604	consensustechno	Consensus-Technology	945
14763141	adkatznelson	adkatznelson	174
12487102	widianto	Arif Widianto	1032
14127768	roblith	Rob Lith	597
15936166	triveraguy	Tom Snyder	10645
696463	DanInTheCity	Dan Hennes	558
18434769	mlportnoy	Mike Portnoy	162
18850363	SERIEously	Serie	233
5732282	pk2004	Paul Kane	1681
5858992	riksta	rik haslam	690
13326822	ryalewis	Ryan	65
15303264	maliwat	chris maliwat	524
22916523	Patpoker	Patrik Jansson	89
8981282	bobcoffield	Bob Coffield	4043
15448212	braddowhaniuk	Brad Dowhaniuk	401
5868362	danoliver	Dan Oliver	6063
17383566	CalliopeCo	Penny M	5300
6103372	RAndyVee	 Andy	573
9309532	AlinMechenici	Alin Mechenici	2854
14160236	samdaams	Sam Daams	3730
14690521	jennyheinrich	Jenny Heinrich	1089
15155952	thinkweb	thinkweb	831
17570867	DannyAboody	DannyAboody	71
13183022	railslove	Railslove	1317
15512912	philwrighthouse	Phil Wrighthouse	631
10160142	btllatino	BTL Latino	357
10125822	wilde_amazone	tina duller	2279
14094710	KeithStewart	Keith Stewart	2238
15862672	FuerzaBrutaOK	FuerzaBruta Oficial	13029
6745042	tflan	Tom Flanagan	1665
20747011	chrishughes	Chris Hughes	39169
9421572	ltaloi	Liviu Taloi	7549
14700357	ToTheStars	SurrenderToTheStars	156
15634915	mr_mcd	Mark McDermott	1543
14786943	SaintSal	Salim Virani	6110
17316269	xpetit	xavier petit	895
12273252	tomwarren	Tom Warren	52597
11191052	Alex_Ionescu	alex ionescu	1626
15149530	trishastl	trishastl	568
15333836	richardsingh	Richard Singh 	445
11538522	lasonne	lasonne	64
8718602	JBagley	Jason Bagley	2855
1107301	walkerfenton	Walker Fenton	858
14111362	andysantamaria	Andy Santamaria	1582
8818382	artionet	artionet	1558
14585384	SamWilson1	Sam Wilson-Spth	9806
6582782	ejyoung67	Elaine Young	5437
5550612	kaigani	kai	3018
15096075	idealist	Idealist	89475
14383482	nielsbenson	Niels Benson	909
22660294	khanomann	Khan	92
15601838	macervoni	macervoni	207
14424369	calebkramer	Caleb Kramer	2063
6054462	lairsue	Sue	396
12532832	AlexLewer	Alex Lewer	1087
12142822	nickpeplow	Nick Peplow	327
9715722	DaleChumbley	Dale Chumbley, eTwit	7924
20223595	wompkin	Wilbur Flowers	184
17225939	Tepherguy	Thomas Ephraim	21187
811462	tsuitor	Terry Suitor	331
2772311	jhharris	Jay Harris	74
15143619	iamdjkor	DJ Kor 	1530
14061237	kamyar	Kamyar	38
14355445	lindaluvs2run	Linda	430
4157261	Gurusblog	Gurusblog	27719
15319030	Joe_90	Joe_90	5946
14064536	joakimax	Joakim Axelsson	1087
14059395	JoyceSolano	JoyceSolano	866
16855725	fulviom	Fulvio Minichini	260
13550	natts	Dave Nattriss	2494
3388571	gerard0	Gerardo Curiel	705
17528982	melissaretty	Melissa Ann Retty	1315
15171884	RonDuquette	Ron Duquette	1460
15150269	cagancaglar	Cagan Caglar	2114
16173728	holdren	holdren	239
19072986	thelindsayist	Lindsay Crudele	2402
14773775	nejman	Joseph Nejman	333
13963412	duncanmcdougall	Duncan McDougall	408
11921572	jlrevilla	JL Revilla	975
19355325	DebraZimmer	Debra Zimmer	16015
1560451	mark3k	Mark	767
15727738	cwhogg	Chris Hogg	4995
16833932	DustinGTaylor	Dustin Taylor	514
12797672	chadisfaction	Chadisfaction	64
15728618	RupaNaipaul	rupa	1460
12081752	Ufaev	Dmitry Ufaev	990
7331992	MituK	Mitu K-K	8111
13053392	FernReiss	FernReiss	1237
16720904	Cooperbear	Charlie Cooper	701
20466813	lizasperling	Liza Sperling	10712
6247602	cchez	Claudia Chez Abreu	5310
9470092	RobertRice	Robert Rice	3282
11761002	JulianD	Julian Munoz	2053
14239472	fourteenthstar	Fiona Balsillie	1810
14192153	davidwshapiro	David Shapiro	298
22952713	verde7	Verde 7	305
14707115	kvashee	K Vashee	3172
16584992	smartmobile	Patrick Gilbert	1872
16868991	NeedlerFanPudge	Alex Santa Maria	1195
15999014	matthixson	Matt Hixson	3132
15230696	iRelaunch	Carol Fishman Cohen	4353
12761972	jenbrown	Jen Brown	3389
13279002	DavidSadigh	David Sadigh	2896
6388782	jfc	JF Charland	350
9526732	cree8iv1	Lynn DeVries	722
15588153	KyleALewis	Kyle Lewis	1694
12715712	bwoltermann	Bjrn Woltermann	169
21683828	alamperti	Alex Lamperti	945
20061621	CoachLynDee	Lyn-Dee Eldridge	15281
15939352	klowey22	John Hovell	1438
18586712	eFans	eFans	1634
14589345	defilirs	Ross	833
13508092	Twitmike	Mike Etheridge	607
8166302	gbhatia	gbhatia	266
15556862	reallynattu	Nattu	11229
8607892	beingsalvador	SalvadorM	769
14253581	victorKa	Victor Kapra	18535
11049482	pauloerios	Paulo Emilio Rios	210
12182912	vvanbooven	Valerie A. VanBooven	6475
17448940	BurakBardakci	Burak Bardakci	742
15565420	jordanstone	Jordan Stone	2422
8280182	Sendar	Sander Hendriks	558
13976432	stejules	stejules	70916
14697773	seynaeve	Edouard Seynaeve	6246
6130352	AlisonBLowndes	Alison B Lowndes	1563
18628240	freshheit	Daniel Verst	305
10141942	jalford	Jason Alford	271
16807330	mediadls	David L. Smith	4287
15585326	willboy	Will	396
19815041	groob	Jonny Grubin	1214
843691	nlopes	Nuno Machado Lopes	1444
19786080	StephStouffer	Stephanie Stouffer	2715
13029492	mitchchen	Mitch Chen	92
15017284	jerrylthompson	Jerry Thompson	1691
6334982	lauramwebster	Laura Webster	217
69583	Alheri	Lilly Evans	3546
15838009	lantyo	Lanty O'Connor	92
1905521	davecurry	Dave Curry	8679
14564385	juanibelbis	JuaniBelbis #laplata	39601
753123	erikb	Erik Berg	1127
17043637	fredjet	Fred Sullivan	870
20994276	mindelevator	Steve	14
14673146	jayadev	jayadev	125
14649587	ShakeTheSalt	Christy Rooney	2619
14280897	mattwarren	Matt Warren	1302
14527567	johnfairley	John Fairley	703
15613504	kathysd	kathysd	431
20090735	bottomrighthand	Colin Lapin	199
16876339	BradleyWill	Bradley Will	21347
15845737	cpollak21	Charlie Pollak	177
22541944	Imogene13	Jennifer	47
17675280	uebergrrrl	uebergirl	36
9060672	wayfmguy45	Adam Robertson	1650
755973	androo	androo carey	1120
14250331	webrazzi	Webrazzi	218279
14854282	mpelembe	smbale	1675
15831587	Ridertech	Ridertech	2750
10155272	jennielees	Jennie Lees	3784
18398232	latronbrown	LaTron S. Brown	997
15085588	BillHausheer	Bill Hausheer	148
15190796	AnaLorena	Ana Lorena Moreno G	2349
15924333	MixMyGranola	MixMyGranola	4299
17389888	MikeyFletch	Mike Fletcher	3168
19830795	HapiNowLife	HapiNow Lifestyle	10137
2825191	iboy	George Nimeh  	7377
18630243	SponsorPitch	SponsorPitch	13016
16362894	SeoSeb	SeoSeb	1239
21	dom	Dom Sagolla	39406
16072150	MsCareerGirl	MsCareerGirl.com	11710
15642016	Kboschetto	Kimberlee Boschetto	213
3032	Brett	Brett	22862
16239939	alexbarnett	Alex Barnett	1678
16023965	FreedomWeaver	Bryan Choate	9805
12106882	Felix_F	Felix Fiek	420
15288539	wealthystudent	Wealthystudent.co.uk	967
19264383	etuleu	Erdal T	380
21047353	AmyKauffman	Amy Kauffman	1701
6345802	holyj	Josef Holy	493
15529107	AndrewCrawford	Andrew Crawford	858
14192451	AdamHaroun	Adam Haroun	1495
14449681	gsrobins	GB Robins (Graham)	388
16202473	smangela	Samantha McDuffee	1001
18173385	NoelleSilvia	Nolle Silvia	958
19727761	egotv	Ego TV	5792
14511820	ryanleecox	Ryan Cox	5132
14365134	mikecheung	Michael Cheung	614
15438062	JenJanson	Jennifer Janson	2592
14110293	marobella	Paul Marobella	5280
17023921	DreamsForKids	Dreams for Kids	14141
645153	mc4hill	Matthew Cahill	8419
5025281	jsmarr	Joseph Smarr	8465
744463	daveman692	David Recordon	14092
4653371	ccheever	Charlie Cheever	12763
14203622	jessyb	Jessica Sittig	1543
9486792	JessicaBigarel	JessicaBigarel	37
3291691	chamath	Chamath Palihapitiya	27883
14137929	blumenfeld	Ben Blumenfeld	22455
1713801	mcslee	Mark Slee	616
1260231	joehewitt	Joe Hewitt	37974
5491	cameronmarlow	Cameron Marlow	4298
10078	reidhoffman	Reid Hoffman	283591
10476462	adamdangelo	Adam D'Angelo	31503
683263	aaron_	Aaron Sittig	5925
1979921	joshelman	Josh Elman	46797
7537892	johnmccrea	John McCrea	4462
6182852	schrep	Mike Schroepfer	8950
17341765	alexschultz	alexschultz	5658
12877	bixby	Mark Bixby	12279
2948211	rsg	Bobby Goodlatte	18571
14158830	brandee	Brandee Barker	49106
20493150	_chriscox	Chris Cox	5332
3475	davemorin	Dave Morin	453197
15228003	blakeross	Blake Ross	16069
15894708	cillla	cillla	15
15623067	pedramkeyani	pedramkeyani	389
974861	adityaag	Aditya Agarwal	2124
