2837246309	icpcconf	ICPC 2015	138
2306735286	GerardoCanfora	Gerardo Canfora	147
12475722	drmarkuic	Mark Grechanik	143
2784264380	sebaelbaum	Sebastian Elbaum	58
14346186	YahooResearch	Yahoo! Research	23089
1683356204	Inventitech	Moritz Beller	185
113582385	hiteshsajnani	Hitesh Sajnani	164
982410440	JanetSiegmund	Janet Siegmund	216
954034410	AlessandraGorla	Alessandra Gorla	144
55733752	andyjko	Andy J. Ko	575
988465844	tom_mens	Tom Mens	159
566936984	DanaHDamian	Daniela Damian	169
196104078	geeordanoh	Giordano Tamburrelli	253
88431976	uirakulesza	Uir Kulesza	339
86358405	mdipenta	Max Di Penta	235
35790511	CaptainEmerson	Emerson Murphy-Hill	186
54927366	lemtatmel	lemtatmel	123
1389305671	icse2015	ICSE 2015 Florence	587
465705909	cba_ariean	Ch.Bilal Ahmad	174
74717388	biswarocks	biswajeet mistry	73
305474242	CharlotteHase	Claudia Hauff	751
477344122	eastcoastbrad	Brad Wehrwein	69
439499079	zhemful	Laura	34
22279740	ken_power	Ken Power	953
1417285801	lminozem	Laura Inozemtseva	99
164612420	RomainRouvoy	Romain Rouvoy	237
1395143750	JimWitschey	Jim Witschey	18
306802570	acapiluppi	Andrea Capiluppi	71
91293206	sangeeta_lal	Sangeeta Lal	41
186725975	hodgepaul	Andrew Fischer	109
1421171	dJdU	Rich Hilliard	281
12110842	hgascon	Hugo Gascn	356
242018524	McDofYork	John McDermid	229
17093617	hootsuite	Hootsuite	6807207
381749333	Codealike	Codealike	636
369644854	theexplainers	The Explainers	355
85357275	cgconf	Code Gen Conference	785
21409435	jrfaller	Jean-Rmy Falleri	147
981445322	liveprog2013	LIVE 2013	88
15426450	etiago	Tiago Espinha	225
39755140	rahuljiresal	Rahul Jiresal	160
549679478	rmcmx	Raquel Maldonado	180
480000650	m_kamimu	Manabu Kamimura	19
619870722	tarot2013	tarot2013	22
125119873	koschke	Rainer Koschke	134
799467920	moarcode	More Code	235
93957809	ericschmidt	Eric Schmidt	1101439
15825547	IEEESpectrum	IEEE Spectrum	87727
31093488	johanbrichau	Johan Brichau	258
44327341	inkytonik	Tony Sloane	467
156574904	stevekmcc	Steven Kelly	473
17765013	odersky	Martin Odersky	31637
14538236	vardi	Moshe Vardi	1962
3114531	renggli	Lukas Renggli	593
72976647	APierantonio	Alfonso Pierantonio	376
397689316	Grady_Booch	Grady Booch	10751
19817187	peterfriese	Peter Friese	2164
17429881	vogella	Lars Vogel	20837
49602504	svdburg	Sander van der Burg	151
14253068	mfeathers	Michael Feathers	18935
18726488	davidcshepherd	davidcshepherd	538
416909756	b_vasilescu	Bogdan Vasilescu	232
27405573	radkat	Kate	179
206278538	splashcon	SPLASH Conference	546
17270001	TotherAlistair	Alistair Cockburn	11114
14302602	kolovos	Dimitris Kolovos	489
20756700	louismrose	Louis Rose	372
20732877	JoshuaKerievsky	Joshua Kerievsky	5450
195140001	laurencetratt	Laurence Tratt	1165
69653552	dgasevic	Dragan Gasevic	1030
20068648	EdMerks	Ed Merks	945
34969508	markusvoelter	Markus Voelter	2685
457180380	ProfCordy	Jim Cordy	196
53012332	jameskjx	James Noble	165
222998744	Guido_Smeets	Guido Smeets	81
227607721	BSKoelewijn	Benjamin Koelewijn	120
200938506	Jindroush	Jindrich Kubec	725
17942590	petrh	Petr Hosek	109
36682447	remhelms	Remko	451
577775806	alknauss	Alessia Knauss	379
270975987	sabrinamarczak	Sabrina Marczak	106
960220874	RaphaelPham	Raphael Pham	83
79571979	jacomecunha	Jcome Cunha	91
123419776	mp_robillard	Martin Robillard	340
136058805	norhavillegas	Norha M. Villegas	43
138098380	jvanegue	Julien Vanegue	2778
93002396	mrshobuz	MD Anwar Hossain	355
92979460	norinohoniron		308
14073560	InfoQ	InfoQ	22146
16683447	willtracz	Will Tracz	31
94273248	im_a_goob	sumeet	144
330065298	ShadiBanitaan	Shadi Banitaan	26
773615220	NeerajSmatE	Neeraj Smat E	9
781901736	omeryousifelmop	omer yousif elmopark	21
270995992	o_liskin	Olga Liskin	133
15054975	luketoop	Luke Toop	772
428772867	waterman_m	Michael Waterman	37
122210548	geraquin	gerardo quintana	207
16032249	shivanshukumar	Shivanshu Singh	161
61989994	shbaik82	Joshua	85
808573609	EceBitiren	Ece Bitiren	38
17087690	jamesblaw	Jim Law	45
502425610	keivanloo	Iman Keivanloo	83
386165410	dianadiazh	Diana Diazh	53
19328400	acraphae	Raphael Ackermann	240
23005053	akmassey	Aaron Massey	266
829315452	ICPC13	ICPC 2013	74
376060523	FatmaSheta	fatma	135
101432864	aburasali	Ali	15
15346821	cbedrosian	Charles Bedrosian	151
40655158	aserebrenik	Alexander Serebrenik	544
24899415	alefont	Alessandro Fontana	541
28821072	jmvara	Juan M. Vara	304
154173801	kaelr	Kael Rowan	40
55362144	PaulKlint	Paul Klint	860
457280846	MsFionaTay	Fiona Tay	799
16018424	waldenj	waldenj	61
16231593	carolynmacleod	carolyn macleod	79
783165019	SilverioMF	Silverio Martnez	139
102931576	rominabot	romina torres	31
878603677	supakkul	Sam Supakkul	9
33460769	brendancleary1	brendan cleary	77
14152204	eleinadani	eleinadani	55
19743295	hridesh	Hridesh Rajan	154
104295536	j_r_williams	James Williams	295
899804886	RoccoOliveto	Rocco Oliveto	85
31571721	zhendongsu	Zhendong Su	146
10245732	raindancer	Federico Tomassetti	529
151886275	parisa_z	Parisa .Z.	172
203530812	neilwalkinshaw	Neil Walkinshaw	192
100607888	salmansaghafi	Salman Saghafi	31
19170989	agile_exec	Israel Gat	2483
14082803	sim1andonly	Simone de Jong	863
45966356	johnjbarton	johnjbarton	412
366665298	evertonrsc	Everton Cavalcante	264
177512242	LakshithadSilva	Lakshitha de Silva	108
50771476	MarkusGaelli	Markus Gaelli	113
843682712	IEEEICSME	IEEE ICSME	543
127882248	huascarsanchez	Huascar Sanchez	16
44410324	bkarak	Vassilios Karakoidas	162
460074757	kangmind1		587
25560172	ariegurfinkel	Arie Gurfinkel	25
101509885	profBPM	Hajo Reijers	1264
50642471	lincolnsrocha	Lincoln Rocha	381
24429000	kristinanasr	Kristina Winbladh	28
37388206	mhsorens	Mogens H. Srensen	789
14074707	mircealungu	mir	378
91309048	moosetechnology	Moose	344
52220019	ComputerSociety	IEEE ComputerSociety	26134
82647786	sleconf	SLE Conference	331
142267524	rmod_inria	RMod group @ INRIA	310
68926574	MagielBruntink	Magiel Bruntink	176
9505092	unclebobmartin	Uncle Bob Martin	65067
567918677	CodersOnly	Coders Only	10
106997697	ieeescam	IEEE SCAM Conference	405
23467560	blogCACM	CACM Editor	2014
38433184	ashish_sureka	Ashish Sureka	343
93868664	ffs_ffs	Fbio F. Silveira	138
24154943	terhikilamo	Terhi Kilamo	96
22121422	anyahelene	Anya Helene Bagge	269
160476060	alexbergel	Alexandre Bergel	438
191045082	mars_303	Markus Repetschnig	3332
97700241	sillito	Jonathan Sillito	79
33453372	Bertrand_Meyer	Bertrand Meyer	1172
54855283	pierrep67	Pierre Parrend	190
584776235	antoniabertolin	Antonia Bertolino	92
584900751	ATalaatHatata	Ahmed Talaat Hatata	246
589388874	anders_moeller	Anders Mller	9
265284871	h_mku		468
587644623	Kagimba256	kagimba sarah	112
597403978	andivogelsang	Andreas Vogelsang	17
50336516	qsphan	Quoc-Sang Phan	17
597664908	MikkelJThomsen	Mikkel J. Thomsen	12
173100812	funnysahilgoel	SaHiL AggArWAL	26
339625701	nen_sto	Nenad	18
15990035	pauloborba	Paulo Borba	719
259750182	Zia_Kiani	Zia Ur Rehman Kiani	54
119394250	AhmadAakash	Aakash	28
54932212	olaechea	Rafael Olaechea	348
596562905	ICST2013	ICST 2013	57
324484731	thaisvbatista	Thais Batista	70
277503171	leandroshp	Leandro Sales Pinto	68
305490716	fakedavidparnas	bad SE prof	101
83560843	jorgeressia	Jorge Ressia	155
2384071	timoreilly	Tim O'Reilly	1927647
26976778	dagstuhl	Schloss Dagstuhl	689
70767861	philmcminn	Phil McMinn	366
103090568	irwinkwan	Irwin Kwan	145
20238818	jeanmariefavre	Jean-Marie Favre	202
325848537	neverworktheory	Never Work in Theory	282
88412859	sback_	Alberto Bacchelli	403
22117208	thechiselgroup	The Chisel Group	143
12381352	WardCunningham	Ward Cunningham	34597
13334762	github	GitHub	581676
5676102	shanselman	Scott Hanselman	133730
21457289	MSFTResearch	Microsoft Research	273384
82221067	benevolentprof	Susan Sim	393
12785742	timmenzies	timmenzies	384
14798414	girba	Tudor Girba	604
21016960	delftswtesting	Delft Testing Course	381
15948437	spolsky	Joel Spolsky	106310
49096399	LeonMoonen	Leon Moonen	366
50393960	BillGates	Bill Gates	22227136
125043368	rob_deline	Rob DeLine	139
17902091	irbull	Ian Bull	1430
71516999	icsm2010	ICSM 2010	88
211174691	ESEC_FSE_2011	ESEC/FSE 2011	52
26068824	rmaranhao	Rui Maranhao	274
20536157	google	Google	11174503
153764273	stephaneducasse	Stphane Ducasse	880
6543162	migod	Mike Godfrey	529
21843711	tobiaskuipers	Tobias Kuipers	423
21128486	IanSommerville	Ian Sommerville	1987
208062724	chrisparnin	Chris Parnin	667
266770747	wcreconf	WCRE 2013	112
823083	migueldeicaza	Miguel de Icaza	50035
25371180	clegoues	Claire Le Goues	226
18366905	sagarsunkle	sagarsunkle	183
15778670	bigballofmud	Brian Foote	1989
33451857	pabloantonino	Pablo Antonino	444
11580762	ivki	Ivana Bosnic	282
567934090	CodersOnly_ZRH	Coders Only | Zurich	352
23939124	cretchas	Crescencio Lima	400
20773510	richpaige	Richard Paige	928
289588260	SMEasterbrook	Steve Easterbrook	1343
27181842	reallynotabba	Ralf Lmmel	1480
1444261	zef	Zef Hemel	8687
5637652	codinghorror	Jeff Atwood	166729
84545552	scgbern	SCG Bern	362
115763683	TheOfficialACM	Official ACM	24752
140743554	kim_mens	Kim Mens	254
33838201	googleresearch	Google Research	853721
29290365	grammarware	Vadim Zaytsev	3435
55582236	codemap	Software Cartography	215
15014025	GMSV	GMSV	1209
43779278	infinitary	infinitary	249
92740569	HackTime	HackTime	2
135592822	annieying	Annie Ying	201
84570018	seaside_st	Seaside	424
18308317	langelot	Tobias Roehm	115
44868172	gdespotou	George Despotou	85
599163502	ICSE2014	ICSE 2014	59
218202508	jgrayatua	Jeff Gray	355
84329979	kkiirrti	Kirti	53
38221185	aj_josey	Andrew Josey	381
19014676	gousiosg	Georgios Gousios	518
122170760	tomischuetz	Tomi Schtz	253
142984679	k4rlheinz	KarlHeinz	113
80454518	supertriceratop	Caitlin Triceratops	12
186093973	muccinihenry	Henry Muccini	206
19190261	yesvinay	Vinay S	1462
326186022	SemanticSiv	Alessandro Sivieri	171
99528392	maalejw	Walid Maalej	323
27643060	muminoff	Sardor Muminov	92
545527383	srdipi	Nico D	84
335296330	HuseyinYONGACI	Huseyin YONGACI	466
44936021	thelma_elita	Thelma Elita Colanzi	64
54847240	karthiktwit	Karthik Padmanabhan	314
38881350	fcofabricio	Fabrcio Lima	172
89507719	danrodgar	Daniel Rodriguez	99
211812811	peola88	Paola Antonioli	58
16951318	aydemirfb	Fatma Baak Aydemir	223
275468798	adessoAG	adesso AG	478
125695429	swcarpentry	Software Carpentry	5453
15155675	smarr	Stefan Marr	343
29735775	IBMWatson	IBM Watson	68806
80016826	ZouchK	Charly Mourglia	74
200278362	igorsteinmacher	Igor Steinmacher	275
16033586	ken_bauer	Ken Bauer	1139
152552955	farseerfc	Jiachen YANG	142
53920508	ferhaterata	Ferhat Erata	155
583668122	SalmaSadaf1	Salma Sadaf	84
52669410	teohaik	Thodoris Chaikalis	124
574435480	sibinsaithomas7	sibin sai thomas	3
19528834	SiNkRO	Javier Miranda	342
572571693	TimosValkanas	Timos Valkanas	20
345870750	teku_nii	Dennis WJ	15
436612975	EvaluateWell	Evaluate	27
571139541	kanishk_kt	kanishk tiwari	9
571609926	softEngBegins		8
247314090	FelixLopez84	Flix Lpez	1127
216280793	JNdegwa	Justus Ndegwa	72
546611068	BJTU_sse	BJTU_sse	53
95195944	dsp_de	Daniel Speicher	109
81992572	_midnight_radio	Lyle	110
337800629	ArkadebLoves	Arka Ukil	532
183249307	ShasaWT	ShasaWT	237
11878542	izuzak	Ivan uak	650
565346105	ubayashi	Naoyasu Ubayashi	5
129150457	prasadonline	Prasad D. Madusanka	405
35124868	juanmahv	Juan M. de Hoyos	138
14861283	MostafaFarghaly	Mostafa Farghaly	740
382801280	MSFTSWJOBS	MSFTSWJOBS	970
56503517	thefatih	Fatih Nayebi	102
16363651	letiziajaccheri	letiziajaccheri	315
77454137	ngsfindia	ngsfindia	261
14607953	plagal	Michalis Famelis	1196
48721242	camillobruni	Camillo Bruni	155
291963182	alemargara83	Alessandro Margara	58
20912287	alexorso	Alex Orso	303
547207522	fjservant	Francisco Servant	61
129520379	juan_galeotti	Juan Pablo Galeotti	41
298442643	akoziolek	Anne Koziolek	69
550834529	thabomoloi85	thabo moloi	13
144528799	alto_colony	Lv2.0	268
91430081	ldra_technology	LDRA 	679
553389552	shahtanveer5	tanveer	16
80290329	Byte_of_Evil	Byte of Evil	25
22593941	obahy	Omar Badreddin	161
555412315	SCAM2012	SCAM 2012	22
320620966	Lokeshima	Lokesh Chandra	556
276583181	WNtshinga	Wonga Ntshinga	220
100530658	o0_Michael	Miguel OC	348
124947169	Muasaad	Muasaad Alrasheedi	125
418725882	y_dicle	Dicle Y.	262
11002172	fabiorocha	Fabio Rocha	282
520287048	Mr_Tony_Lee	Tony Lee	31
46914483	rohitgheyi	Rohit Gheyi	262
406211173	washingtonmasai	washington masai 	87
36288784	thy4go	Thiago Vieira	142
498865657	SultanAleid	 	171
362462686	noureddineadel	Adel Noureddine	91
214918968	sumi_1554		267
95776361	agmbor	Arber Borix	155
541144459	icse2013	ICSE 2013	154
16509362	cbcipi	Ciprian Cornea	111
520169647	SEATTulsa	SEATTulsa	3
190926693	namriv05		53
119971155	KojiTokida	Koji Tokida 	276
388847335	lmontrieux	Lionel Montrieux	114
14451834	ret0	Reto Kleeb	330
500620266	AZwingli	Adrian Zwingli	418
115893064	amitmahalank	Amit Mahalank	249
453247946	GPerrouin	Gilles Perrouin	83
97884546	matteocamilli	Matteo Camilli	46
76435159	GilbertoTCC	Gilberto Taccari	474
15022652	Abdulrhman	A. Alkhanifer	810
43699983	LavoisierFarias	Lavoisier Farias	84
114151701	maelstromdat	Damian A. Tamburri	75
24268304	w7cook	William Cook	1529
466353174	ahmadhabiballah	ahmad habiballah	256
20929134	tomjanovich	Rudi Tomjanovich	6
539591497	OmarAlsaggaf	Omar Ali Alsaggaf	65
39405365	matthewstephan	Matthew Stephan	486
382781213	Hybrid_logic11	Kamal Hussain	4
38937862	zillode	Zillode	28
220038620	daniel_caruaru	daniel_caruaru	90
102935307	Norbsen	Norbert Siegmund	56
414587142	ITMystix	IT Mystix	89
428116195	dtsnigeria	DTS Nigeria Ltd.	83
395270446	Regression2012	Regression 2012	7
435981003	EngineeringTaco	SoftwareEngineer	73
125364650	scotchfield	Scott	191
436176925	AliyahCentralPA	AliyahCentralPAJobs	302
439178204	finger_sand	Fingers	8
68331164	deepakg_iitb	Deepak Garg	75
140007618	Yucong_Duan	Yucong Duan	463
21152170	Mingkii913	Eunyoung Moon 	353
16472982	helghareeb	Haitham El-Ghareeb	2362
21644723	knhr	knhr	475
177321287	catalystproj	Debbie at Catalyst!	845
280570469	trevesn	Nicolas Treves	487
382204910	eventprodinc	Event Productions	93
34608963	Marie_C_P	Marie	63
456434173	tekblox	tekblox	36
313318585	capturedragons	sandy	21
408582938	markzarb	Mark Zarb	116
51695736	aladinux	aladin el hamdouni	20
17065212	twehrmaker	Tristan Wehrmaker	50
305927273	nanetteggperson	nanette person	65
284781285	CodingSpectator	CodingSpectator	21
475887327	KKUMARAVEL21	K.KUMARAVEL	3
109606346	mirzaaghaei	Mehdi	36
131727163	kleinnerfarias	Kleinner Farias	148
236668818	yizhouzhang	Yizhou Zhang	11
421065592	CAWEdotEU	CAWE	35
82612246	nicoloperino	Nicol Perino	83
22509034	aziemchawdhary	Aziem Chawdhary	167
71638886	CalyptoDesign	CalyptoDesignSystems	725
50235731	mayosuke	Yosuke MIYAJIMA	577
118954787	chaiwat_s	Chaiwat S.	15
184538647	francescospegni	Francesco Spegni	80
109920877	kuhrmannm	Marco Kuhrmann	114
487973430	MeYowZa1	MeYowZa	6
22831280	Alex_Feugas	Alexandre Feugas	95
50619624	olesiabrill	Olesia Brill	19
10705042	HatemMahmoud	Hatem Mahmoud	719
430065634	MKMaithal	Manoj Kumar Maithal	10
83007165	kogaClassK	Katsuyuki Koga	269
266666734	FastFix_Project	FastFix Project	24
23729282	ehpeacekeeper	Eric Hine	676
120282935	Matias_MSM	Matias Martinez	104
498160392	AlegriaBaquero	Alegria Baquero	5
126036981	innov8_Conf	innov8 Conferences	1414
394614054	juancartrujillo	Juan Carlos Trujillo	161
102004064	rajabavani	Raja Bavani	420
432584524	GeraworkA	Gera	149
431763805	OnTechnicalDebt	OnTechnicalDebt	526
504012426	zadiacodabux	Zadia Codabux	8
332416000	Zlogixs	Zlogixs	36
454232039	E_Letier	Emmanuel Letier	69
86481023	pvgorp	Pieter Van Gorp	282
46899136	andreperon	Andr Peron 	368
379658801	priyankachtt	priyankachtt	9
71196240	ricesky	Rizky Januar Akbar	306
223712054	rhtcharlotte	Brian Woolfrey 	1145
189874414	ruben_casado	Rubn Casado	273
49655082	jonathw	jon whittle	291
294824150	PrekrasnayaVi	Viktoria Znakhurenko	20
82102412	thatshamori	Eva Hamori	4393
54902218	sidornellas	Simone Dornellas	215
402137119	DonKurdi	Big Don	28628
48532557	fernandotrinta	Fernando Trinta	132
517844847	SegiMegi	Segi Megi	69
453363322	QATestingTools	QATestingTools	770
15342438	Cyber360	Cyber 360	1138
318588167	GoTripAdvisor	TripAdvisor Careers	22892
95964590	smingot	Stphane Mingot	137
259651194	mtorchiano	Marco Torchiano	261
433569955	vsvanbeek	Vincent van Beek	14
15707699	Tathagata	Tathagata	434
437147455	YuanTian0315	yuan tian	31
154151500	patrick_heymans	Patrick Heymans	39
383751697	ning_hkust	ning	31
14971440	flgr	flgr	105
15192456	swapneel	swapneel	243
21790990	freekl	Freek Leemhuis	494
420399461	infanteAL	Al Infante	127
26458364	melmallah	Mohamed Elmallah	342
290539591	KatariaDk	Dheeraj Kataria	75
224613578	alley_szy	Alexandra Szynkarski	171
400099301	lydiasammaiah	Lydia Sammaiah	7
297819662	altaf_ust	Altaf Ahmed	24
198436325	froxendo	Manuel Noguera	5
35611412	billpollak	Bill Pollak	372
112669270	Klimpke	Klimpke	12
68531628	fellipealeixo	Fellipe A. Aleixo	145
76371883	piri_picchio	piri picchio	14
47931955	devanbu	Premkumar Devanbu	307
48424701	davidnotkin	David Notkin	249
17467170	ErichGamma	ErichGamma	5837
49981826	hyrumwright	Hyrum Wright	118
27819813	reid_holmes	reid holmes	252
174299403	WennelSprocket	Cow Whisperer	5
154574646	dsg_tuwien	DSG	56
108622259	ssbse	SSBSE 2014	106
424502831	MohsenVakilian	Mohsen Vakilian	115
76621536	kaistapel	Kai Stapel	31
41095015	csaan	Annette A.	9
298759262	englebertv	Vincent Englebert	209
278153728	cilwi	Sylvie Neu	22
137513216	brrian	Brian Burg	523
150946939	sh5i	Shinpei Hayashi	160
45904998	robertominelli	Roberto Minelli	168
73469605	johnregehr	John Regehr	1572
211677882	esesem31	Sumaira Minhas	76
30630902	elnadash	Nadia Alshahwan	38
83657910	mwjacks0n	Matt Jackson	277
5503082	spcueva	Samanta Cueva	193
18229935	chengzhang	chengzhang	51
188221843	AdNovum	AdNovum Informatik	316
306273379	niksavis	Niksa Visic	15
383128054	tmullen39	Tom Mullen	8
382921986	susantamukherje	susantamukherjee	2
18763400	NikolaTankovic	Nikola Tankovi	168
10770012	xiaoma	Xiao Ma	1190
230466711	dharini_bala	D Balasubramaniam	72
165359643	twithci	candan	68
377534014	EmadShihab	Emad Shihab	149
352885549	hideakihata	Hideaki Hata	62
319076296	BazilSolomon	SMCW	910
12528062	kyoheif	Kyohei FUSHIDA	696
348199633	ChicchanWS	Shin'ichi Shiraishi	4
363692350	EricBouwers	Eric Bouwers	224
143208030	jnmazon	Jose-Norberto Mazn	391
360731055	MeenuNeer	meenu gupta	2
358958487	nhockute7x	 Andrew Ngo	14
11876072	ntrolls	Shin Yoo	1244
329763175	YoshikiHigo	Yoshiki Higo	206
113647168	xdevroey	Xavier DEVROEY	94
336074369	drsyoo	Shin Yoo	126
14331070	maniftendst		325
247658865	mbirna	Birna van Riemsdijk	350
6007252	rchatley	Robert Chatley	776
6243512	bkolb	Barry Kolb	104
86983250	hillsma	Mark Hills	149
13097242	lhochstein	Lorin Hochstein	603
82716882	sjb792	Simon Butler	29
82279230	kaminaatr		44
222589550	Neunghoe	Neunghoe Kim	3
81858736	ckollee	Christian Kollee	16
306100965	manishbarasker	manishbarasker	47
295758966	cnentwich	Christian Nentwich	180
46493715	htr3n	Huy Tran	141
51498556	daurer	Stephan Daurer	42
116759468	dunnoly	dunnoly	40
48380240	rbmllr	Rob Miller	1456
9283012	hangal	Sudheendra Hangal	175
68602287	aroranipun	Nipun Arora	79
13961202	jgeis	jgeis	38
18784852	toddsedano	toddsedano	68
38629439	andreamicheli	Andrea Micheli	46
39626347	eijiadachi	Eiji Adachi	194
149515087	damtonchiki	dam	6
15256768	ikwildrpepper	ikwildrpepper	70
222390657	UXBoom	U to the X	5435
305703214	epaveseDC	Esteban Pavese	52
45252159	felipe_furtado	Felipe Furtado	1030
46125513	grsoliveira	Gleibson Oliveira	78
305813106	PettitRob	Rob Pettit	17
196067265	dotFHNW	FHNW .Net courses	36
27112513	rigbypc	Peter Rigby	24
14482172	cocafunes	Oscar Funes	624
251502808	cee_secr	CEE-SECR	313
153737463	uchihira		29
128796218	edenfroemming	Eden	334
32331239	christianbird	Christian Bird	273
282181326	cyber_ali	Murtuza Khan	255
175762326	c_j_walesch	Christoph Walesch	16
312090854	Colin602	Colin	6
210925142	olgabaysal	Olga Baysal	229
2278931	flipjibbet	Jim Steel	378
300196448	RicardoJRdez	Ricardo J. Rodrguez	915
201104977	uses_ufam	Grupo USES	64
108506277	vamsikrrish	vamsi sabbisetty	166
5761602	kiszk	K. Ishizaki	409
15860538	jtnystrom	Johan Nystrom	197
29941701	ebeid_soliman	Ebeid S. ElSayed	699
17265122	nishiikatsumi	Katsumi Nishii	506
324916465	rweinreich	Rainer Weinreich	8
8326612	fyufyu	 Fuyuki Ishikawa	325
223312784	askcyriaano	Kiki Cyriaano	68
71398449	ccalmendra	Camilo Almendra	453
333810969	GirishAralikatt	Girish Aralikatti	6
137432900	salaniojr	Salnio Jr.	232
85287973	Symbyo	Symbyo Technologies	827
223923566	lambda_calculus	David Van Horn	2834
20656444	neurocy	Cyrus Omar	674
142923388	lfcortesco	LUIS FERNANDO CORTES	130
361485829	TOPIWorkshop	TOPI-Workshop	31
115647093	PericlesAlves	Pricles Alves	35
358326110	LaurenceDuchien	Laurence Duchien	439
25715562	henriquerebelo	Henrique Reblo	92
318049658	mianasbat	Mian Asbat	17
115764246	xpertprogrammer	Mohammed Hameed	406
59800364	may_psu	Surasak Phetmanee	728
127971497	narsain	Nitesh Narsai	218
58581127	wdtz	Will Dietz	204
15665510	jeffdaniels	Jeff Daniels	761
370581455	Parham_TE	PariX	120
370713453	selvakumase	selvakumar	19
144686483	johnlejeuer	Joo Henrique 	222
199692183	kencostellopsu	Ken Costello	75
372860758	ECOWS2011Live	ECOWS2011 Live	27
369652880	JoSkyb_o	Jo Sky	70
195112280	riss_rise	RiSE Summer School	43
112726390	WileyCompSci	WileyCompSci	675
17263483	taiwanpeople	ruffy9	153
380246394	Divyasoftwares	Divya Dixit	2
364144216	KeshavKumarTR	Keshav Kumar	4832
386962631	JuyuanYang	JuyuanYang	16
41036966	lapsu	Matthew Graham	505
40640766	lihongjun	xiaoli	12
18801237	Rob_Lambert	Rob Lambert	4397
390679094	FiazRehman	Fiaz-Ur-Rehman	36
370449062	kauffmj	Jonathan Kauffman	38
17940587	sunye	Gerson Suny	66
395187428	BaleSnyder	Bale Snyder	6
392635839	ReinoutStevens	Reinout Stevens	74
274086800	UCFComSci	UCF EECS CS Division	296
203377811	ShahbazFaiz	Shahbaz Faiz	42
13440842	snim2	Sarah Mount	1497
192323583	benildo10	Benildo Joaquim	188
265464439	jpnchk		104
266917368	katyusco	Katyusco F. Santos	40
383412463	lucamott	Luca Mottola	174
138566418	RanaKhartabil	Rana Khartabil	183
36531545	mcocaro	Martin Cocaro	307
9385792	herraiz	Israel Herraiz	602
410613085	xaad1993	Saad Mehmood	1
189846237	sravanravula149	Sravan Reddy Ravula	85
416075120	trionait	trionait	5
417103411	shukat_ali	Shaukat Ali	19
14160039	Eleni_Stroulia	eleni stroulia	563
418718812	jianhuanghj	Huang jian	2
151550305	mathau	Matthias Hauswirth	124
418912147	theSEGaLgroup	SEGaL	56
150971270	jelenaincosmos	Jelena Marincic	27
149652410	mendezfe	Daniel Mndez	526
423745895	amvilas1	Antonio Mendez Bdjz	11
326806815	cicchettiItalia	Antonio Cicchetti	41
412136763	YasuyukiTahara	Yasuyuki Tahara	12
425813177	SQMWorkshop	SQM Workshop	42
351423157	_Troddel_	Markus Borg	224
316745774	samdoe1710	Samdoe Udochukwu 	77
426135041	PathfinderMDD	Pathfinder Solutions	54
291327032	Dash2Digital	Dash2 	878
45247728	DeenSeth	DeenSeth	52
430860212	Veronika_Bauer	Veronika Bauer	225
26472439	krawr_	Robert Krawatzeck	231
17593037	Finny114	Karensaccount	11
51010811	yyyyyttttt	yt	2
126626507	shankarysb	black kurrent	127
3132481	beki70	Beki Grinter	1098
11211372	NASAWatch	NASA Watch	57272
174007803	Blogarific	Blogarific	4132
194998257	saadbinsaleem	Saad Bin Saleem	96
303825572	niag26	nishi	2
50919276	sethrife	Seth Rife	149
84060563	vitorsouzabr	Vitor E. Silva Souza	284
87885762	sklenk	Sebastian Klenk	69
18246307	edzard	Edzard Hfig	37
18460782	kgithens	kgithens	80
83538212	vzanardi	Valentina	26
107822541	ryanwmoore	Ryan Moore	75
304146312	jmjezequel	Jm	2
62115778	SvenApel	Sven Apel	231
40963268	WileyUK	Wiley (UK)	3504
15783250	forbearer	Owen Cheng	27
290866455	excsc	christop corley	211
283877163	Neetesh_Sharma_	Neetesh Sharma	199
272720138	_jon_bell_	Jonathan Bell	35978
10385972	rafaelvivian	Rafael Vivian	211
143459836	taolint	l00029880	2
102664726	nullstein0903	YoungSeok Yoon	128
15929542	keokilee	George Lee	491
17159589	jerenkrantz	Justin Erenkrantz	852
261897154	ThomasLaToza	Thomas LaToza	69
87028248	tcltcl	Timothy Lethbridge	283
82295678	GPCECONF	GPCE	338
204413582	onwardconf	Onward! Conference	9
173539766	ICMT11	ICMT 2011	30
192312582	odysci	Odysci	1185
19576161	awolfson0	Aaron Wolfson	570
6684792	dmz	Daniel M. Zimmerman	51
216444229	johnhutchuk	John Hutchinson	109
303017301	jamshaidm	jamshaid	3
17213239	hammansamuel	Hamman Samuel	111
275113137	kwmobidev	Meyer	157
100277549	wellbeing1life	John Gregory Vincent	16297
94764558	i___l	iqbal	25
19430630	me_the_maniak	Manish Kungwani	611
14964371	wpugh	Bill Pugh	1053
82102163	zr2k	S.K.	45
16605461	nellybencomo	Nelly Bencomo	106
132072510	dineshpanwar5	dinesh singh panwar	251
14650871	jyevenez	Javier Yvenez	137
16665197	martinfowler	Martin Fowler	135640
49700007	thelouisVd73623	Ebony Spears	100
64652717	RainbowJayged	Sexy Me	113
135614207	fctwitt	Fabian Christ	129
59858437	pa_muller	Pierre-Alain Muller	548
201314366	promise_conf	PROMISE 2015	62
42378722	tvdstorm	Tijs van der Storm	767
153002234	TechTargetSA	TechTargetSA	880
22382785	chrisflach	Christina von Flach	251
152565734	lars_heinemann	Lars Heinemann	99
123561696	andrianmarcus	Andrian Marcus	223
19964912	itemis	itemis	939
20994258	rakingleaves	Manu Sridharan	444
34223286	ikangai	ikangai	984
27339743	ivanmachado	Ivan Machado	370
14094906	mmalohlava	Michal Malohlava	314
158270479	caidx	Dongxiang Cai	11
34214076	pautasso	Cesare Pautasso	615
65211520	rosalvagallardo	Rosalva Gallardo	55
24495752	handk85	Han, Dong Gyun	123
15648006	urknallen	Anders Fernstedt	425
181470688	ahrim81	AhRim Han	9
143059927	rameshbabu0	rAMESH	100
196114169	crestechglobal	CresTech Global	670
237709903	Jian_Ren	Jian Ren	47
28899901	aludanyi	Andras Ludanyi	176
109865840	comtaek	Taek	28
16887304	murggu	Aitor Murguzur	410
69559777	alebagnato	Alessandra Bagnato	301
155510497	euneon	euneon	113
237247123	marcosbrfr	Marcos DDF	94
21983749	bonotake	takeo	533
241674843	guidodecaso	Guido de Caso	305
89807165	Albertoimpl	Alberto Calleja	411
242989746	bmcmillinMST	Bruce McMillin	29
199691987	fafsoft	FaisalAhmed Farooqui	436
84825820	alegonbel	A. Gonzalez-Beltran	500
132276254	CS_Conferences	IEEE CS Conferences	3881
35465623	RobertoSRocha	Roberto Rocha	117
47848082	mbiuki	Mehdi Karimi	15
48596643	kimegoo	Gook-hyun Kim	49
229458266	Mellieyuq	Mellie Doolittle	305
81089820	carloghezzi	Carlo Ghezzi	483
92238783	kocaguneli	Ekrem Kocaguneli	71
244500884	diegogUBA	Diego Garbervetsky	112
245324000	rozegta	Rozegta	322
27832927	samguinea	Sam Guinea	177
143076209	sforsandyman	Sandeep Kumar Ranka	103
16079847	thombldwn	Thomas Baldwin	39
57577667	Rooogi	Amin	1
212255175	ChrisBull88	Christopher Bull	211
237661649	Arline652	Arline Gevara	341
222466250	micahlm	Micah Mauldin	65
80996524	mscjaviergs	Javier Gonzalez	207
108739943	chriscweathers	Chris Weathers	159
28298653	macshonle	Macneil Shonle	496
292332279	lakhanpaladvoca	Dinesh lakhanpal ADV	246
255847640	ARYAN5496	AKASH KUMAR	50
287412541	cardshark007	eni	53
219719094	asantosx	Alan	60
300443575	ICSEFilter	ICSE Filter	15
13911722	lgalvao	Leonardo Galvao	1147
108921034	NeoMetrix	NeoMetrix	1367
76712006	AdriSweet	Adri 	624
285911631	jobinjpj	jobin john	43
22769239	LRLucena	Leonardo Lucena	258
169951454	PhilippeLM	Philippe	164
296981693	provost1801	Morgan Provost	56
297244424	RayRoshan	Roshan	1
288728368	city_cloud	City Cloud	151
295524591	samvjohn	samvarghesejohn	145
16602810	fcalefato	Fabio Calefato	175
22597866	mshomrat	Mati Shomrat	7
281732809	nisecomputers	Nise Computers	359
14142750	nwahlen	Nicole Wahlen	4077
60808669	Yahya_Kh	Y	150
173514694	aAziz_Alamoudi	Abdulaziz Alamoudi	64
286775582	programingtip	programingtip	162
17004958	ibmrational	IBM Rational	13667
250244322	CloudCaptive	CloudCaptive	1346
246485084	mlhale_	Matt Hale	75
288522745	PaoloMcTvvitter	Paolo McTvvitter	1
259848572	LionelSeinturie	Lionel Seinturier	329
290155899	cvicentechicote	C. Vicente-Chicote	80
86249303	jinhyun07	Jinhyun Kim	141
292595141	hcgall	Harald Gall	25
251939818	DeathValleyVids	Death Valley Videos	800
292770812	ScienceShopnil	Md.Saddam Hossien 	51
276056925	MeemAlansari	Marwah Alansari	184
5469862	kenbod	Ken Anderson	419
158741531	andreaswinter	Andreas Winter	38
215664997	retemaadi	Ramin Etemaadi	35
46771952	_0Amin	Amin Alipour	49
166318893	jkeznikl	Jaroslav Keznikl	53
283109937	henss	Stefan Hen	29
254784993	_tetsuya	_tetsuya	93
278764642	HeyKissMyAPP	PositivelyWallStreet	277
63490570	pegan1	SP	270
10277212	SEENIVAS	SEENI	215
278290569	minoshini	Minoshini Fonseka	751
268281464	JeffKingTour	Jeff King, Speaker	525
270427931	lordpyre	Csaba Nagy	19
118060199	MrYusufNM	Yusuf. Mithaiwala.	729
191455912	frantzencd	Lars Frantzen	126
85989029	awsTO	Aws Albarghouthi	169
15307821	nickdurcholz	nickdurcholz	7
272224268	anupamsingh1989	anupam singh	16
194173118	BoardMarks	BoardMarks	344
272637965	cmpe274	TrDinh	16
14262678	mauricioaniche	Maurcio Aniche	2646
255900535	Topperlearning	TopperLearning	617
56196339	rafaelglima	Rafael Lima	97
113166204	heberfa	Heber	115
97697071	minisharma17	Manish Sharma	581
264654255	Stoptraf	StopTrafficking	558
275594624	swampfoot1971	Michael Collins	8
86851196	at43	Amit Tiwari	27
275348787	superaffiliacoa	SuperAffiliateCoach	58
156917742	andrujames	Andy	215
273435716	DependableSoS	DSoS	16
56247375	humbertotmneto	Humberto T. M. Neto	148
126685676	dennispagano	Dennis Pagano	371
12241142	abegel	Andrew Begel	522
261799439	scottostirling	Scott Stirling	1571
47195408	quimax	Quinten Soetens	72
129832004	kaz_at_33	kaz@33	128
280423066	nellllla	Nela Dokmanovi	2
115565248	vangod55	Robert Godin	7
67425709	rvbinder	Robert V. Binder	255
280396131	kclinkTech	KClink Technologies	22
282964999	mayanksharmaBA	mayank	8
283007698	bikashbaruah20	Bikash Baruah	13
167656650	Klaithem_Nuaimi	KM	71
278070654	jmateoab	Jose Antonio Mateo	33
45801824	OndrejMacek	Ondra Macek	59
281409468	Freechatcode	Chirag	10
155845252	Mohanplays	Mohan	84
284489102	30secondexpo	Andrew Long	22
22714246	tmmaciel	Teresa M M Maciel	375
279152153	findahacker	Find a Hacker	119
280239756	GunnerL3510	Marc	1
10831822	ohadbr	Ohad Barzilay	197
200447451	yinshunming	yinshunming	3
257456110	ITBillionaire	IT Billionaire	8
257274014	QRMS_NJU	QRMarksTheSpot	6
27635932	HarveyAlferez	Harvey Alferez	2223
205991696	andreriboira	Andr Riboira	52
46270226	RedmondKOMO	Redmond KOMO	934
261194985	_wangxing	WANG Xing	7
7446092	magsilva	Marco Aurlio	120
206883158	fotoSouthAfrica	Photo South Africa	3173
156451385	pandita_rahul	Rahul Pandita	47
41445632	ieeesoftware	IEEE Software	12085
155782959	wmdietl	Werner M. Dietl	130
33592046	dale_strok	Dale Strok	31
244515103	mariosangiorgio	Mario Sangiorgio	421
17744535	ashokponkumar	Ashok Pon Kumar	179
136427876	rigelbm	Rigel Melo	74
18262784	atsumin	atsumin	122
1066411	theesman	Francisco Aragon	74
111929126	dan_tofan	Dan Tofan	24
20495535	David4mktg	David (V.) Rosenberg	272
46022240	iclimber_smo	iClimber	11365
132358905	YidaGoo	Yida Tao	27
172603783	otsuyo0240	otsuyo	90
198140535	desii_n	Desy Natalia W	232
14722928	zirpins	Christian Zirpins	92
14351413	jon_moore	Jon Moore	1125
208946778	PooyanJamshidi	Pooyan Jamshidi	134
232156304	jifengxuan	Jifeng Xuan	8
16826967	intelchen	intelchen	17
5413932	West_CA	West	36
110420616	MarcoBrambi	Marco Brambilla	2414
89182527	elfinhe	elfinhe	10
174271288	yukomuto	Yuko Muto	694
13567	codepo8	Christian Heilmann 	45690
14075773	efsun	Efsun Sarioglu	47
8310472	vinicius3w	Vinicius Garcia	691
24625970	almsantos	Andre Santos	586
28613463	jcspl	Julio Cesar Leite	195
32347444	oniroi	Coen De Roover	346
7025712	testingclub	SoftwareTestingClub	12691
106498661	RedmondAthletic	The RAC	854
224531075	colletp	Philippe Collet	203
10797752	lanubile	Filippo Lanubile	279
17993404	prof_lyons	prof_lyons	633
15098144	MichalMM	Michael Mlynarski	388
177865511	ICSM2011	ICSM 2011	69
111878354	RACFriends	RAC Friends	2043
114767901	KevinDullemond	Kevin Dullemond	81
137817996	ecows2011	ECOWS 2011	76
47711644	nguyenhongphu	Phu hong Nguyen	107
216301003	samuelfricker	Samuel Fricker	346
106039516	clele777	 	23501
219629463	TestState	TestState	465
211103726	ratna4enet	Ratna Nagarajan	1579
221893198	topi2011	topi	9
61616440	javicubo	Javier Cubo	157
190405652	wibu_us	Wibu-Systems USA	234
101855400	mikeRcr	Miguel Cruz	80
114768774	BenvanGameren	Ben van Gameren	57
19029296	esconfs	EuroSTAR Conferences	3784
20588013	gacevedo	Gabriel Acevedo	544
194160280	yhayase	Yasuhiro Hayase	133
519483	dfucci_	Davide Fucci	693
15905323	rkiliankehr	Roger Kilian-Kehr	287
206156991	SQM2011	SQM2011	13
14615378	filipecorreia	Filipe Correia	323
4782931	AmirhBab	Amir H Babaeian	140
56709387	fmeawad	  	1000
164464267	Gen1976	Takahartu Matsui	60
14345164	pridkett	Patrick Wagstrom	449
79173591	LoreaBelategi	Lorea Belategi	134
161743671	ahmedlamk	Ahmed Lamkanfi	22
198801159	javiefu	Javier Ferrer	81
16835793	shauvik	Shauvik Roy C.	511
165029613	zhikong		94
16996780	hkoziolek	Heiko Koziolek	119
66618163	taehkwon	Taeho Kwon	131
200602496	raimondifranco	Franco Raimondi	163
97688572	StolenTenka	Tenka	111
18288045	jacekcz	Jacek Czerwonka	67
66538021	figueiredoe	Eduardo Figueiredo	87
18211533	rgoeritz	Robert Goeritzer	20
94507604	bedir_t	Bedir Tekinerdogan	385
22607316	swinside	Woosung Jung	114
194587621	tmlalves	Tiago L. Alves	51
196519442	vaneachiprianov	Vanea CHIPRIANOV	20
26208481	lezoray	JB Lzoray	84
26894091	brenomiranda	Breno Miranda	132
178040591	TestingCircus	Testing Circus	4454
14835439	neebz	Muneeb	267
132657624	AmineRj	Amine RJ	30
192062438	karianlb	Kari	69
6319552	ytetsuwo	Tetsuo Yamamoto	817
42562740	xiangzhaocs	Xiang Zhao	162
185305936	wdcopin	WDCopin	98
26022958	tiagomlalves	Tiago Alves	88
73328935	sig_eu	SIG	470
155462296	SilenceLavita	Lavita	28
14292044	bsorav	bsorav	38
125931452	ckoeppe	Christian Kppe	129
189650420	JensKrinke	Jens Krinke	95
25180303	hunkims	Sung Kim	558
40269114	TestDrivenReuse	Mehrdad Nurolahzade	47
72016387	skchoi68	Soonkew Choi	178
82952699	DDiRuscio	Davide Di Ruscio	383
142344292	NorihiroYoshida	Norihiro Yoshida	225
156830264	robertoab_prof	Roberto Bittencourt	166
158861199	simidchieva	Bobby Simidchieva	149
57384010	MichalPise	Michal Pe	182
156259271	ilireh	Ilire Hasani-Mavriqi	21
31419771	StephWilll	Stephanie Wilson	1882
15817109	michaelbolton	Michael Bolton	11766
9040122	dhemery	Dale Emery	1552
23462469	agilecoach	Rob Myers	4003
16319797	IBMResearch	IBM Research	69292
5764162	Bondra	Yuji Sakata	359
9193912	almeidamarcos_	Marcos Almeida	258
147861657	__eMMe	Mattia Monga	274
52377966	crisBertolini	Cristiano Bertolini	158
169666814	reza13455	hassan reza	6
49941018	omraniamin	Amin Omrani	15
137477017	shane_mcintosh	Shane McIntosh	265
20429801	TechtronComp	Techtron Computers	225
19219426	agile_teams	Karen Smiley	888
138081371	OVR103	OVR103	3106
45926041	iimaonline	IIMA	3062
148692728	TheVenueCT	The Venue	127
30174420	udekel	Uri Dekel	139
1857391	aurbieta	Aitor Urbieta	723
160069178	lijiejacy	Lijie Wang	14
113082008	daltonserey	Dalton Serey	609
29193195	Neogrid	Neogrid e.V.	1520
37905689	mehulc87	Mehul Chadha	153
16972486	dwildt	Daniel Wildt	2924
57163819	mdpmarketing	mdp marketing	465
67915969	jvandenbos	Jeroen van den Bos	255
801743	neilernst	Neil Ernst	469
175277587	morisaki_en	Shuji Morisaki	8
8673722	Ohsugi	Naoki Ohsugi	661
28187649	miguel_f	Miguel Ferreira	290
85438589	Uni_IQ	UNiiQ	445
124391799	SwCraftsman	Jun Hwan Kim	91
177217262	PetrSt	Petr St	3
33154917	nes1983	Niko Schwarz	303
175604658	jonnyhimes	Jonny Himes	20
25422124	merezano	Melvin Prez-Cedano	359
19143287	Kolassa	Carsten Kolassa	1021
45493707	omzn	ounz nso	667
137596550	anthonycleve	Anthony Cleve	316
27498086	otaviolemos	Otavio Lemos	253
37587198	JBezivin	Jean Bezivin	3493
177482260	HostingUnLtd	Hosting Unlimited	556
47605203	turhanb	Burak Turhan	99
22289298	onierstrasz	Oscar Nierstrasz	1034
29492103	taoxiease	Tao Xie	1039
64979541	fgysin	Florian Gysin	66
22718844	scbs	Sergio Soares	832
56059566	cstaite	Chris Staite	166
134826581	210onlong	210 on Long	226
139976198	Adrian_FIITPSA	Adrian Schofield	374
134474112	EducationProg	EducationPrograms	673
111276691	SoftwareQLab	s-lab. Uni Paderborn	252
18063358	gail_murphy	gail_murphy	902
15021041	eeide	Eric Eide	373
10963082	imel	Imel Rautenbach	1299
18738074	yorchopolis	Jorge Aranda	422
139662344	WNickSumner	Nick Sumner	1
88764795	lanzamichele	Michele Lanza	596
52445320	marcofunaro	Marco Funaro	94
7339282	Lewisham	Chris Lewis	214
18944890	rafaelpri	Rafael Prikladnicki	789
93208525	RABotha	Reinhardt A Botha	194
42840584	agileRashina	Rashina Hoda	170
18373265	pembleton	Itay Maman	363
30729612	EelcoVisser	Eelco Visser	1243
55062118	narmion	narmion	102
106352894	zflaicn		119
48882155	mtov	Marco Tulio Valente	317
67906871	coezbek	Christopher Oezbek	98
71506129	Infointeg	Infointeg	413
22616266	mgreiler	Michaela Greiler	550
36353225	wcsoccer2010	WC 2010	1015
134757795	CHEN__Lin	CHEN Lin	21
19110857	ctdp	CapeTownDailyPhoto	607
81111215	MicrosoftSA	Microsoft SA	10422
70733719	SiliconCape	The Silicon Cape	34994
14532334	cdknutson	Charles Knutson	636
116677832	Sanschul	Sandro Schulze	126
18764992	AndreasZeller	Andreas Zeller	1606
135471304	markusluckey	Markus	19
11990112	danielequercia	Quercia	3656
19070986	Felienne	Felienne Hermans	3703
23580248	j_ham3	James Hamilton	257
15782514	pbpk	Philippe Kruchten	2111
54018936	jurgenvinju	Jurgen Vinju	718
68186121	prof_wagnerst	Stefan Wagner	347
23805757	jeremy_bradbury	Jeremy Bradbury	282
133661083	MarkvandenBrand	Mark van den Brand	114
66638474	Folio_Online	Folio Online	216
135501551	icse2012	ICSE 2012	263
677913	pdeshane	Patty Deshane	328
129755689	dsrosenblum	David Rosenblum	46
18715466	tkobabo	tkobabo	180
46566696	ipekozkaya	Ipek  Ozkaya	233
124115243	mwuersch	Michael Wrsch	7
126383788	EAPLS	EAPLS	131
88815694	JNI72	Jens Nimis	13
119502406	AllardDijk	Allard	101
45704896	erdogmush	Hakan Erdogmus	164
132459025	wtichy	Walter Tichy	7
82046880	Martin_Jung	Martin Jung	19
33732136	tomowind	Sangmin Park	69
122407941	Film_ID	FilmID.co.za	1372
133953445	sigsoft	ACM SIGSOFT	1793
71156816	chrismattmann	Chris Mattmann	4614
76275870	AngeloHulshout	Angelo Hulshout	558
30841465	softmodeling	Jordi Cabot	5635
14152916	ShamalFaily	Shamal Faily	94
19128404	bourdenas	Themis Bourdenas	112
19073581	fleitnerfischer	F. Leitner-Fischer	81
124203962	soniahaiduc	Sonia Haiduc	164
111367160	darkmastersin	Evgeny Sinelnikov	413
20807268	kiloBill	Bill Kidwell	38
11917622	kentaroy	kentaroy	200
122680095	patricia_lago	Patricia Lago	446
23935889	ITWeb	ITWeb Online News	14713
121615855	EcosystemsBooks	New Ecosystems Books	84
11063312	jfouts	Janet Fouts	36255
117903143	bianculld	Domenico Bianculli	240
110807482	andreamocci	Andrea Mocci	165
47283469	rpremraj	Rahul Premraj	123
14924858	matteo_miraz	Matteo	60
40205494	rharrison3	Rachel Harrison	12
91547938	Mark_Harman	Mark Harman	549
67270023	KEvInKingTui	Spade worker	33
14991701	cdlm	Damien Pollet	372
16891384	KentBeck	Kent Beck	79417
117749569	redjbishop	Judith Bishop	78
33686410	hinashah4	hina shah	57
113945522	ip2904	isabelle perseil	119
14075836	anitaborg_org	Anita Borg Institute	20336
50572427	lilehattori	Lile Hattori	236
102661351	jstvssr	Joost Visser	371
91993519	ExtremelySA	XSA Climbing Walls	1292
21190955	amesbah	Ali Mesbah	422
9401602	fhe	Florian	147
22488336	JJeRRccs	jjerrccs	114
87641567	Web20Dev	WebAppDev	2086
16910050	KateEhrlich	Kate Ehrlich	277
61127825	margaretstorey	Margaret-Anne Storey	760
82324068	marquitodambros	Marco D'Ambros	130
26379689	alebaffa	Alessandro Baffa	907
90582735	pinzger	Martin Pinzger	528
20874923	abramh	abram hindle	514
14065835	mstrohm	Markus Strohmaier	1322
52722878	azaidman	Andy Zaidman	811
110224247	BrendanTansey	Brendan Tansey	5
42241755	lgrammel	Lars Grammel	329
110568308	nishithS01	Nisheet Singh	7
86341336	web2se	Web2SE	48
97459028	oop_conference	OOP Konferenz	2468
22697340	iimanyusuf	Seid & Iman	32
36639873	Jinal_	Jinal  	143
60319568	reki417	REKI	3
14667514	DanielPopescu	Daniel Popescu	64
87940664	anjaguzzi	Anja Guzzi	292
87857594	rsse	RSSE	83
24387314	neharungta	Neha Rungta	79
110144276	_Thies	Andreas Thies	2
82676043	TOOLSconference	TOOLS Europe 2012	166
41674718	m_st	Mirko Stocker	844
87932616	serg_delft	SERG TU Delft	467
101250614	modelpractice	ModelPractice-Theory	409
103545756	fpaulisch	Frances Paulisch	147
69819418	acherm	Mathieu Acher	506
80763139	AVallecillo	Antonio Vallecillo	742
98828133	TonioRuizCortes	Antonio Ruiz	99
26240966	jgfanjul	Jos Garca Fanjul	647
84094412	esaufba	Eduardo Almeida	257
40465511	avandeursen	Arie van Deursen	1808
16945985	leonren	Leon Ren	43
19432713	chrisluce	Chris Luce	93
15220212	gfisher	Gwyn Fisher	90
44846294	GorkaPuente	Gorka Puente	270
15547763	stephenfickas	stephenfickas	27
48051322	oerich	Eric Knauss	206
64848152	LeavingReality	Leaving Reality	290
18212068	Extramarks	Extramarks	1820
65008103	Manan_Agarwal	Manan Agarwal	16
82594252	NaomiObrien604	NaomiObrien	93
83728588	Heath_666	CandidaHeath	86
52302477	msrconf	MSR 2015	619
15287239	nicbet	Nicolas Bettenburg	211
55420661	bbidoree	Yongjin Cho	49
14917418	onyame	Andreas Schreiber	948
85306510	Hammond_195	AprilHammond	89
16967428	leopoldomt	Leopoldo Teixeira	937
59936318	leofdecarvalho	Leo de Carvalho	105
80619600	suite2012	SUITE Workshop	101
20127929	shoeseal	Sushil Bajracharya	132
14821718	jfelipe	Felipe Ortega	696
35686321	schadr	Adrian Schroeter	301
82939594	wrnli	Erwann Wernli	200
8923542	alankelon	Alan Moraes	476
31954347	marciomribeiro	Mrcio Ribeiro	316
17894679	polazarus	Po' Lazarus	29
10998842	natidea	natidea	25
40247378	drcls	Casper Lassenius	114
15857843	csterwa	Chris Sterling	1912
21190080	crawljax	Crawljax	159
7434882	RickDeNatale	Rick DeNatale	464
12342812	dirkriehle	Dirk Riehle	1897
16496930	p0nk	Christian Kstner	401
1320161	lsinger	Leif Singer	1233
15519105	jamiestarke	Jamie Starke	221
14475849	Greg4cr	Gregory Gay	1607
21506708	gvwilson	Greg Wilson	2784
14506360	jrrmzz	Jason	60
36743294	ctreude	Christoph Treude	352
20326481	NicoPlat	Nico Plat	110
34877777	idonttwitt3r	Jos Antonio Martn	113
13151772	xpomul	Stefan Winkler	111
22149985	profserious	Anthony Finkelstein	2314
38384871	secosystems	Software Ecosystems	19
14162904	sebseb	Sebastian Barney	161
6549332	Dr_Black	Sue Black	24197
14953016	akuhn	Adrian Kuhn	1187
