30646719	NatalieHanman	Natalie Hanman	8309
6892312	helenlewis	Helen Lewis	44647
21188812	bellamackie	Bella	6777
3095046772	PersonaSynth	Persona Synthetics	2764
2893263525	ArsTechnicaUK	Ars Technica UK	2871
187621573	sophiecharara	Sophie Charara	1959
10972452	jennashworth	Jenn Ashworth	2645
37599351	benlandis	Ben Landis	1630969
2260150651	LordLouis3	Lord Louis Gilbert	1179026
18040878	fuzethemc	Lance Coleman	586378
201391464	Alexpettitt	Alex Pettitt	1179
3224596479	JasonCowleyNS	Jason Cowley	2602
2883191	paperghost	Chris Boyd	3183
14932408	wimremes	Wim Remes	8902
13617652	dangrabham	Dan Grabham	6469
17220917	samthielman	Sam Thielman	2616
16719067	kirstystyles1	Kirsty Styles	1709
61781260	Ed_Miliband	Ed Miliband	508472
119691332	rorybremner	Rory Bremner	55907
3162521825	AndrewMarr9	Andrew Marr	16620
51404868	kmpharwood	Kate Harwood	3869
2210691817	nicholasgfearn	Nicholas Fearn	1065
1694040764	xychelsea	Chelsea Manning	52622
18314339	rhymerrigby	Rhymer Rigby	1850
35182140	gerrymcgarvey	Gerry McGarvey	591
160952087	NicolaSturgeon	Nicola Sturgeon	222312
57851967	DSLRinformer	Dan Chung	21190
2871698596	TheCrapJoker	Crap Jokes	31842
3085835595	periscopetv	Periscope TV	32975
20237809	RichStanton	Richard Stanton	5114
29417304	deray	deray mckesson	134007
1092378031	GuardianAus	Guardian Australia	108528
5361672	owlmonkey	David Lawrence Evans	634
15414807	johnmaeda	John Maeda	410604
4099171	JessicaValenti	Jessica Valenti	92536
2382609979	THISdotcm	This	2131
13393052	ACLU	ACLU National	234376
1497	harper	harper	30443
58364360	daniellemoser	Danielle Moser	422
18701661	alicitabrennan	Alice Brennan	1053
763699	katiefehren	Katie Fehrenbacher	22820
11484172	stewartbaker	stewartbaker	1178
14204302	alexwoodcreates	Alex Wood	19450
3072357143	TheMemo	The Memo	1890
114602310	amir	Amir Efrati	14610
284686670	RhiannonJudithW	Rhiannon Williams	2932
48873968	alexneedham74	Alex Needham	14852
33823446	michaelsheen	michael sheen	234899
18205531	broderick	Ryan Broderick	18773
47509268	sarahjeong	sarah jeong	12573
14145296	susie_c	Susie Cagle	14459
16369150	columbiajourn	Columbia Journalism	32722
18901620	okwoche	okwoche	3719
143409569	bilkisulabaran	Bilkisu Labaran	8025
19064408	pruszm10	marek pruszewicz	477
24877017	cajuk	Chris Johnston	977
78582420	nkemifejika	Nkem Ifejika	5745
209176493	Harryslaststand	Harry Leslie Smith	37394
114554280	ian_livingstone	Ian Livingstone	13064
233546048	oliverlaughland	Oliver Laughland	8326
37988956	profpasha	Shaheen Pasha	574
75079616	IFTTT	IFTTT	114401
279390084	YourAnonNews	Anonymous	1435312
109323607	leoemilkiss	Leo Kiss	46
89057804	caraellison	Cara Ellison	20398
21301903	SimonParkin	Simon Parkin	8978
65356121	kezamacdonald	Keza MacDonald	26983
140474229	elliegibson	Ellie Gibson	5352
14048901	jilliancyork	Jillian C. York	51278
66025575	nathanjurgenson	nathanjurgenson	12143
30331417	evgenymorozov	Evgeny Morozov	58919
65375759	zeynep	Zeynep Tufekci	139983
43412697	ClaraJeffery	Clara Jeffery	25836
290890104	NellieBowles	Nellie Bowles	7534
19959946	runasand	Runa A. Sandvik	17374
19533817	TomChivers	Tom Chivers	19749
1537540886	DoubleJake	Jake Davis	7355
5637652	codinghorror	Jeff Atwood	167191
14127605	ejhilbert	E.J. Hilbert	4154
113470086	rossjanderson	Ross Anderson	3328
16623443	lizzadwoskin	Elizabeth Dwoskin	4463
16808530	Davidlost	David Quainton	1694
17336102	juhavantzelfde	Juha van 't Zelfde	4639
48880548	ShapingYouth	Amy Jussel	14023
146454108	GuardianComms	Guardian PressOffice	2661
65045121	OwenJones84	Owen Jones	304215
126923767	GOOG_PR	Google (GOOG) PR	185
15286352	StevenGeorgia	Steven George-Hilley	1541
15220095	Sarahlellison	Sarah Ellison	4637
26744267	chakrabortty	Aditya Chakrabortty	24370
2853449164	gdnlongread	The Long Read	10974
146001255	perkinscomment	anne perkins	266
8531792	paddycosgrave	Paddy Cosgrave	28103
17508330	skillwill	Will Scougal	1671
37395938	amyzima	Amy Zima	479
17467882	katbrown	katbrown	4
180175758	The_Wolfster	David Dennis	688
12842	prehensile	Henry Cooke	1000
297327661	judge_jen	Jenny Judge	1050
19018539	davemurrayrust	Dave Murray-Rust	198
15028398	OpenRightsGroup	Open Rights Group	28779
2788102087	gdnmembership	Guardian Membership	1802
20549607	KarenhMW	Karen Haslam	1771
175378976	ChrisWarcraft	Chris Kluwe	188668
74138516	thisisplayful	Playful	1435
2271191	efergan	Dan Efergan	1474
316348903	sarahoconnor_	Sarah O'Connor	7125
497090732	stewartrussell	Stewart Russell	901
554510636	SWatercolour	Shitty Watercolour	22843
217612422	lauramandaro	Laura Mandaro	3960
2195241	fmanjoo	Farhad Manjoo	100606
481943972	aeonmag	Aeon Magazine	59174
17264476	Spacekatgal	Brianna Wu	40390
14454645	vivian	Vivian Schiller	17631
22981846	aliceingameland	Alice Liang	4495
158157026	tnm___	Tshepo Mokoena	2139
11107172	alexismadrigal	Alexis C. Madrigal	179743
18751963	megangarber	Megan Garber	12085
19730459	AndrewMiller100	Andrew Miller	1041
2327359038	HeforShe	HeForShe	202389
166739404	EmWatson	Emma Watson	18019569
108775175	amypuliafito	Amy Puliafito	653
25160944	kashhill	Kashmir Hill	28291
16799897	leighalexander	Leigh Alexander	113829
290735485	ladyhaja	HannahJane Parkinson	129818
16181732	LordPlumpton	Jim Thornton	1964
57345559	shvetsova	Paulina Goodwin	1777
1141062194	EvaPascoe	eva pascoe	1699
14281677	CharlesHunter	Charles Hunter	489
2656554373	webwewantfest	Web We Want Festival	1545
159124891	ruzwana	Ruzwana Bashir	12980
82093305	ChiOnwurah	chi onwurah	12315
111918568	anhtbnguyen	Anh Nguyen	1655
19817778	jonswaine	Jon Swaine	34313
14500350	benlovejoy	benlovejoy	1590
21528045	jimpknight	Jim Knight	10352
20405474	matthewclifford	Matt Clifford	2372
158778164	jackrooke	Jack Rooke	1241
16332758	christianlanng	Christian Lanng	2941
87818409	guardian	The Guardian 	3680508
456605277	EamonnStore	Eamonn store	269
33315010	JackofKent	Jack of Kent	58527
2323501513	juliapowles	Julia Powles	1751
15357812	annemariehuby	annemariehuby	345
1002351	AlbertoNardelli	Alberto Nardelli	29856
2635658439	Emojli	Emojli	5108
2377815434	ClickHole	ClickHole	122142
55493018	SimonJCLeBON	Simon Le Bon	137170
373437924	deanbaquet	Dean Baquet	11962
2423584879	paperlaterhq	PaperLater	610
1568105364	TheDukeOfYork	The Duke of York	80386
224761377	tolanblundell	Tolan Blundell	29
44883983	metronomy	Metronomy	72922
7816392	tomscott	Tom Scott	23848
29420835	ASOS_HeretoHelp	ASOS Here to Help	127858
66637408	b3ta	b3ta	5271
2568012539	hiddencash_UK	Hidden Cash	56602
27818323	sullduggery	Matt Sullivan	4492
425938818	GeorgeRRMartin_	George RR Martin	93541
8525402	Choire	choire	26062
164242095	Markgatiss	Mark Gatiss	595699
237087413	rohan__silva	Rohan Silva	6162
3080761	mattcutts	Matt Cutts	444555
49573859	iamwill	will.i.am	13204107
83808551	rotundalondon	RotundaBarRestaurant	1320
381515516	CollabDocs	Mandy J Rose	1178
8206632	jakeberger	Jake Berger	805
91107479	polkadotsoph	sophie walpole	139
47940350	farnsa	amanda farnsworth	1362
2449970984	GuardianNK	Guardian North Korea	5160
833864930	anjansun	Anjan Sundaram	1923
100779642	parths1612	Parth Shastri	102
30513693	megancarpentier	Megan Carpentier	7077
63485337	notch	Markus Persson	2229256
19392259	CasparLS	CasparLlewellynSmith	11192
52672768	annieleibovitz	Annie Leibovitz	97382
218984871	policy	Policy	60547
70960617	DuncanWeldon	Duncan Weldon	12531
211616938	dollsticks	Naomi Summerscales	114
265479915	jim_unwin	jim unwin 	345
539104576	peterwsinger	Peter W. Singer	11665
14420872	smfrogers	Simon Rogers	17205
349816997	maxseddon	max seddon	45453
2339397540	AtomEditor	Atom Editor	41433
47992292	elenacresci	Elena Cresci	4459
2329066872	the_intercept	The Intercept	139710
207531430	jennyjonessnow	Jenny Jones	73573
20571756	satyanadella	Satya Nadella	435612
914061	levie	Aaron Levie	149816
2903271	AnthonyLilley	Anthony Lilley	766
318420468	alittl	Allan Little	7734
18622869	ezraklein	Ezra Klein	765898
485076559	PenmanRoss	Ross Penman	1600
6549332	Dr_Black	Sue Black	24360
32648741	surangac	Suranga C.	1567
28172926	WSJD	WSJD	248798
2253821635	firstlook	First Look Media	11839
48903	aral	Aral Balkan	32073
119084202	liatmord	Liat Mordechay	867
51537420	Rhammified	Rhammel Afflick	7167
51537420	Rhammified	Rhammel Afflick	7167
50351724	VikramDodd	vikram dodd	5944
2243661170	RepublicofLewes	Republic of Lewes	257
2244340904	Recode	Re/code	166832
701022607	BBC_News_Labs	BBC News Labs	8599
1636590253	tim_cook	Tim Cook	1210195
17900290	IanBrownOII	Ian Brown	2558
2232721860	GoogleUK	Google UK	44869
491631309	MonaChalabi	Mona	12141
328115384	CasparBowden	Caspar Bowden	5431
1969537892	ampp3d	Ampp3d	9640
29770550	asamshah	asam	1387
271815348	davidgrossman	David Grossman	2579
45815948	DoireannGillan	Doireann Gillan	128
2153366508	usvbot	USVbot	2268
372575989	TwitterForNews	Twitter for News	1587775
31424536	fakebananas	Lauren Ingram	891
1411434049	eventparrot	Event Parrot	31289
1270746139	MagicRecs	Magic Recs	96187
14066247	LewisWiltshire	Lewis Wiltshire	23428
14066247	LewisWiltshire	Lewis Wiltshire	23428
35720019	paul__johnson	Paul johnson	2473
7458572	ediggs	Eze Vidra	15194
20266002	ruthmackenzie	ruth mackenzie	6732
29018269	vijaya	Vijaya Gadde	18218
18768473	brucedaisley	Bruce Daisley	18952
183749519	paulg	Paul Graham	248569
624683	Stammy	Paul Stamatiou	29775
12131132	jdalrymple	Jim Dalrymple	34732
61870871	threatintel	Security Response	44699
17514022	SamuelGibbs	Samuel Gibbs	33861
4004901	alexhern	Alex Hern	10931
32726980	CullenHoback	Cullen Hoback	2626
30869029	geoffwhite247	Geoff White	2881
861108848	RadioFreeMobile	Radio Free Mobile 	406
1324502508	Wesley_c8	Wesley Hutchins	59
17949156	JonathanHaynes	Jonathan Haynes	29875
19391595	estheraddley	esther addley	15664
26523408	valmcdermid	Val McDermid	28549
611793907	Justine_Roberts	Justine Roberts	5441
147912967	meropemills	Merope	6895
1325112157	TechLondonAdv	TechLondonAdvocates	5859
21662638	ingridlunden	Ingrid	18832
50659640	emilyhwilson	Emily Wilson	6174
14541402	mlevchin	Max Levchin	128866
15663	mildlydiverting	Kim Plowright	1603
15129265	wblau	Wolfgang Blau	30026
826743260	LucyAndersonMEP	Lucy Anderson	3645
12235562	m4tt	Matt Brian	10635
12294	antimega	Chris Heathcote	3148
11541	russelldavies	russell	338
15169779	Screenjabber	Stuart O'Connor	4289
33537384	NudeEspresso	Nude Coffee Roasters	15651
6747902	londonfilmgeek	Lee Thomas	3379
378466384	tefdigital	Telefnica Tech	22709
43066190	JoelMarsh	Joel Marsh	483
882665923	gamechangetech	gamechange	326
300109488	siliconvikings	Silicon Vikings	7315
124774031	CamRobertson5	Cameron Robertson	1016
59093441	inthecompanyof	Benjamin Southworth	10526
6418372	sdp	Sameer Padania	4155
14273103	MarkHanson	MarkHanson	866
14123689	muradahmed	Murad Ahmed	8657
443139931	sarah_birkett	Sarah Birkett	650
13475802	JohnPaczkowski	John Paczkowski	31068
20543416	BBCNewsnight	BBC Newsnight	310871
571202103	Medium	Medium	1238897
19506790	sherylsandberg	Sheryl Sandberg	169095
40713876	jamesrbuk	James Ball	28385
14214945	jeremyhead	jeremyhead	8922
853471	stef	Stef Lewandowski	11162
109578069	paul_boyd	paul boyd	217
13210	amayfield	Antony Mayfield	4464
47370605	rosieswash	Rosie Swash	9519
233967716	DuwayneBrooks	Duwayne Brooks	4782
49956788	bpi_music	bpi music	13477
317173156	MarrShow	The Andrew Marr Show	31628
1060578475	lionelbarber	Lionel Barber	24344
26992518	jasotweet	Jason Phipps	1192
127486461	kit__cross	Kit Cross	478
17682117	DanielPearlC4	Daniel Pearl	2239
44196397	elonmusk	Elon Musk	2170225
386039091	NextTechBlog	NextTechBlog	3819
75357513	mediagazer	Mediagazer	42166
500704345	Pontifex	Pope Francis	6203347
1068121346	BuzzFeedUK	BuzzFeed UK	119745
168587073	BBC159	BBC Internal Comms	1879
879521	peretti	Jonah Peretti	54142
25982423	MatthewWells	Matt Wells	12482
16513635	valerie0208	valerie0208	530
452088503	plumptonmick	plumptonmick	75
11462732	edwardroussel	edwardroussel	2802
115395977	developconf	Develop: Brighton 	3618
277177904	miabsargent	Mia Barnes	86
42191735	guardiang2	Guardian G2	25866
818740	Piersj	Piers Jones	917
290811483	ThomasYeomans	Thomas Yeomans	315
20039915	alisonbonny	Alison Bonny	901
607678429	3_Beards	3beards	12520
288264763	AMelvilleJ	Anna Melville-James	726
9680092	postcarl	Carl Waldekranz	3259
785164	sanford	Sanford Dickert	3628
13035	ph	Paul Hammond	3088
153350987	BodyInTheThames	Body In The Thames	744
120859671	MilesBarter	Miles Barter	1097
1144437601	modernistdesign	Rahul Shah	31
214558670	tonydanker	tony danker	276
21910500	suttonnick	Nick Sutton	84097
15798534	anthonyrose	Anthony Rose	3134
2366301	gabemac	Gabemac	1738
353112100	andyporteous	Andy Porteous	446
145153732	chris_milk	Chris Milk	12063
14848946	katemiltner	Kate Miltner	2413
281115684	Agileonthebeach	Agile On The Beach	1581
9151842	daltonc	Dalton Caldwell	9228
12223492	emercoleman	emercoleman	6676
268349503	gdsteam	GDS	64938
1202151	hubert	hubert gertis	1285
17994748	JiaOnTheGo	Jiayuan Li	2027
328145519	ACWils	Andrew Wilson	1055
754500	cue	Eddy Cue	60418
1236101	BenedictEvans	Benedict Evans	75186
19982092	ChrisMoyles	Chris Moyles	3581566
183675496	eiggbox	Lucy Conway	1929
11740902	tferriss	Tim Ferriss	1247922
74523	mikeindustries	Mike Davidson	19267
20040971	hlp	Helen Prowse	2858
169886386	dk33per	Aaron Lee	801
21102754	IanMaude	Ian Maude	2080
14659447	blurky	Bernie Hogan	1866
308379387	MarinaHyde	Marina Hyde	67986
17423877	chris2smith	Chris Smith	2067
22717664	germainearnold	Germaine Arnold	446
19903202	Greg_Callus	Greg Callus	3088
17264082	howett	Matthew Howett	1156
92030384	danworthV3	danworthV3	3766
97008735	patrickfoster2	Patrick Foster	1171
335239366	EmmaElford	Emma Elford	22
42909889	plumptonraces	Plumpton Racecourse	6530
203131580	LordHardup	Toby Elford	68
758949468	gdndevelopers	Guardian Developers	4288
237753770	StephenMcGann	Stephen McGann	9667
16596200	natalieben	Natalie Bennett	88865
18684663	suzannehfranks	suzannehfranks	680
59456549	georgeprof	George Brock	6034
52848509	StewartPurvis	Stewart Purvis	2090
127360173	SirSocks	Christopher Meyer	12921
44668890	andylivingston	Andrew Livingston	219
63691776	NickyAACampbell	Nicky Campbell	99373
19977759	HarrietHarman	Harriet Harman	84062
15183071	invisibleboy74	invisibleboy74	561
14049192	bruntonspall	Michl Brunton-Spall	2203
1392281	adrianholovaty	Adrian Holovaty	14204
17870719	AnthonyBarnett	Anthony Barnett	3257
267769846	Seyirhodes	Seyi Rhodes	3118
14510231	bfirsh	Ben Firshman	1882
246	blaine	Blaine Cook	14235
901763179	Nerowatch	Nerowatch	386
115033380	thegrahamcooke	Graham Cooke	817
21857173	mwilliamsthomas	Mark Williams-Thomas	23012
7110062	rowlandjobson	Rowland Jobson	647
170113649	bbzaaa	Brandon Butterworth	247
373565537	jeffnoon	Jeff Noon	9451
12588712	RichardJMurphy	Richard Murphy	26536
127831967	muotunebeeb	Jim Muotune	162
499271809	lewis_damian	Damian Lewis	138294
45028338	harriet852	Harriet Little	318
119512938	magnusmcg	Magnus McGrandle	257
65033956	benhowardmusic	ben howard	415470
265553052	ValentineNY	Valentine Uhovski	1569
14567734	marymaryw	Mary Williams	2098
11794162	wendymcauliffe	wendymcauliffe	1562
15248323	keefstuart	Keith Stuart	13564
20427778	maggiephilbin	maggie philbin	20120
39487842	newspaperclub	Newspaper Club	7718
186048170	RosieCampbell	Rosie Campbell	1712
35347468	miltonmueller	Milton Mueller	2987
17213772	garydbales	Gary Bales	2602
14462827	philwills	Phil Wills	549
5211101	daelen	Kriss Watt	287
351453365	HelenLWillshire	Helen Willshire	62
19230968	willsh	john v willshire	5604
19033675	brokep	Peter Sunde	40727
45112524	usainbolt	Usain St. Leo Bolt	3679018
134563275	BeckAdlington	Becky Adlington	464375
156380350	J_Ennis	Jessica Ennis-Hill	1449353
43706838	LiamTancock	Liam Tancock	50996
53732896	TomDaley1994	Tom Daley	2593064
62540002	paulajradcliffe	Paula Radcliffe	143540
19762524	chrishoy	Chris Hoy	660496
19900778	London2012	London 2012	1364117
305584886	FlatsSharps	Flats and Sharps	829
53736333	pokpokclap	pokpokclap	132
613772502	brightonwriters	Brighton Writers	941
358377745	carl_grose	Carl Grose	1039
510061416	LeapingHareBks	Leaping Hare Press	259
681813	avantgame	Jane McGonigal	119198
510082944	YogaMamasStudio	Yoga Mamas Studio 	664
2256461	zanger	doug zanger	2378
48994032	melissadenes	melissa denes	3197
45667380	lucysiegle	lucy siegle	17228
56785578	BilboLifeguard	Bilbo Lifeguard Dog	179
176928767	IlkleyLido_BM	Becky Malby	648
31857769	ClaireSkelcey	Claire Skelcey	613
98464794	Tom_McAsey	Tom__Mc	562
73843	Suw	Suw 	6026
6941	jyri	Jyri Engestrm	12047
13041	elatable	Bradley Horowitz	50864
5017	joshu	joshua schachter	40894
6267962	dangillmor	Dan Gillmor	34483
14148963	iaindodsworth	Iain Dodsworth	41289
691353	Joi	Joi Ito	104796
11340982	zefrank	zefrank	115773
4547141	psmith	Patrick Smith	11624
6104	iamcal	Cal Henderson	5630
39093	ianbetteridge	Ian Betteridge	4046
14751855	joroach	Jo Roach	1679
5668942	sarahcuda	Sarah Lacy	101548
380	kevin	Kevin S.	73145
14629667	tobyparkins	Toby Parkins	16715
37443173	ashermash	billy asher	437
15056816	Rchards	Richard Stirling	2531
20526449	hugorifkind	Hugo Rifkind	57891
345269257	laidinbed	Terence O'Keeffe	11
20548283	jane__bradley	Jane Bradley	6944
26597275	Paulobiz	Paul Cullen	1693
24916036	RNLI	RNLI	69000
34238394	pietergatehouse	Pieter Gatehouse	100
582543	nevali	Mo	2955
29312953	kellyslater	Kelly Slater	449089
20155652	BillBailey	Bill Bailey	1715779
91162354	jeromekeane	Jerome Keane	31
104969057	IanMcKellen	Ian McKellen	2087113
6466322	katehelencarter	Kate Carter	8266
25876418	lisaocarroll	lisa o'carroll	15257
27681019	john_vidal	John Vidal	20212
778057	acarvin	Andy Carvin	107399
5659482	davidsonhouston	Richard D-H	1316
288981847	crowquine	Dan Quine (Crow)	3353
352346798	StephenBatesEsq	Stephen John Bates	365
713683	willmcinnes	Will McInnes	6728
20547153	PatrickRiot	Patrick Hussey	3937
47459584	actly	act.ly	49021
8441632	burtherman	Burt Herman	8505
41197695	pubstrat	Stefan Czerniawski	1967
822571	SG	Sean Garrett	26313
16343659	marxculture	Mark O'Neill	3491
12033552	alicebartlett	Alice Bartlett	2819
32612790	donnachadelong	Donnacha DeLong	2911
14585409	heawood	Sophie Heawood	29326
171496247	BBCWomansHour	BBC Woman's Hour	111999
15002620	gracedent	Grace Dent	218285
27676108	PaulLewis	Paul Lewis	64599
17977475	shak	Shakil Khan	18423
50303152	TessaJowell	Tessa Jowell	33362
19651183	TheOrwellPrize	The Orwell Prize	8691
203560532	Bynickdavies	Nick Davies	37139
277761722	TwitterUK	Twitter UK	316463
85993428	TonyW	Tony Wang	20584
25489574	brianwhelanhack	Brian Whelan	11997
18107015	dominicru	dominic rushe	5811
7456262	btaylor	Bret Taylor	37276
17898692	tamsinmorgan	Tamsin	2332
17867066	JamieaaustiN	Jamie Austin	645
167907148	tessannten	Tessa Tennyson	88
304024442	mobydickproject	Ben Huh	427
216085822	sarfrazmanzoor	Sarfraz Manzoor	10521
102116157	Wingham67	Wingham	263
30133564	rachelbotsman	rachel botsman	32428
93826530	canopyandstars	Canopy & Stars	6876
13889472	robquig	Robert Quigley	6919
8050662	robb1e	Robbie Clutton	898
134794489	Marixo1	Mariko Finch	325
28465863	sethpriebatsch	Seth Priebatsch	10542
212088993	q_facebook	Facebook	260
213505333	q_wikileaks	Wikileaks	75
215239976	q_facebookvsgoo	Facebook Vs. Google	14
213409758	q_theguardian	The Guardian	57
1774511	stuartdredge	Stuart Dredge	17399
19478716	lexnfx	alexei oreskovic	4509
14322946	flexewebs	Jason Grant	1735
60385618	ajdant	Alastair Dant	3001
15403657	iaincollins	Iain Collins	1284
4736071	johnhenry	John-Henry Barac	1206
44911552	marysaints	marianamourasantos	4251
249338034	flogly	Flogly	39
12089792	adamamyl	adam mcgreggor	1769
149689194	iRowan	David Rowan	24403
14612710	edparsons	Ed Parsons	5320
14183691	evarley	Elizabeth Varley	13938
9595632	joannageary	Joanna Geary	3593
16276054	borjaechevarria	Borja Echevarra	18646
21382325	Guehenno	John Oswald	841
15133627	O2	O2 in the UK	288114
91071501	JustCopyWriters	JustCopy	1311
17941264	thamuhacha	N	172
46090899	davidleigh3	David Leigh	12530
16925457	celiambug	Celia Marlowe	36
14433816	tanalia	Azka	362
19614028	farazosman	Faraz Osman	1183
94088466	gemmabrady28	Gemma Brady	1347
198493236	LadburyPR	Ladbury PR	1084
47440030	daveaddey	Dave Addey	5278
14383556	benoonbenoon	Paul Bennun	2152
9474522	nedrelid	Tord Selmer-Nedrelid	3029
15180852	pilhofer	Aron Pilhofer	15855
43183310	DBanksy	David Banks	10410
19540814	WilliamLewis	William Lewis	2599
219807531	_fllwrs	fllwrs	1143320
14082963	JustinMcKeown	JustinMcKeown	2531
206195759	GregFarndon	Greg Farndon	505
176379217	LittleBigPlanet	LittleBigPlanet	39862
37170886	mediamolecule	Media Molecule	64501
221017369	ericchevrette	eric chevrette	28
59429708	TJC112	Tim Carter	324
14094091	tobybarnes	Toby Barnes	3187
1428461	tariqkrim	Tariq KRIM	20163
20038848	ClaireHBodys	Claire Bodys	95
14613723	NiallHarbison	NiallHarbison	23686
81042192	Vaizeyculture	Ed Vaizey	5493
145003604	HamletsBB	William Powers	1808
20976193	TonyChurnside	Tony Churnside	1230
13285462	solobasssteve	Steve Lawson	10482
7368332	OllyMardling	Olly Mardling	1339
110121074	Hannah_Freeman	Hannah Freeman	2254
16181584	jimrossignol	Jim Rossignol	14406
17809668	will_coleman	William Coleman	860
197505545	Arubin	Andy Rubin	78961
14755464	moustaki	Yves Raimond	2364
14607439	hellomatty	hellomatty	128
12925072	TwitPic	TwitPic	8619806
14097550	benlavender	Ben Lavender	163
21927673	stephen_abbott	Stephen Abbott Pugh	3735
118626543	Marthakearney	Martha Kearney	103114
127908385	shattenstone	Simon Hattenstone	12299
41351472	TorinDouglas	Torin Douglas	19415
818340	marshallk	Marshall Kirkpatrick	58593
1586501	nickbilton	Nick Bilton	250412
6420312	MadProf	Jonathan Raper	1686
127958046	gilesa74	giles	141
41585498	Addiply	Addiply	1672
17439117	racheloconnell	rachel oconnell	3934
116462171	Paul__Walsh	Paul Walsh	916
10997	philcampbell	phil	10341
90059161	openangelforum	Open Angel Forum	3162
15479683	mroliverblank	Oliver Blank	730
18590172	leydon	Chris Leydon	2706
92651803	matthewpbyrne	Matthew Byrne	198
14569869	Channel4News	Channel 4 News	647422
15016500	frasereC4	Ed Fraser	12234
6155892	webstock	webstock	5413
36719037	amyllawson	Amy Lawson	2727
18257109	najeebmirza	najeebmirza	391
607793	slavin	slavin	761
8223872	wallpapermag	Wallpaper*	1208531
15861559	rexbox	Rex Crowle	5224
801445	buddhamagnet	Dave Goodchild	769
73523	robinb	Robin Blandford	5016
5955872	PaulFish	Paul Fisher	1702
15936137	jonathantweed	Jonathan Tweed	683
47303075	Chromaroma	Chromaroma	811
26468518	jonhew	Jonathan Hewett	4110
11045272	jussipekka	Jussi-Pekka Erkkola	5509
17636894	99u	99U	194994
22207501	petrobins	Peter Robins	547
11439402	erikhuggers	Erik Huggers	1888
2172691	Whatleydude	James Whatley	13004
24429075	zincroegames	zinc Roe Games	2201
169942861	lanyrd	Lanyrd	10696
19141085	DukeofYorks	Duke of York's 	18866
18887526	RealDMitchell	David Mitchell	1643677
39713727	DirDigEng	Andrew Stott	11655
27212264	KathViner	Katharine Viner	61170
16081046	mixcloud	Mixcloud	287172
949521	stop	Doug Bowman	308019
12804422	Guggenheim	Guggenheim Museum	1173261
15135958	eyemagazine	Eye magazine	727892
5225991	Tate	Tate	1627852
21661279	CreativeReview	Creative Review	1117288
11388132	lessig	Lessig	343040
14761795	TEDchris	Chris Anderson	1706425
18764841	richardpbacon	richard bacon	1502498
18713254	simonpegg	Pegg News	6017803
23507978	benfenton	Ben Fenton	11431
10123792	foodiesarah	Sarah Hartley	7317
18096679	edvaizey	Ed Vaizey	26573
32124032	hondanhon	Dan Hon	5907
12552	philgyford	Phil Gyford	2411
499673	awbalfour	Alex Balfour	4980
33852508	gabyhinsliff	Gaby Hinsliff	38402
2585421	jamescronin	James Cronin	2152
16589206	wikileaks	WikiLeaks	2571924
681523	smagdali	Stefan Magdalinski	2576
78433570	andrewrawnsley	Andrew Rawnsley	131292
25978675	badjournalism	Bad Journalism	40177
1860231	KLeruez	Katie Le Ruez	596
22812734	faisalislam	Faisal Islam	96894
36330887	GeorginaHenry	Georgina Henry	4702
14879467	hayjane	Hayley BrockieDunlop	2527
14749070	Chad_Hurley	Chad Hurley	653994
4641021	RWW	ReadWrite	1629114
586	sacca	Chris Sacca	1576299
66369206	FCC	The FCC	744587
9534522	Pogue	David Pogue	1562490
50393960	BillGates	Bill Gates	22401956
3475	davemorin	Dave Morin	453972
82282572	AlecJRoss	Alec Ross	368540
1344951	WIRED	WIRED	4613187
5746452	waltmossberg	Walt Mossberg	720830
6141832	cshirky	Clay Shirky	350245
717313	arstechnica	Ars Technica	949787
20536157	google	Google	11267373
33423	gruber	John Gruber	356171
760303	rorysutherland	Rory Sutherland	43770
51203	annapickard	Anna Pickard	3100
47583917	cathynewman	Cathy Newman	85817
128216887	jonsnowC4	Jon Snow	683038
14834340	jayrosen_nyu	Jay Rosen 	153439
2729061	doctorow	Cory Doctorow	378273
18028249	jonronson	jonronson	117498
816016	tomtaylor	Tom Taylor	1467
15234407	CERN	CERN	1172075
12530	mattb	Matt Biddulph	6738
13010422	JoannaUK	Joanna Geary	20241
37570179	arrington	Michael Arrington	198236
17238110	brenthoberman	brent hoberman	46300
3447171	dracos	Matthew Somerville	2982
17620875	rickwray	Richard Wray	2964
19530624	mrchrisaddison	Chris Addison	310778
17503180	marissamayer	marissamayer	1008237
18897186	MTBracken	Mike Bracken	13015
40212366	dansabbagh	Dan Sabbagh	21947
84351228	timberners_lee	Tim Berners-Lee	205792
22239898	Marthalanefox	martha lane fox	92117
19530134	EvanHD	Evan Davis	218152
2384071	timoreilly	Tim O'Reilly	1930940
27203725	chrismoranuk	Chris Moran	3760
44652237	wonderlandblog	Alice Taylor	7941
633	zephoria	danah boyd	108894
17539313	benjamincohen	Benjamin Cohen	17465
13939772	CharlieBeckett	Charlie Beckett	17513
6705042	bengoldacre	ben goldacre	398877
13124	genmon	Matt Webb	6964
821340	leylandrichard	Richard Leyland	1079
34918353	bbcpress	BBC Press Office	100196
153423072	AquteIntel	Aqute Intelligence	829
1995451	MobileMaggie	Margaret Gold	2294
8876232	girlygeekdom	GirlyGeekdom	7395
10178942	nickludlam	Nick Ludlam	1163
168447843	PwC_Growth_UK	PwC Fast Growth Co's	1775
8236062	bjork	bjrk	598878
6385432	dickc	dick costolo	1504061
783214	twitter	Twitter	39989589
644603	fraserspeirs	Fraser Speirs	13493
1730101	wseblen	Scott Eblen	346
18744957	27bslash6	David Thorne	166856
12539	revdancatt	Rev Dan Catt	2547
20609518	DalaiLama	Dalai Lama	11103890
150614565	GlastoLive	Glastonbury Live	48131
17945305	willperrin	William Perrin	5568
37687523	cory_arcangel	Cory Arcangel	19943
19811190	paulmasonnews	Paul Mason	139318
51023770	BBCArchive	BBC Archive	46895
418	dens	Dennis Crowley	78718
16017475	NateSilver538	Nate Silver	1198007
1175221	digiphile	 Alex Howard	251791
80802900	CarolineLucas	Caroline Lucas	137738
18114779	thesixtyone	thesixtyone	3624
15442750	marksweney	Mark Sweney	10672
44953520	johnplunkett149	John Plunkett	11938
62581962	shitmydadsays	Justin	2834098
136879221	joindiaspora	Diaspora	64434
46245665	martin_rabl	Martin Rabl | Amboss	959
15722996	jasonkitcat	Jason Kitcat	5138
17872874	thespaff	James Spafford	4505
112398730	Jeremy_Hunt	Jeremy Hunt	67553
58441079	berglondon	BERG has moved!	11193
44578328	Freedland	Jonathan Freedland	61852
25657401	SarahBrownUK	Sarah Brown	1223541
140799778	downingstreet	No10	436208
15205606	mcgregormt	Matthew McGregor	4179
18142375	tweetminster	Tweetminster	60058
5438392	hypem	Hype Machine	168874
17249208	jamescrabtree	jamescrabtree	13999
12371	joshr	Josh Russell 	3622
19202330	BrightonNewsJo	Jo Wadsworth	13121
16628161	BrightonHoveCC	BrightonHoveCouncil	26900
132578038	C4altelection	Alternative Election	267
18029775	JoshHalliday	Josh Halliday	21720
130649891	twittermedia	Twitter Media	6209018
15010349	nick_clegg	Nick Clegg	254680
19644592	campbellclaret	Alastair Campbell	307137
109412545	MrMalcolmTucker	Malcolm Tucker	10590
14052066	amanda	Amanda Rose	31619
19335378	johnprescott	John Prescott	232813
20088745	adamgabbatt	Adam Gabbatt	27764
20098015	davidschneider	David Schneider	213877
11336782	Carnage4Life	Dare Obasanjo	10291
60033	andybudd	Andy Budd	39182
16254500	christianhern	Christian Hernandez	9365
8857292	perreau	Ben Perreau	9893
19966557	alaindebotton	Alain de Botton	511785
14230524	ladygaga	Lady Gaga	47121124
27457788	KevinSpacey	Kevin Spacey	4071034
26727655	Aiannucci	Armando Iannucci	442465
14075928	TheOnion	The Onion	7545705
7076492	Glinner	Graham Linehan	474556
22621511	GaryDelaney	Gary Delaney	55329
19656439	sophiebr	Sophie Brendel	9689
20989035	reynir85	Reynir Jhannesson	1234
6634482	gcal	mr. gcal	10528
10488912	mp4man	michael fourman	654
14636531	jaggeree	Chris Thorpe	4157
61757843	samengland	Sam England	2854
88721984	kevineyres	Kevin Eyres	454
2067201	stamen	Stamen Design	18443
21352293	ememscott	Emma Scott	736
10555542	jamesbromley	James Bromley	6393
6392122	MrsBunz	Mercedes Bunz	8246
16672510	mediaguardian	Media Guardian	451552
119168161	tweetcloud_app	Tweet Cloud	51723
94060252	gnews140	Guardian News 140	519
14100582	chiefchimpanzee	Darshan Sanghrajka	2490
6078552	shamalman	shamal ranasinghe	2057
15207956	henrikberggren	Henrik Berggren	3838
14680596	ajkeen	Andrew Keen	21881
19408213	janemartinson	jane martinson	13909
17663756	shortyawards	Shorty Awards	816575
1817901	hjortur	Hjortur Smarason	15179
19983050	MichaelWolffNYC	Michael Wolff	25441
45413510	iankatz1000	Ian Katz	48501
17007965	Phil_Pagett	Phil Pagett	1444
19460504	themacdoctor	The MacDoctor	1674
20903230	Stegabyte	Simon Steggles	2042
13051112	tablewhite	Tom Ablewhite	2867
757417	aegirthor	Aegir Hallmundur	3355
19441081	bettybluetoyou	BB	291
16718669	rjstelling	Richard Stelling	795
93957809	ericschmidt	Eric Schmidt	1107375
16681111	caitlinmoran	Caitlin Moran	538144
37755246	caviterginsoy	Cavit Erginsoy	312
20235032	MumsnetTowers	Mumsnet	104978
15705567	rafat	Rafat Ali	25047
19487725	pamoneuk	Pam Wild	1410
15090041	CJN	Colin James Nagy	3556
19063651	MartynDore	Martyn Dore	148
5702	Caterina	Caterina Fake	115167
15062590	ollierickman	Ollie Rickman	508
818730	aho	House	1011
2960221	lastfm	Last.fm	192471
19596767	rik_ferguson	Rik Ferguson	7176
10040	malbonster	tim malbon	10954
15865878	NiemanLab	Nieman Lab	190837
22363802	WiredUK	Wired UK	236360
18863867	GlastoFest	Glastonbury Festival	523393
14164249	tomskitomski	Tom Loosemore	7087
36914837	timbrooks100	Tim Brooks	753
34587833	twittter_CO_UK	Steve Crawford	64
29191439	ActivateSummit	Guardian Activate	3678
22032026	mattbaker2001	Matt Baker	1344
13253	georgie	George Wright	882
7286812	Chuffty	Martin Trickey	1331
19534873	arusbridger	alan rusbridger	165490
20056740	megpickard	Meg Pickard	11690
20326751	GreensladeR	Roy Greenslade	31181
11435642	jeffjarvis	Jeff Jarvis	149648
17062358	krishgm	Krishnan Guru-Murthy	194539
17094468	jamesro47	james robinson	4341
10138192	having	FoodFeed	4216
1077971	bobbyllew	Robert Llewellyn	121649
10380732	tpb	The Pirate Bay	148815
1784341	JonCart	Jon Cartwright	1090
17852787	KeithEmmerson	Keith Emmerson	584
2730791	mkapor	Mitch Kapor	102347
17214333	urbangenie	Simon Nelson	915
14016372	LeighHolmwood	Leigh Holmwood	6352
14921575	timjonze	Tim Jonze	20577
18919165	tomhappold	Tom Happold	2258
14723957	rxdxt	rxdxt	1433
15962096	DAVID_LYNCH	David Lynch	2461720
19562228	rustyrockets	Russell Brand	9907080
19394186	charltonbrooker	Charlie Brooker	940314
6074952	jjn1	John Naughton	5268
7011602	shfitz	Sheila Fitzsimons	556
1784991	SeanClarke	Sen Clarke	1231
15253147	AlanCarr	Alan Carr	4693799
15765018	benhammersley	Ben Hammersley	15444
33633	crystaltips	Alice Taylor	317
65233	Ewan	Ewan Spence	7677
18252954	debzx1	debzx1	16
18163294	twitpanto	Twitpanto Narrator 	199
18058741	jackschofield	Jack Schofield	26286
1758271	Sokratis	Sokratis	2363
6763252	KTKING	Katie King	1645
18055216	Busfield	Steve Busfield	6535
14301286	MartinBelam	Martin Belam	13772
15676927	Mark_Mulligan	Mark_Mulligan	10335
15567071	David_Batty	David Batty	2040
3446291	ryb	Rachel Bremer	6602
17706590	nickcurt	nickcurt	55
760670	paulcarvill	Paul Carvill	1902
17790253	TonyBennsFan	aFriendofTonyBenn	233
14190551	tom_watson	tom_watson	171315
76133	tim	Tim Bradshaw	93813
811027	scottkarp	Scott Karp	6348
11988732	bbcinternetblog	BBC Internet blog	12112
749963	pierre	Pierre Omidyar	521905
12828432	paulbirch99	Paul Birch	3024
15995577	JTownend	Judith Townend	3813
8387802	Carlsonator	Anna Carlson	1672
15439395	stephenfry	Stephen Fry	9956727
1489691	emilybell	emily bell	44629
2499061	Bandrew	Andy McLoughlin	7086
9094942	tomnixon	Tom Nixon	3142
12497	simonw	Simon Willison	13976
12827942	Champney	Justin Champney	1503
11305	spif	Stefan Fountain	1853
1216571	ciaranj	Ciarn Norris	4122
13957862	markrock	Mark Rock	2974
14763	ryancarson	Ryan Carson	56461
9900492	andysc	andysc	7211
14307016	kenlim	Ken Lim	295
15650419	nickmissing	Nick Lewis	188
2425151	facebook	Facebook	13908642
9992572	alexhoye	alex hoye	3877
821	moleitau	Matt Jones	5430
15188895	recomme	Music Recommender	5043
7394772	londonjourno	Matt Cowan	4177
15262203	icanhaz	I CAN HAZ dot COM	231
15943342	jasondeansy	jasondeansy	4146
15883845	twestival	Twestival	204652
6722902	loiclemeur	Loic Le Meur	6299
963121	cape	Saul Klein	44978
15148642	4ip	4iP	1881
15915394	deanwhitbread	Dean Whitbread	570
652193	mgsiegler	M.G. Siegler	161571
15827269	BradStone	Brad Stone	68326
10810102	JohnCleese	John Cleese	4208434
1000591	fredwilson	Fred Wilson	393109
13194	janinegibson	Janine Gibson	27114
712813	Fatcontroller	John ousby	892
784609	billt	Bill Thompson	17376
5763262	karaswisher	Kara Swisher	1036712
15428548	TonyAgeh	Tony Ageh	1557
67363	RobertAndrews	Robert Andrews	7158
15056730	DominicTravers	Dominic Travers	1466
14123683	andy_murray	Andy Murray	3059495
15169487	markking1974	Mark King	2325
14612704	DaveHill	DaveHill	13434
15125268	alcats	alcats	41
1039531	zittrain	Jonathan Zittrain	32107
755470	waldo	Simon Waldman	2107
657863	kevinrose	Kevin Rose	1572966
11709122	paulcheesbrough	Paul Cheesbrough	4317
7682732	TheFilter	The Filter	891
5666492	markprigg	Mark Prigg	7692
12	jack	Jack	2993578
14944735	ViscountBrooky	Stephen Brook	4940
14919132	WEFSweden	World Editors Forum	237
14902049	niltiac	Caitlin Fitzsimmons	12941
13018072	vickeegan	victor keegan	2480
785988	christianward	Christian Ward	2098
11254852	owen_g	Owen Gibson	35065
41193	PJWilkinson	Philip Wilkinson	5216
14834068	guardiantw	Guardian Tech Weekly	6346
10855372	giagia	Gia Milinovich	22970
67813	mattmcalister	Matt McAlister	2629
5803082	fascinated	0x1F951	8190
7613192	danlight	danlight	1159
9104802	Philipbuxton	Philipbuxton	883
8633362	robertloch	Robert Loch	3291
1097161	katebevan	Kate Bevan	7897
12514	tomcoates	Tom Coates	18463
30733	iandelaney	Ian Delaney	1216
6396822	jopkins	Jonathan Hopkins	3283
2172	LaughingSquid	Laughing Squid	584783
762397	bowbrick	Steve Bowbrick	4995
816653	TechCrunch	TechCrunch	5171438
14062978	tahmina	tahmina	85
13224	richardmoross	Richard Moross	6041
11336272	AliciaNavarro	Alicia Navarro	7523
14311534	tdgme	Tom de Grunwald	1667
14461590	Dashford	David Ashford	1299
14480395	nick365	Nick Tsinonis	590
6035262	mojosd	mobile jones	1669
14479978	dariusziatabari	dariusziatabari	61
11121812	justincooke	Justin Cooke 	10888
6872282	benayers	Ben Ayers	4401
8170292	BBCr4today	BBC Radio 4 Today	430672
2215301	scottcawley	Scott Cawley	1119
75533	imajes	James Cox	7400
989	om	Om Malik	1480445
10471082	nilhan	Nilhan Jayasinghe	278
9568572	paul_a_smith	Paul Smith	7120
15633	sizemore	sizemore	5509
14359877	Gloverboy	Tom Glover	2758
814859	aleksk	Aleks Krotoski	24795
1322521	freecloud	Alan Patrick	2458
755261	RobinGrant	Robin Grant	8056
4774421	LarsHinrichs	Lars Hinrichs	14639
5945982	jemimah_knight	Jamillah Knowles	5537
7887742	pmclaughlin01	Paul McLaughlin	315
14340937	Mippin	Mippin 	1430
14370584	tewy	Alex Tew	12862
4395451	judithclegg	Judith Clegg	3434
342363	robevans	Rob Evans	1313
10905	webponce	Matthew Knight	2749
1350631	chrsoz	Chris Osborne	1089
2274061	PaulMac	Paul MacInnes	4579
13245092	amcollins	Andrew Collins	747
1294741	ruskin147	Rory Cellan-Jones	153080
14118029	girlonetrack	Zoe Margolis	15077
54483	davidavdavid	David	2063
14302744	amirnathoo	Amir Nathoo	813
14093433	fabriceflorin	Fabrice Florin	2226
1495	Kathy_Johnson	Kathy Johnson	23590
5959342	charlesarthur	Charles Arthur	63100
819439	jagsingh	Jag Singh	5193
14072222	KyleMacRae	Kyle MacRae	4681
2952871	Alfie	Alfie Dennen	2958
11330072	iencheng	iencheng	192
54213	JamesCridland	James Cridland	10295
1151411	matlock	Matt Locke	8088
117723	torgo	Daniel Appelquist	4829
3034251	owenthomas	Owen Thomas	17431
47083	dotBen	Ben Metcalfe	5710
13919072	robinsloan	Robin Sloan	321016
9670742	soundboy	Ian Hogarth	8477
2787551	CathyBrooks	Cathy Brooks	9044
76343	danielheaf	Daniel Heaf	3781
11489	briansolis	Brian Solis	244052
7140572	Documentally	Christian Payne	24393
656043	acton	Michael Acton Smith	21481
30843	DanTaylorWatt	Dan Taylor-Watt	1343
978741	Doctoe	Doctoe	3737
49793	jimmy_wales	Jimmy Wales	110707
1095511	chris_reed	Chris Reed	2666
804204	twittervision	Dave Troy	32502
13513662	taraconlan	taraconlan	612
8155052	PaulBrannan	Paul Brannan	1339
7640782	azeem	Azeem Azhar	8337
5373782	SurrealThing	Adam Gee	2233
3507481	rassami	rassami hokljungberg	2299
1052961	dsifry	David Sifry	12884
7905122	guardiantech	Guardian Tech	2419855
46193	darrenwaters	Darren Waters	7330
10397112	tweeterboard	tweeterboard	1796
3825931	stevecla	steve clayton	10466
13	biz	Biz Stone	2460520
2809321	Deek	Deek Deekster	1370
9272562	Daren140	Daren Forsyth	5741
6439652	PeterBale	PeterBale	4788
1611411	fordie	Mark Ford	849
57203	kevinmarks	Kevin Marks	25090
3840	Jason	jason	229357
4791	johncabell	John C Abell	6744
3839	davewiner	Dave Winer 	66378
8761432	TCEurope	TechCrunch Europe	52178
804416	Coneee	Conrad Quilty-Harper	4318
20	ev	Ev Williams	1811988
8069572	shelisrael	shel israel	29041
13348	Scobleizer	Robert Scoble	455437
8033482	tomkiss	Tom Kiss	1867
760654	paulbradshaw	Paul Bradshaw	23067
608853	zeroinfluencer	David Bausola	2305
70723	technokitten	Helen Keegan	8381
6414882	umbrelutzafjsc	Eugen Soineanu	118
3023621	lewiswebb	Lewis Webb	3087
1177041	jxmitchell	James Mitchell	1422
50193	hughcartoons	Hugh MacLeod 	46172
7825932	marccanter4real	Marc Canter 	4381
7432142	willwhipple	Will Whipple	837
48433	deirdre	Deirdre	437
64543	kevglobal	Mr Anderson	15060
7412922	charliekiss	Charlie Kiss	2365
5749312	btamblyn	Ben Tamblyn	1679
5165901	Hermida	Alfred Hermida	7976
11525	cubicgarden	Ian Forrester	4805
6473252	cherkoff	James Cherkoff	970
75503	martinstabe	Martin Stabe	7268
787166	rooreynolds	Roo Reynolds	5300
27373	noodlepie	Graham Holliday	4553
13241	JemStone	Jem Stone	7194
755172	kevindixie	Kevin Dixie	1951
4170321	toodlepip	Sam Michel	5387
5710152	mailliw	Will Luke	2471
8708	prash	Prashant Agarwal	1423
781674	sambrook	Richard Sambrook	10372
3323491	paulpod	paul pod	750
17843	nmcintosh	Neil McIntosh	5131
667873	Cybersoc	Robin Hamman	3824
12902	bobbie	Bobbie Johnson	13512
13666	mikebutcher	Mike Butcher	107519
