19637653	mfromkin	Molly	115
2369457415	Illumai	Illumai	14
223269129	ActionIntell	Action Intell	1004
35089665	SF_BayArea_ACM	SF Bay Area ACM	497
700304010	Jieqian_Zhang	Jieqian Zhang	214
15381244	cameronsim	cameronsim	110
3096160845	vpetrunkin1	 	493
1864395818	BradinMckay	Gravity_Work57 (PSN)	1141
3167479546	iiMagee18	iMagee20 Gaming	444
602860919	Niccolls_Dimes	Chris Niccolls	2596
1562907204	Fusion_Partners	FusionPartners	1421
264593997	1meechiefaire	meechie faire	136
2309393274	vickiebullock18	street sweepa	428
30418656	vhgnyc	Terence Van Horn	564
286358469	Battery_Chem	Walt Barrett	801
1679666028	tombear1991	Tomonobu Kumahira	630
955629175	natashartpoodle	Natasha Shapiro	577
1419474524	amnesiac2001	rent Boy	330
36549708	edmondjde	Dwight Edmond	722
281119812	ValentinaEnt	Valentina	35772
78676597	BOO_MAN_	?t-bias mkmd	10950
3179687814	daghostking53	lisa narolewski	266
3192973360	DouglsseComm	Douglss eComm	641
2738415133	LaneySolutions	Kathleen Laney	164
26329851	TheRastaSmurf	Chris Burgess	227
1143452648	sflanman77	Steven Flanders	185
2909873872	ExpoRoute22	Electronics Expo	464
3076151219	angelatsai20111	Angela	373
18070691	bwlv	B5	155
16261638	TedRubin	Ted Rubin	285869
2776450202	rtfamilyhealth	Kuo Chun Yang, MD	277
3171206322	HaughtBailee	Bailee Haught	188
987976129	marettataylor	maretta taylor	1075
271996018	ALU_Cloud	Alcatel-Lucent Cloud	11920
3094446876	derrickh124	Derrick Hutchinson	816
22411342	MrScottEddy	Scott Eddy 	617606
174390136	FlyB817	FlyBoi	397
120093200	MandalaySamui	Koh Samui and Beyond	61044
422477041	GaineyKylenxk	Aditya N Putra	475
18180278	danmdoherty	Daniel Doherty	275
17103036	melcarr	melcarr	93
94111955	ArtofWarm	Ken Bodnar	4406
609302983	Jeremy_CF_Lin	Jeremy C.F. Lin	423
1703573119	BradFossen	Brad Fossen	593
432097833	AleCasuccio	Alessandro Casuccio	385
803795130	OrrinEdenfield	Orrin Edenfield	265
600564432	ReadByTweet_TS	ReadByTweet_TS	643
77279957	AndyInfa	Andrew Short	118
30597262	paulalbright	Paul Albright	732
129295580	skuras101	Stasch A. Kuras	219
2934146352	tonybyrnes_	Tony Byrnes	10344
489569996	JohnVincentJV	John Vincent	740
144400453	VCRebecca	Rebecca Lynn	4812
19303356	jackshay	Jack Shay	318
45567902	SethTeicher	Seth Teicher	471
5921452	rbordoli	Robin Bordoli	703
70044339	getpantheon	Pantheon	11525
9684932	andyhickl	Andy Hickl	16044
1351266781	Texata	Big Data World Champ	6888
1093090866	FLOTUS	The First Lady	2040508
12852572	lawrencecoburn	lawrence coburn	3011
14339542	mlz	Marco Zappacosta	2266
146297807	speechu	Sundeep Peechu	2647
21210133	codytaylor	Cody Taylor	193
2403157645	RedditEconomics	Economics News	1982
1447135560	datoinc	Dato	3308
3108033410	masterclass	MasterClass	1130
15413793	tomng	Tom Nguyen	779
2313251690	RedisLabsInc	Redis Labs	1300
22303636	daveselinger	David Selinger	869
14677116	hdost	Harold Dost	207
314475588	hemingway873	Ernest Hemingway	4661
16221374	Smartsheet	Smartsheet	5689
3082904794	ESPHem	Hemingway and Sport	2853
16997374	konstantinhaase	Konstantin.	18532
5537492	jaw6	Joshua Wehner	948
58978275	stevensonseth	Seth Stevenson	3619
2200259892	p_routray	 	335
3003889730	DataUnconf	Data Unconference	228
16815717	naveenprabhu	naveenprabhu	169
14219127	sangel	Solon Angel	609
608369053	DaniScherer	Dani Scherer	6862
508834770	MSys_Tech	MSys Technologies	371
103949787	gaceta_tec	Gaceta Tecnolgica	3510
3044923210	B_Witty22	Bianca Lynch	284
335063017	MelissaTuresky	Melissa Anne	667
3061289493	CW_Events_DK	Computerworld Events	196
27084790	Max_Hemingway	Max Hemingway	382
3173810298	asddj7312u	(100%)	1150
2306821525	insightxm	Leonora Valvo	275
118779892	lindawinelovr	Linda Palus Holtzman	392
35993932	anniegreenyo	Annie Green	745
41286065	banditu0709	sergiu buciumas	121
1115889296	LynnKesterson	Lynn Kesterson	1266
1916197585	omidfi	Omid Hezaveh	260
747650803	andy_sistek	Andrew Sistek	476
191579371	ermanolca	erman olca	522
375153765	es_arman	Arman Eshaghi	750
185994128	GB_Labs	GB_Labs	695
103791940	mrmbanjo	Mayank Banerjee	171
6833762	wware	Will Ware	866
2521030569	JamieLi888	Jamie Little	4285
36498944	glavonas	Greg Lavonas	307
2292931903	EDS_Houston	Energy Digital	3651
105379927	RFx140	Richard French	1646
2607404960	DrAndyPardoe	Dr Andy Pardoe	735
98476789	KatKearnan	Katharine Kearnan	264
2443060639	Atlas_Facts	Atlas Facts	734
10326512	sreevatsan	Sreevatsan A.N.	597
45913244	sophiajulaina	Sophia DeMartini	159
2713173414	esSources	es Sources	350
196244136	MoShalimhaiem	Moshe Shalimhaiem	223
2905783012	BreMobileInc	BreMobile Inc.	10960
134327974	StephenSalamon	Stephen  Salamon	6377
66680741	shamitb	SHAMIT BAGCHI	425
28631865	jamesdensmore	James Densmore	136
134538081	MSKSoftware	MSK Software	472
43133380	StratCommun	Linda Pophal, SPHR	4336
351062082	RecruitCFelkel	Chad Felkel	425
1654656522	AmmoniteGroup	ammonitetweet	309
391991603	PolColomer	Pol Colomer	175
2546761855	WeAreLogikk	Logikk	496
159984619	AthalberthH	Alberto	135
137247768	sgi_corp	SGI	6182
105574108	GaellePeriat	Galle PERIAT	496
121075855	markcartertm	Mark Carter	454
24164123	irenamiller	Irena Miller	418
22908286	denodo	denodo	1093
139819194	narrativesci	Narrative Science	3968
130570965	inside_R	inside-R Community	11392
2421060835	6senseInc	6sense	3736
2411195982	aditib91	Aditi Bansal	113
226623107	stuartfrankel	Stuart Frankel	878
18098720	AmandaKahlow	Amanda Kahlow	893
25213966	RevolutionR	Revolution Analytics	13747
342250615	rOpenSci	rOpenSci	6819
135145368	allthingshadoop	Joe Stein	3268
235261861	rstudio	RStudio	17060
544916703	MLconf	MLconf	2844
254791849	SciPyTip	Scientific Python	35644
1092795044	GovtechFund	Govtech Fund	1086
405033226	simplystats	Simply Statistics	26725
634406525	ML_Hipster	ML Hipster	7990
8564482	krees	Kim Rees	6197
17522755	JohnDCook	John D. Cook	17436
20963651	seanjtaylor	Sean J. Taylor	7235
216939636	AndrewYNg	Andrew Ng	34209
114485232	lintool	Jimmy Lin	7699
2511461743	rightrelevance	Right Relevance	15585
15379361	johnmyleswhite	John Myles White	12502
473521805	tenorca	Justin Tenuto	68
233730364	tariq	tariq	46
92356429	DJSnM	Scott Manley	26077
404813979	kothari_hemant	Hemant Kothari	456
197182526	slow	Slow Ventures	2140
4894431	bgood	Benjamin Good	479
107	pud	Philip Kaplan	43991
6377902	skasriel	Stephane Kasriel	5845
219833483	lostonlogic	Anand Iyer	125
14533997	CodeAndData	Ryan B Harvey	488
20523041	SWMGroup	Sean Williams	1093
21969039	rahul_sachdev	Rahul Sachdev	489
77257004	ricardoparro	Ricardo Parro	680
15977836	molhamaref	Molham Aref	195
469098042	flo2sa	Florian De Sa	176
14409962	Greg_Thompson	Greg Thompson	483
32349182	Benedetto09	ASTUTIA	365
74989078	sudipaduttaroy	GeekyNerdyMummy	233
468561482	VenkatNagaswamy	Venkat Nagaswamy	176
531504378	scottmrtn	Scott Martin	329
261862735	ZR33F	Zareef	290
14076451	kwatson49	Katie Watson	725
249113106	moviesbydepuhl	Movies by Depuhl	627
18434437	StephenIbachQED	Stephen I.	202
252203351	kwhudnut	Ken Hudnut	604
3060161834	HDSUnitedStates	Hitachi Data Sys USA	491
1471797792	esterson22	_	4102
632343	chaddickerson	Chad Dickerson	12909
105786101	SentimentSymp	Sentiment Analysis	1732
2614399621	trouvus	trouvus	507
630671901	miha_jlo	Mihajlo Grbovic	555
144150889	Cetrulin	Andrs L. Surez	586
14697711	efernandez	ed fernandez	5301
112877273	Camiloreyesq	Camilo Reyes	278
23711502	PaulC12s	Paul Constantinides	547
195403073	markcicero	Mark Cicero, MD	582
73383500	vcjha	Vikram Jha	1093
22829311	kamalkchahal	Kamal Kaur	2031
1180627544	Numenta	Numenta	2811
1447977956	melvingruesbeck	Melvin Gruesbeck	445
335365238	KevinCrosby1	Kevin Crosby	585
15110769	olinhyde	Olin Hyde	8068
17423147	jeroentas	Jeroen Tas	1754
2813691	peyron	Julio Peironcely	1558
14656296	ruslansv	Ruslan Belkin	13224
42417984	OliverChristie	Oliver Christie	27827
29901467	BuffandGrind	BuffandGrind	134
850978321	kishoreNatarjan	kishore Natarjan	202
18312902	huyng	huyng	318
3487151	LynJ	Lyn Jeffery	1262
197189853	LawLM	Lawrence Lin Murata	1395
554639394	blogsaffiliate	Bloggers Wanted	9123
149427599	SAStreltsov	PoetSergeyStreltsov	486
226798549	MarioRigby	Mario Rigby	418
1949472740	ShMiller320	Sheila Miller	707
16036705	davemuni	Dave Munichiello	1294
61559439	nvidia	NVIDIA	835689
240723622	jouilis	Salim Jouili	226
1337362578	hnektarios	Nektarios Ch.	241
20305260	puneethmishra	Punit Mishra	263
2696224645	elianalorch	eliana	300
82398407	iInkit	Inkit Padhi	461
134100019	JBAGerritsen	Joost Gerritsen, LLM	795
465477283	IIHCsummit	IIHC	4005
65983654	JamBronner	J. Bronner	354
429242206	HajjNada	nada hajj	364
569430602	SagaMilena	Saga Briggs	526
32463427	befreax	Thijs	561
96933151	JohnDobbin	John Dobbin	1615
6562002	debasishg	Debasish Ghosh	6180
2395083948	TFFDisruptive	TDIA 2015	25995
96192934	maxscience	Massimiliano Picone	138
2999992556	wimlds	Women in ML/DS	189
365804971	mtreardon	Mark Reardon	156
40020752	ventsy	Ventsi Tsachev	180
391703313	culurciello	Eugenio Culurciello	256
834358303	JamesBisaillon	J Bisaillon	276
9175042	tracer_bullet42	Tracer Bullet	299
1686972506	doubledeckerpot	David Bernier	510
2330573426	IE_Dave	Dave Barton	552
419039343	marek_rosa	Marek Rosa	4120
159203775	DEMO	DEMO	35067
1116319532	GianniBarlacchi	Gianni Barlacchi	139
170739019	cobzarenco	Marius Cobzarenco	133
18111915	wmdeneve	Wesley De Neve	158
122947306	WilliamH_Chuang	William Chuang	208
2882893927	AnimaAnandkumar	Anima Anandkumar	446
25492486	0xh3x	Giorgi Jvaridze	438
18786099	Nvania	Nvania	451
495430242	IgorBrigadir	Igor Brigadir	800
14408924	redpony	Chris Dyer	875
2897988570	hire_ai	Hire.ai	1481
55275052	michalillich	Michal Illich	3089
28732891	LinkBechtel	Luke Bechtel	230
2924760763	ThinkersLink	ThinkersLink	277
2261697469	adamatzky	Andrew Adamatzky	326
49928604	jpcuba	Jean Pierre Cuba	676
99598323	musegarden	The Garden Of Muses	790
14132655	SvenC	Steven Cutbirth	1235
943751	jhuber	Jeff Huber	36029
49044100	ProfLindaScott	Linda Scott	55149
34376328	tallinzen	Tal Linzen	387
216919545	jakubzavrel	Jakub Zavrel	954
422869535	senseplatform	Sense	1202
1347580249	CHenryAuthor	C. Henry Martens	4951
1902196142	JHightman	Jason Hightman	122
432789533	MrHarrisonICT	MrHarrisonComputing	277
2187558360	bitcmp	Bitcamp	1567
3073217387	FSUNUNO	FSUN United Nations 	4594
2983151759	Hillary4Boomers	Hillary4Boomers	6387
1120171	mtraven	s 	562
16638041	PeterCorless	PeterCorless	906
3393781	psygnisfive	Darryl McAdams	1112
2800933335	fakeallentran	Allen Tran	831
2492285185	eProvStudio	eProvStudio 	10382
10485162	chatkoff	craig hatkoff	30111
2884051665	CreateRELEVENTS	RELEVENTS	25142
3005783672	TrueAngelDiaz	Angel Diaz	486
21666426	raj88iitr	Rajpal Singh	421
1909826419	esseeconsulting	Sean Carey	789
243404150	MadDataScience	Alessandro Gagliardi	1756
21133762	krivielle	Kim Rivielle	19271
2670505184	dgadd523	David Gadd	240
6642132	ikuyamada	Ikuya Yamada	328
74931097	samiur1204	Samiur Rahman	352
18914718	frankcarey	Frank Carey	365
2604167895	kaischlieter	Kai Schlieter	536
2025101	PFCdgayo	Daniel Gayo-Avello	1112
111906975	jpnKevin_T	Kevin Taylor	2078
105984261	TsendeeMTS	 	2917
360377240	sondinhtran	Son tran	13872
2934342339	jenniferpark202	Jenny Park	18
16132791	Esri	Esri	61079
114273543	hooktheory	Hooktheory	923
15872273	vedang	Vedang Manerikar	765
2285780407	TammyDrummonds	Tammy Drummonds	729
39062967	govindk	Govind Kanshi	831
258032124	ChiefScientist	Alexy Khrabrov	1164
196837758	rallyrallyree	Rally Rally Ree	1081
1382514060	qwikaddotcom	Free Advertising	12010
126226388	jaykreps	Jay Kreps	10091
767601	digitalburr	James Burr	48611
456980432	TriCoreNow	TriCore Solutions	624
1720400120	iRIDEk2	Jerice Anterola	855
528961765	ronclintonsmith	Ron Clinton Smith	1218
3044888001	GameMobs	GameMobs	1245
3033791056	elearning_today	E-LEARNING Today	1468
24311134	drnewbold	Rich Newbold	1503
774809	jranft	Joe Ranft	1695
112806109	CommonCrawl	CommonCrawl	2791
27274288	Stukalsky	Alan Stukalsky	9619
26737315	ramsgopa	RamSubramanyamGopala	497
110842971	GuillermoVela29	Guillermo Vela	513
519566694	NC_BizBroker	Paul Fackler 	489
249157405	JedMGresham	Jed Gresham	553
1329922886	BigData_Review	Timothy King	679
1440232525	questmusicgroup	Quest Music Group	14694
2384133817	2000_dale	Dale Henderson	37743
2257288747	BakkenCoin	BakkenCoin	49418
14614643	richardsimoes	Richard Simoes	418
94425771	JaneZupan	Jane Zupan	702
2934705208	WanaReliveTodaY	ReliveToday	726
332603400	KathleenGoolsb	Kathleen Goolsby	1016
2372479135	CloudCoreo	CloudCoreo	2031
160763	ChristianBurns	Christian Burns	2013
736086956	brendanomalley5	: Brendan O'Malley :	46990
140245391	soph__christine	Sophia	406
84858636	joemcgonegal	Joe McGonegal	642
2720951966	CalumsNiceBuns	Megan//pls cal	1690
78729443	joe_hellerstein	Joe Hellerstein	5918
15612251	tamaradull	Tamara Dull	8526
2464664059	resultsdriven1	Michael Martin	54157
17917971	tipilakota	Paul William Nolan	471
425137833	Evensonbqr	Juninho Araujo	545
546412890	DPjrd	John R. Dundas	750
112068129	ThomasHazel	Thomas Hazel	721
481290349	CloudJones	Chad Jones	1473
1119798967	LinkeDrive	LinkeDrive	711
14285551	shobhitchugh	shobhitchugh	824
15997460	CherylBarbato	Cheryl Barbato	881
2376517663	IoTdo	IoT.do - DO the IoT	1525
18514207	Jakewk	Jake Kaldenbaugh	2790
20656014	peakscale	Tim Freeman	3295
22229764	PCampBoston	ProductCamp Boston	831
16868154	arjenpdevries	Arjen P. de Vries	1382
12743832	seemohan	C. Mohan	1652
17450026	nicfish	Nic Smith	4007
2426443268	hemingwaysparis	hemingwaysparis	4651
12166822	tdav	Tom Davenport	5365
19875993	mclean	Jeff McLean	12205
40712300	jgnunezll	John	195
129816498	bandedearth	Kevin Bowman	439
11914552	parraguezr	Pedro Parraguez Ruiz	974
2799626938	IE_Elliot	Elliot Pannaman	1138
1294621	kidehen	Kingsley Uyi Idehen	3959
1869377912	MooVooZ	MooVooZ	3923
16407251	richminer	Rich Miner	15573
2403557101	karensw32008627	karen swanson	8
3141891803	WeAreSaltIO	Salt.io	28
324916651	csfcpa	Bob Bowen	10
277230761	jennykey3	hi	13
17700967	harmansandhu	harmansandhu	16
250442730	harty5732	Paul Hartnett	19
2529152894	mimirmuza	Amir Muza	61
155008754	utwon55	Martin Cantu	59
339835212	AstroBokonon	Ryan Hamilton	188
16880093	gnmerritt	Nathan	200
416772488	zulkafliadam	Zul Combat	218
462312372	StewartLBond	Stewart Bond	287
20593217	thisismaz	Adam Mazmanian	888
1680366732	crew_social	CrewLife	13579
2182812798	monkeylearn	MonkeyLearn	11552
288533666	UserExperienceU	Karl Smith	268499
3102211850	insighthealthds	Insight Health Data	20
3153867749	biocignal	James	36
49436393	209design	two zero nine	13
78664651	sanu_sugathan	sanu sugathan	23
54870195	shabz27	Sohaib.Qid	51
436640483	JPwhitford	JP Whitford	73
2964574965	think_bigdata	Think BigData	192
399963806	vanipm	Vani	117
3031326355	tweetgirrll	5sos~girl	159
326748172	j3rrywan9	Jerry Wang	137
16620136	dontinker	Don Tinker	571
17072513	ErikJHeels	Erik J. Heels	573
27631431	bsesser	Benjamin Sesser	668
3145031043	NelsonGeanine	Kris 	590
318817987	AdamBataran	Adam Bataran	1963
2855645196	lucashamet	Lucas Hamet	2637
34236761	Stephen_Cummins	Stephen Cummins	3333
13076512	luisdans	Luis Daniel Soto	7557
16963140	ulfjens	FloorballUlfjens 16K	16235
2862966903	BetterAuds	Miranda Mills	22692
2550568176	RyanInTech	Ryan Lippert	1482
267113991	vishalpanchal85	Vishal Panchal	3529
42479574	Bencheton	Cornelia Bencheton	856
168156012	YaelAPeer	Yael Peer	573
75327299	BereanoPartners	Josh Bereano	5883
39133217	PATHITTS	PATH DATA GOVERNANCE	354
291969374	itpartners_nz	IT Partners	339
15206692	joeboutte	Joe Boutte	773
280657127	aurelievache	Aurlie Vach	562
14197115	tomcunniff	Tom Cunniff	2807
115186691	FreshPatents	FreshPatents	27941
3005530093	a_maricruz159	Marie Cruz	388
2827748941	KingstonJamesW	James Woods	413
1536532568	forecastthis	ForecastThis	349
17374599	alanchiu	Alan Chiu	2725
633842241	Business_Optics	BusinessOptics	129
2462773729	JackiRocker	JackiRocker	553
1957458986	datazenit	Datazenit	3264
938941886	SandCastleKid	Adnan Zahid	917
60065919	apathetic_ear	floon	180
193030139	eric_kavanagh	Eric Kavanagh	43858
39057030	vassalos	Vasilis Vassalos	611
2984719599	vmwareguyri	Bob Stanley	660
2483417965	DataconomyJobs	Dataconomy Jobs	1520
38118204	OnPhilip	Philip On	299
351586309	JimCresswell	Jim Cresswell	579
14914457	jtoy	jtoy	22581
32800037	asayeed	Asad Sayeed	286
2479071	drwiltshire	Deborah Wiltshire	385
18679122	jeremyaaronlong	Jeremy Long	424
49231658	nserrino	Natalie Serrino	457
472257502	ClouderaConnect	Cloudera Connect	604
284204571	superturbos	Zack D	777
250073721	epicgraphic	Mark Johnstone	1504
17910685	robonz	Rob O'Neill	1786
15058596	theCUBE	theCUBE	2209
246033684	Quid	Quid, Inc.	3014
309182117	platfora	Platfora	4349
14511820	ryanleecox	Ryan Cox	5132
15211440	editingwhiz	Chris Preimesberger	7085
9464552	MacDiva	Chrys Wu	9268
33042238	marksmithvr	Mark Smith	18611
233631354	SocialBro	SocialBro 	186951
13982132	medialab	MIT Media Lab	281296
1223326380	AlexKatona1	Alex Katona	33
30207683	gopalraghavan	Gopal Raghavan	92
520749642	AmyVGaskins	Amy Gaskins	204
55071394	a_adam_wilson	A. Adam Wilson	410
67705025	sawjd22	Subash D'Souza	744
20453726	mphnyc	Michael Hiskey	2378
621111679	jeroenhjanssens	Jeroen Janssens	2578
8472272	pwang	Peter Wang	4245
177530860	danwoodsearly	Dan Woods	4505
3105491	lynnlangit	Lynn Langit	4546
111407412	junkcharts	Kaiser Fung	4619
15674265	wiseanalytics	Lyndsay Wise	5662
1562518867	databricks	Databricks	6782
16742099	QlikView	Qlik	24248
14792516	tableau	Tableau Software	56642
39319048	ridiculousdata	Darren Chinen	31
2993623806	TyeDataSci	Tye Rattenbury	51
2457248239	waterlinedata	Waterline Data	67
5562862	kwikstep	Michael	96
14993101	joshbyrd	Josh Byrd	115
17974614	willcmdavis	Will Davis	314
18689406	NolanN	Nolan Necoechea	305
206458131	kaushiksf	Kaushik Kunal Das	395
35108595	sreekanti	Kumar Sreekanti	405
17131936	frankartale	Frank Artale	1301
561546491	Zoomdata	Zoomdata	1314
7335622	hackathorn	Richard Hackathorn	4323
82494739	ping_accel	ping li	4529
17466375	hyounpark	Hyoun Park	7549
317005231	JohndeVoogd	John de Voogd	11138
111723493	hadoopsummit	Hadoop Summit	14213
29277052	howarddresner	Howard Dresner	14152
16534327	Claudia_Imhoff	Claudia Imhoff	17142
11272022	merv	Merv Adrian	19832
280030392	jesikaharia	Jesika Haria	57
191846473	bobhardaway	bob hardaway	107
27895551	buddha_314	Brian Dolan	149
2584417106	DataKindSF	DataKindSF	391
94889558	informationchef	SN : Info Chef	516
47029322	adenesacks	Adene Sacks	535
2571540384	nehajewalikar	Neha Jewalikar	605
897463404	BenceArato	Bence Arato	724
25504894	rsallam	Rita Sallam	1893
194081605	AliRebaie	Ali Rebaie	2016
365453693	FrankBuytendijk	Frank Buytendijk	2198
54702420	jgptec	Jorge Garca	2512
26587927	santaferraro	John Santaferraro	2644
14976542	JAdP	Josep di Paolantonio	4736
13986572	deborahgage	Deborah Gage	6102
88821769	ted_friedman	Ted Friedman	6383
16165383	radius	Radius	11714
19915112	BIScorecard	Cindi Howson	12177
458647237	DataKind	DataKind	14805
153492935	commun_it	Commun.it 	70280
165092247	sachinderchawla	Sachin Chawla	41
64496701	tanyacash21	Tanya Cashorali	608
195508584	Lindy_Ryan	Lindy Ryan	681
14833643	oceankidbilly	Rob Story	1341
18129188	abresler	Alex Bresler	1342
158522193	idigdata	Jen Underwood	3864
1227698863	BerkeleyData	datascience@berkeley	6629
43224382	smulthaupt	Stephan H. Multhaupt	28
67666338	AndreaBok	I'm back	338
185594976	thekibosch	Torie Bosch	1674
3239181	got80s	Brad Ehney	2163
575111574	jamaisvoodoo	Nicole Lillian Mark	775
334709461	DrOAMachado	Orlando Machado	808
180930119	globaldma	GlobalDMA	1163
110686980	moyicat	Samantha Zhang	386
3067952825	uniquepooltable	8 ball	676
358386779	StatsUserNet	StatsUserNet	801
22492607	konarkmodi	Konark Modi	696
152123	alexfrancis	Alex Francis	957
97716631	VoltDB	VoltDB	4899
41686842	enviroeberhardt	chris eberhardt 	255
14742422	frankcalberg	Frank Calberg	589
41211760	josephjett	Joseph Jett	119935
2970146499	Robertsondrmz	Robertson	492
162861975	darshandorsey	Darshan Dorsey	274
18103643	SiefatFatin	Siefat Fatin	346
271764517	captain_eli	Eli K	1751
130793724	masterSNID	SNID	21718
15368016	VMartin	Vivian	249
18105812	dmshaikh	Danial Shaikh	259
92997557	arroyopeligroso	Arroyo Porsupollo!	344
9377892	tpoi	Timothe Poisot	1568
61073451	dlmackie	Dexter L. Mackie	387
394110056	flumesmedia	Flumes	711
245066121	mike_mcguigan	Mike McGuigan	3556
539607542	alvimalessandro	Alessandro Alvim	178
36791055	chrisbriem	chris briem	882
1549286779	kreationzone	Kreationzone	1160
3142597914	unfilteredjrny	Unfiltered Journey	102
83280386	IrudayaRajes	IrudayaRajeswaran	100
18403150	jlmosebach	Justin Mosebach	677
12077372	thedr9wningman	thedr9wningman	151
4829411	ParsnipSoup	Kate Supernova Geyer	162
637143059	tvanantwerp	Tom VanAntwerp	115
24413175	admonteiro	Andre Monteiro	273
18696987	interworks	InterWorks	4335
17158618	scottpham	scottpham	657
552704690	RathjePoliSci	Greg Rathje	116
16686673	taxfoundation	Tax Foundation	16134
6144652	ryanbriones	Ryan Carmelo Briones	1546
22105603	natashamitchell	Natasha Mitchell	16203
18239494	lynnecazaly	Lynne Cazaly	3737
1674546415	polisisti	Alessandro Sisti	177
375686682	FrayedWorld	Simon Davies	147
41616044	catgreener	Catherine Greener	564
2616090896	IanMasonHF	Ian Mason	541
892671733	MichaelJulian14	Michael Julian	14
2267948076	DanaMenardCFP	Dana J. Menard, CFP	384
2590345164	IntelTim	Tim Duncan (Intel)	1177
176026330	Ishahit	Ishah	1264
2489595012	EXADude	Graham Mossman	1987
1650368761	visual0graphy	Visualography	40620
238095043	R4LPartnership	Research4Life	997
17975890	randyramadhin	Randy Ramadhin	1885
257217374	eladiooidale	eladio montero	146
2806415013	johnmelville123	John Melville	799
18950829	Evalyn7	Evalyn	1078
14737198	marie_simon	Marie Simon	2755
21120253	BenParker140	Ben Parker	5890
10967812	stonepeople	Jonathan Stoneman	413
491487661	RebSOwens	Rebecca Owens	245
40933601	JeromeAhye	Jerome Ahye	292
1218235176	PennySchiffer	Penny Schiffer	1432
178726475	rasheqrahman	Rasheq Rahman	320
354019508	nicktan555	Nick Tan	381
129832378	Cswizz	Corey Egan	551
3144418545	professorhobbs	Hobbs 009	283
5981342	lkafle	Lava Kafle	15373
26671108	CFootball	Lance Daharsh	402
43874512	jackbergstrom	Jack Bergstrom	57807
886139005	decideis	decideis	275
2961287635	faisal222342422		229
146829780	woojoodo	Youngboo Seo	678
3031751680	DismantleICBC	Debate ICBC	426
2491431097	VivienneD1xon	Vivienne Dixon	1037
53452841	danmccarey	Dan McCarey	2556
3014578607	SpreadsheetsWow	UpgradeMySpreadsheet	363
343483210	MLock_Insights	Mike Lock	1422
2983139151	Painless1099	Painless1099	1258
1876956018	meaghanflores24	Meaghan Flores	389
1630590079	CaroATeamGroup	Caroline Statman	100
125973039	ravisundarv	Ravi	27
3122067480	kstoltzmdv	kstoltz25	12
520691899	zCrowd	zCrowd	103
31213999	Mikebandar	Michael Bandar	6131
3016375028	KayleneMacri	Kaylene Macri	328
161951538	n_chalmers	Nicole Chalmers	14598
1961021263	TerriGoddard_SF	Terri Goddard	1922
1960962288	All_Day_Cloud	Cloud News Daily	1194
2972511850	theeonlyphat	june29th.	156
607502615	IIM_Lori	Lori Conarton 	332
822966	cskott	Courtney Skott	741
26305496	AmyGSFN	Amy Muller	1769
6204	abrams	Jonathan Abrams	14237
997	tedr	Ted Rheingold	9847
42669964	socrata	Socrata	4785
68592846	artbaron	Art Baron	5110
2493865274	klaudiagowero	Klaudia Gowero	378
23363225	PeterSpeyer	Peter Speyer	1629
95808333	shherrin	Shawn Herring	2837
224379103	amplab	AMPLab 	4388
1946955308	ChandraVolmer	Chandra Volmer	237
1959847447	NYCTechTweets	Dan Parker	50
1549051872	TranConn	TranConn	738
724891783	linkedinselling	LinkedIn for Sales	36454
2155257810	BigDataWkshop	BIG DATA IMMERSION	103
17499047	mike_samson	mike samson	974
1976506885	reeniesjewelry	Irene	1
27196830	MManningIEI	Matt Manning	223
2207496554	fundactive	Fund Active	294
89351626	rajanvash	Rajan Vashisht	21
51760857	bkfaruki	Belal K. Faruki	64
14064443	sudesh	~ Sudesh Mesta ~	246
1936234554	Thespiderfilm	Ariel	771
160744593	jecolbe	Dr. John Cohen-Colby	260
1648625598	TREPezeMedia	TREPeze	512
2303014267	Qool888Qube	DanielAzmi	42
177665568	CODiEAwards	CODiE Awards	1514
1398654900	3DBillionaire	BILLIONAIRE PR GIRL	509324
2281018332	telnexus	Telnexus	407
21813540	willblaze	Will Blaze	1603
575638977	Sanjay24381	Sanjay Kumar	24
16264803	brett7three	Brett Haase	71180
23607528	ReferenceData	InsideReferenceData	2358
27863403	EdCoburn	Ed Coburn	621
96436273	Chirpsy	Chirpsy	348
198710745	uSamp	uSamp	2275
2300462317	AdaptiveMktg	Adaptive Marketer	4195
52708008	Pandarious	Destiny	7
20270551	rfsilva123	Rod Silva	802
1692311798	eapmdv	Elizabeth Patterson	327
20513823	GoldenSource	GoldenSource	1072
1434614137	claura97	Carmen B	703
88048569	helenligalize	Helen Ligalize	61
2480768705	phtz_tw	phtz_tw	56
215436343	restaurantgirl	Danyelle Freeman	11282
2436588164	StartUpsFilms	StartUpsFilms	87133
2435140771	StartUpsSports	Start-Ups.Co	70133
2456223144	CrowdTNGO	CrowdTNGO	77329
200565872	brianlomeland	Brian Lomeland	89
287991367	DaleDreps	Dale Dreps	129
2657756400	DigiluxeGroup	Keren Eldad	95
318158124	MixRank	MixRank	1306
2576938244	DataAndMath	Michael Rosen	5509
1376710128	FazzyIrma	Amando Limabelas	17197
1347753500	bdstolle	Bryan Stolle	17135
376438894	tomandorff	Tom Andorff	330
249270946	capslockjon	Jonathan Phillips	65
705894499	WorkLabinsights	Belinda Johnson	771
2456193444	CrowdTEvent	CrowdTEvent	95497
2244573710	crowdsurfturk	CrowdSurf	398
2691159577	mediaboardtest	media board	1
2795007097	bigthingsocial	Big Thing Social	396
329263640	marcoscavazza	Marco Ska	9
2574867157	ImajinnLimited	Imajinn Limited	47
178565960	DavidBratvold	David Bratvold	249
2206514100	referralpop	ReferralPop	279
51759139	JessicaDHeadley	Jessica Headley TV	5263
159131559	krbazzy	Kyle Bazzy	1664
267956819	mobbrcom	Mobbr Crowd Payments	427
125370707	North6thAgency	North 6th Agency N6A	331
35005120	ahsonpai	Ahson Pai	863
89094168	TabbFORUM	TabbFORUM	4564
47615438	trevormadigan	Trevor Madigan	478
18718952	wmagency	William Mills Agency	1564
2864525884	lindquist_8	Beverly Lindquist	203
2591662076	Clinton2016org	Clinton2016.org	33093
2752770635	kitt3nnz	Trisha Nesbit	21
834405991	TheEnclosed	Enclosed	10790
2840319232	BZAwards	BZ Fintech Awards	1009
1890925297	thefineng	TheFinancialEngineer	27656
2893094978	StackKrom	Kevin Krom	94
119487570	DWRGovernorsCup	DWRGovernor'sCup	1762
303940308	TheSocialQuant	Social Quant, Inc.	50108
65017508	ismailamla	Ismail Amla	498
457644110	EllieBinau	Ellie Binau	228
250689670	gbert55	Ginger Z	496
179968645	Capco_FinServ	Capco 	2979
2928784496	TTAETFMidCap	Thinker Trading Acad	1258
1484162798	crowdclan	Crowdfunding	95722
45937084	bapietras	Brian Pietras	341
14153533	jsmrecek	Jeff Smrecek	76
2446738050	CrowdTRaces	CrowdTRaces	74687
234807852	gregpilano	Gregory PILANO	457
36148700	Kapitall	Kapitall	3452
2975839640	flaccloud	FlacCloud.com	38
1463153148	leahfaul	Leah Faul	972
3035107892	AzharuddiM	M Mohammed Azhar	19
380752689	Inturact	Inturact	10874
1005205783	DavidFeligno	David Feligno	145
50775235	calibermedia	Caliber Media Group	683
292333426	ChrisMcKibbin	Chris McKibbin	471
214269469	Economplex	EconomplexDotOrg	201
102934205	rosa_garriga	Rosa Garriga	1529
2258218458	JessicaCrls	Jessica Carlisle	109294
329558084	theneweconomist	The New Economist	1895
48739388	TechMarketView	TechMarketView	3105
133232715	Regan_George	Regan George	13704
40048462	IanQuine	Ian Quine	35
3004278676	PoleenWorld	Poleen World	16423
137796394	hwitsenb	Hans Witsenboer	108056
1355991241	Chuffed	Chuffed	7951
325637715	eprowady	E. Paul Rowady, Jr.	197
312783905	UKDatahouse	UK Datahouse	42000
80607149	10EQS	10EQS Team	372
50860476	CEOlNG	Elite Envy Magazine	54914
1467099348	GraziellaKuhn	Graziella Kuhn	79
1724237028	AndraMarx	Andra Marx	59
184391585	affirmedsystems	AffirmedSystems	87930
135945569	Doug_Laney	Doug Laney	29103
2260393860	StartDashUpsCo	Start-Ups.Co	102870
567059880	hackapreneur	Justin Wu	11941
1031379176	letitsteve	Stephen Sanfilippo	39
277289124	digital_russ	Russell Houghtaling	768
28320528	timothymoran	Tim Moran	36234
121440808	ingriastartup	Ingria Startup	2267
24865782	iMeta_UK	iMeta Technologies	267
101748660	MaysieRos	Maysie Ross	612
2255445024	ManagedbyQ	Managed by Q	2937
191029020	v_vashishta	Vineet Vashishta	12701
2937589707	DKajouri	Maryam Danes-Kajouri	1848
2544416664	ScrapeHero	ScrapeHero	1057
46048965	nirsd	Nir SD	199
1077	sbepstein	Steve Epstein	4462
14111160	grahamhughesmd	Graham Hughes	382
17174885	cyarbrough	Chuck Yarbrough	211
3138431682	SnsrDAnalytics	SensorDataAnalytics	283
2408916181	_seantma	Sean Ma	120
237781124	micahjarrett	James Micah Jarrett	234
79302229	accelerance	Accelerance	3219
2726374346	crowdfire_es	Crowdfire Espaol	3952
2963953462	crowdfire_tr	Crowdfire_TR	1123
2514569370	GetSuperApp	Super	4756
52999057	Vectoriel	Vectoriel	1652
2752205640	TakeOff_App	TakeOff	2858
61981100	ISpiriTualist	Smiling Sam :)	13621
2884652077	GetStatsApp	Stats By Crowdfire	2239
1191147378	lifejourneyblog	lifesjourney	151
3091337589	myirishhomeland	Tom Jennings	1059
182493733	wrobertsfood	Wayne Roberts	17099
16900850	ZAGrrl	Dr Gail Barnes	88704
16046258	Labedzki_Art	Annette Labedzki	67573
23487429	bfod	Bennett	69525
14111613	waseem	Waseem Daher	751
558610612	cistronic	Michael Lappe	196
28788786	HughShanahan	Hugh Shanahan	73
13206522	cesarjudez	cesarjudez	479
2596849848	MeIAmCari	Cari Jaquet	102
219213506	dribeiroalves	David Alves	3333
19123904	Joseph_Santoro	Dr. Joseph Santoro	9592
762887	bluflowr	Irma Kramer	192
17186251	AhujaPrerit	Prerit Ahuja	236
258374854	dbcurren	Don Curren	2354
51987505	DataLadder	Data Ladder	2231
2654699365	KenNeumeister	Ken Neumeister	287
60829863	dp2web	Deepankar	532
37049416	alankotok	Alan Kotok	811
40277555	SimaFore	SimaFore LLC	543
15651068	mpyllan	mpyllan	277
75747454	txoinc	TextOre	505
131220971	BentonSearch	Linda Benton	1422
445794479	arnab_majumdar	Arnab Majumdar	1888
47586577	tweepi	Tweepi	387549
29649815	JayWacker	Jay	504
86347253	archiveteam	Archive Team	2733
149300143	scottsaturday	Scott Saturday	303
14208457	dbreunig	Drew Breunig	1061
527843479	matthias_ollig	Matthias Ollig	131
2945940359	HappyAnalytics	Happy Analytics	14550
1031276418	vizalytics	Vizalytics	265
2900173115	PDEWEB	PDEWEB	497
262240090	mphillipsx	Michael Phillips	117
21725865	jaycalavas	Jay Calavas 	659
14137033	nimkar	Nilesh Nimkar	3055
5732432	saarsaar	saar gur	18586
46264564	shinnchen	Shinn Chen	156
14686467	williamhrs	William Rufino	755
26211488	TimSchu	Tim Schumacher	6285
23889840	paulsutter	Paul Sutter	215
176210560	skepticalsports	Benjamin Morris	8655
1137408992	DSI_Columbia	Columbia DataScience	1126
52940903	colour	Ayumi Yu	821
767936412	BIG_DATA_News	Big Data News	6937
108471290	datameer	Datameer	8837
59918812	gooddata	GoodData	13529
288500051	hortonworks	Hortonworks	90212
1132876218	pivotal	Pivotal	22671
85001062	ThugMetricsNews	Thug Metrics News	12346
194663014	atmccann	 	4873
18998428	Jaspersoft	TIBCO Jaspersoft	10880
2520999920	NYCDataSci	NYC Data Science	9224
485084559	LowLatencyDB	LowLatencyDB	2363
107260894	sajclarke	Shannon Clarke	941
20641938	Pentaho	Pentaho	12412
357963889	TestTubeGames	Andy Hall	307
369324982	magicwhistle	Sam Henderson	1767
2835276183	MonicaLewinsky	Monica Lewinsky 	93654
961589635	MathMeetsFball	John Urschel	28652
167346791	mxlearn	ML @ REDDIT	7330
1201186872	DataIsBeautiful	/r/DataIsBeautiful	32343
5569042	brianmathews	Brian Mathews	2536
24060155	JRRaphael	JR Raphael	11034
14367669	kimmaicutler	Kim-Mai Cutler	17018
20562637	businessinsider	Business Insider	1093199
46223	bencasnocha	Ben Casnocha	12897
507415544	BigDataClub	BigDataClub	15471
408520849	BigDataBlogs	BigData Blogs	30493
42480399	derrickharris	Derrick Harris	11830
17350542	InformaticaCorp	Informatica Corp.	49168
32546966	teoliphant	Travis Oliphant	5552
2898672014	DataVizRR	Data Visualization	5244
14062704	jbstafford	John Stafford	309
1611309889	FinTechWatcher	Financial Tech Watch	103
108701689	Laila_ElGohary	Laila El Gohary	550
2910644884	csarasuagar	Cristina Sarasua	48
808481575	_jeff_nelson	Jeff Nelson	2680
118203	eoghanmccabe	Eoghan McCabe	6431
14539324	Computerworld	Computerworld	175686
620256740	InDBPioneers	In-Database Pioneers	1317
2704548373	NoSQLDigest	NoSQL	7513
5744552	mrgordon	Matthew Gordon	149
14398638	missionmission	Mission Mission	8502
626681652	trifacta	Trifacta	4600
14426771	SeanEllis	Sean Ellis	86408
1081568149	YhatHQ	Yhat, Inc.	5255
181885145	statsqa	CrossValidated	978
179490918	scikit_learn	scikit-learn	1071
76208928	salfordsystems	Salford Systems	1565
38670441	mjcavaretta	Michael Cavaretta	7380
21978752	DanceYourBliss	Rachel Fleischman	177
1977579223	NYT4thDownBot	NYT 4th Down Bot	19726
18393773	neilhimself	Neil Gaiman	2239424
15922962	pnakache	Patricia Nakache	1906
622462907	playouya	OUYA	43789
2829401	roybahat	Roy Bahat	6361
21897334	billbarnwell	Bill Barnwell	110642
970871	gerstenzang	Sam Gerstenzang	2321
1620774595	NerdyDataLtd	NerdyData	1891
59157908	umangdua	Umang Dua	1052
64844802	a16z	a16z	160430
113130846	ycombinator	Y Combinator	273062
770729	lizgannes	Liz Gannes	71978
24941044	ajs	Alyson Shontell	16505
4939401	patrickc	Patrick Collison	25754
16318114	sfgov	City of SanFrancisco	70460
36183636	SFPD	San Francisco Police	42082
7517052	howardlindzon	howardlindzon	247743
15640533	SFBART	SFBART	96050
109702390	sfmta_muni	SFMTA	46694
3740811	priscillascala	Priscilla Scala	3061
58569513	DPRK_News	DPRK News Service	28555
298899556	DataEnthusiast	Data Enthusiast	3348
446719282	shivon	Shivon Zilis	4257
25531882	Finovate	Finovate	20393
351299373	lexiconvalley	Lexicon Valley	6717
60701666	monkeybrainsnet	MonkeyBrains ISP	2780
86330674	sesamestreet	Sesame Street	890295
2889146468	spare5	Spare5	176
1342791589	modest	Modest, Inc	1180
156766682	BriteSF	Eventbrite SF	10523
180426305	AlyssaMartyy	Alyssa Marty	443
2867778463	ErikaKamholz	Erika Kamholz	145
6149572	dysinger	Tim Dysinger	3468
435299319	Mwaseemnawaz	Muhammad Wasim Nawaz	34
241964676	Grantland33	Grantland	460203
16246688	drewmagary	Drew Magary	105320
393033324	DataScienceCtrl	Data Science Central	30834
9295822	marcozag	Marco Zagha	250
2777103822	ML_toparticles	Machine Learning	11786
465929514	datastories	Data Stories Podcast	5089
2561992429	terminalcloud	Terminal.com	10106
33584596	healthcurrency	Aaron Usiskin	396
86692803	alexbfair	Alex Fair	4373
16134540	cloudera	Cloudera	70558
137712607	visualisingdata	Andy Kirk	19553
167169119	strataconf	O'Reilly Strata	24751
536905167	MedStartr	MedStartr	5772
538146217	importio	import.io	8853
14624309	jcukier	Jrme Cukier	4881
22674817	benhamner	Ben Hamner	4133
27814665	GoogleVentures	Google Ventures	405673
185808487	kpcb	Kleiner Perkins	125807
17314950	LucidNYC	Lucid NYC	435
188352302	Domotalk	Domo	49715
20167623	kdnuggets	Gregory Piatetsky	35020
14807898	elakdawalla	Emily Lakdawalla	72166
1207307118	cccstartups	CCC Startups	4631
308065135	davidjayharris	Dave Harris	1060
14769001	mcarges	Mark Carges	1075
14193192	nisselson	Evan Nisselson	2820
1605	sama	Sam Altman	81770
9852332	PeterGoldey	Peter Goldey	234
2214285223	DiegoKuonen	Dr. Diego Kuonen	3194
386532747	acrosstech	Across Technology	238
2177164189	GITBritt	Brittney Cunningham	504
7648872	markmadsen	Mark Madsen	9149
12876	edd	Edd Dumbill	9877
541042800	foundersfund	Founders Fund	12133
61561827	ayik_ajah	Tohari Dwi Saputra	145
1111063441	LosFelizDaycare	Los Feliz Daycare	63263
12984202	mikeloukides	Mike Loukides	5851
534563976	KirkDBorne	Kirk Borne	31503
20964111	clarecorthell	Clare Corthell	3038
903407550	Marlins_Man	Marlins Man	17074
70147667	viant_alexander	Sofyan Iskandar	169
2893971	gigaom	Gigaom	301721
200689857	dbeyer123	David Beyer	835
80422885	kaggle	Kaggle	27697
476700973	ds_ldn	Data Science London	10871
98176927	Conanbatt	Gabriel	33
18023073	wallstreettech	wallstreettech	5268
36808028	Randilynn_L	Randi-lynn LaBorde	564
337017099	Tunnelbreeze	SimonThompson	13745
2826627994	PatraIndiaMatt	Matt Easterlin	11
124586554	adhonore	Adam Honore	1629
9949552	LeeJacobs	Lee Jacobs	657
155505157	DataSift	DataSift	21121
19744978	LeenaRao	Leena K. Rao	34710
1965511981	JeffAuston	Jeff Auston	63
18070405	suneel	Suneel Gupta	5385
365895652	tatianajosephy	Tatiana Josephy	239
16137442	JimMarous	Jim Marous	9029
24738621	leimer	Bradley Leimer	12163
1569394032	jonathan_cilley	Jonathan Cilley	393
14174897	analyticbridge	Big Data Science	86708
20	ev	Ev Williams	1812284
18705448	jimgiles	Jim Giles	1968
95064358	ZURBuniversity	ZURB U & Tavern	21678
89698202	RenSip	Renette Youssef	1690
36823	anildash	Anil Dash	556811
28061724	MartySchwartz	Marty Schwartz	18923
2030231	callmeed	Erik Dungan	924
18743961	DerekSteer	Derek Steer	593
6485192	anthonysoohoo	Anthony Soohoo	2581
1650684756	ModeAnalytics	Mode	1619
2295885684	PicnicHealth	PicnicHealth	225
14765224	justinsandercoe	justinguitar.com	23124
5814	tempo	Thor Muller	10281
17727245	dsamuel	David Samuel	6071
22554247	marcusogawa	Marcus Ogawa	2334
6140	brady	brady forrest	13700
379232769	troyastorino	Troy Astorino	115
275686563	verge	The Verge	897406
12831202	braintree	Braintree 	14957
755452	armano	David Armano	70343
15831927	rjurney	Russell Jurney	3335
2578971865	lauraonmedia	Laura Kim	227
11985982	luca	Luca Hammer	5162
989	om	Om Malik	1480533
23818581	VICE	VICE	969430
201568456	PCarrESPN	Paul Carr	35790
370871493	VICESports	VICE Sports	48075
418347726	RoadsKingdoms	Roads and Kingdoms	13213
14313332	ramit	Ramit Sethi	84568
365603329	MenInBlazers	Men in Blazers	125632
14443118	josharian	Josh Bleecher Snyder	112
17328691	maryalex	Mary Alexander	85
17054531	realmccommerce	MC Commerce	97
83500829	KerbalSpaceDev	Felipe Falanghe	820
571202103	Medium	Medium	1240154
497131295	BrittJMartin	Brittany Martin	812
334738427	KerbalSpaceP	Kerbal Space Program	47675
75833357	passionisout	passionisout	58
35235600	RyanRestivo	Ryan	123
1176269041	ChuckSwenberg	Chuck Swenberg	18
112509246	willschachterle	Will Schachterle	111
355108017	Nattslavss	natalie laven	97
1428461	tariqkrim	Tariq KRIM	20164
15576296	syrnick	syrnick	49
304409943	Britters143	Brittany Rhoades	15
17976577	bl	Brett Lider	6151
47227220	robynbeavers	Robyn Beavers	954
261160963	Jhonnymut	Giovanni Muttoni	90
848804550	ShindigHQ	Shindig (Now Swig)	172
149415793	Hr_Holm	Jacob Skovgaard Holm	48
850250870	sylcon73	Sylvia Contreras	8
132179868	STYLIGHT_Basti	Sebastian Schuon	22
23999408	Urbancamp9	Hello Its Me	26
16217708	davidkroodsma	David Kroodsma	1214
14399369	kreitler	kreitler	22
1216994216	woody02838409	Woody Hobbs	18
224819111	askyourtrgtmrkt	AskYourTargetMarket	74
13142322	jheltzel	John Heltzel	421
6205192	d1on	Dion	267
2278359680	michaelneril	Michael Neril	225
213431056	benleefried	Benjamin Friedland	81
234902688	cardio	card.io	1077
754998	peterchane	Peter Chane	2250
25462096	sjacobsohn	Sean Jacobsohn	2857
26951156	jiadeng	Jia Deng	26
42314964	MasonMaddness	Mason Garner	96
213410691	farmerthea	Thea Maria Carlson	64
6777052	kowax	Olivier Bareau Photo	710
299650507	CharlieWilson37	Charlie Wilson	22
863745805	destiny7400	Renee Haka	1
1304878681	iironstudents	ISN	458
61518489	B_Frei	Brent Frei	464
834049321	BarrettJBrannon	BJB	130
523503869	RajMDani	Raj Dani	37
7308302	jbruck	Jonathan Bruck	1516
18916796	jmburros	Jesse Burros	326
14060479	zenworm	Jason O'Brien	282
14248582	zakholdsworth	Zak Holdsworth	1441
17598878	khanang	Khanan Grauer	299
36454184	EricAlterman	Eric Alterman	427
85114873	rabia71	Cheedem	83
32634135	samboonin	Sam Boonin	922
219557330	omrumaltintas	mrm Altnta	14
924587124	laserlikemike	Mike Speiser	1027
249446333	DavidAlanWolfe	David Wolfe	177
28710528	groovytweet	Andrew Lee	25
14177843	paulsri	paulsri	182
19310851	thinkstrategies	Jeff Kaplan	6719
1265925061	ginaintouch	Gina Marie Johns	77
51282574	heyalexio	Alex Diaz	28
1683977568	JohnBar89169275	John Barry	1
19216078	oddapt	steve jetpack	292
108137582	JonBarnesTweet	Jonathan Barnes	155
277571129	wayla	WAYLA	1828
475190649	adamjgoldstein	Adam Goldstein	972
11690	jamesjyu	James Yu	8113
1973	surj	Surj Patel	1669
216455060	karasekd	Deb Karasek	37
49353	kowitz	Braden Kowitz	15693
2356569810	jenntea43	Jenneral	10
15908152	davemill	Dave Millman	389
17298244	martinherbst	Martin Herbst	179
419162087	waxyorg	Waxy.org	28
7040932	tonyhsieh	Zappos.com CEO -Tony	2776575
14817719	glaugh	Greg Laughlin	219
17443923	SteveAngelil	Steven Angelil	498
15921173	edyson	Esther Dyson	52602
444186227	naoto_koizumi	Naoto Koizumi	596
223539381	skupdogg	Heidi Skupien Bretz	36
82743260	ram1test	Ram	20
18995717	miffeddog	Peter Lewis	87
113851421	AdamNavarrete	Adam Navarrete	514
599642865	JPonup	JP Ramirez	23
15248682	DeepakKamra	Deepak Kamra	1250
2155697389	lenoralloyd8	lenora lloyd	3
29598817	BrianSPatterson	Brian Patterson	1503
18	Adam	Adam Rugel	16591
29647685	gkremen	Gary Kremen	30972
7402632	jayrobinson	Jay Walter Robinson	1343
23976717	jeremysliew	jeremy liew	10596
20190957	factual	Factual Team	3839
7899862	investingmom	Lara Druyan	1262
2675131	hmann	Harold Mann	600
513709933	sixtres	SixTres	63
5562702	oracleotn	Oracle Tech Network	46187
6096152	gharik	Georges Harik	2523
133811993	NoahBradach	Noah Bradach	80
16795023	siva_v_kumar	Siva V. Kumar	1390
7493	leland	leland rechis	8799
399591928	dothegunther	Ashley Gunther	27
194333700	xybears	Brian Weir	531
130273820	anilananth	Anil Ananthaswamy	2413
15665263	joannamcguire	Joanna McGuire	444
15064817	markkrieger	Mark Krieger	1245
351676130	ecoledechoix	L'Ecole de Choix	302
37988847	larandrizzi	Lara Andizzi	35
86127298	thedeloder	Thede Loder	105
454370910	promodhaque	Promod Haque	814
19224408	nfeldman	Nate Tulio	195
82185028	daisy3228	tammy 	8
199132714	solvewithus	Newton Circus	54
2337364345	bencrowdflower	Ben	1
17069929	mames	Mamie Rheingold	1044
142635991	jensethi	Jen	6
30634721	martytenenbaum	Marty Tenenbaum	362
14382523	benjiwheeler	Ben Wheeler	481
15400975	jrichard	Justin Richard	229
86208061	brappoport	Benji Rappoport	55
27048840	tptperry	Tom Perry	94
632201633	harper_jw	Jonathan Harper	50
14539614	AlexCouey	Alex Couey	2244
18092306	kaykas	jascha kaykas-wolff	15882
402732293	tolisnik4	Apostolos Nikolaidis	69
155819656	blkskyy	Rodney	141
221608921	prithamkrishnan	Pritham Krishnan	66
1320864176	Shanksadoola	Ben Wilkinson	7
163133725	Ratha70	DW Caldwell 	20
95884547	Forken_	Samu	247
71242171	436341	Mohan	139
337347820	sproutloop	sproutloop	9
2337065216	prevost_scott	Scott Prevost	11
327205674	fuzzydunlop__	Michael Kaufman	30
610734216	Lben23	Laurie	9
14203411	nathanjacobs0	Nathan Jacobs	830
516919273	IamMexicanfury	brandon williams	27
11826112	isaacn	isaacn	267
12380512	LukeBeckman	LukeBeckman	409
30719537	thekeeper03	Jennifer Stump	11
370622795	heuristicity	Praveen Paritosh	45
6213582	wences	Wences Casares	17271
36365629	antonioaguilera	Antonio Aguilera	303
32562740	aravitz	Anthony Ravitz	315
14136811	vikasgupta	Vikas Gupta	1181
21733306	uripomerantz	Uri Pomerantz	217
27295466	stacy_jones	Stacy Jones	87
1263119131	JokeVansweevelt	Joke Vansweevelt	16
20740584	ChrisBishko	Christopher Bishko	328
474605866	mikel_rumsey	MiKel	1096
1426701475	Angelhrt17	Carmen Emery	15
971831	tylermckenzie	TYLER MCKENZIE	743
21798868	thetechemom	The Tech eMom	8967
2300538644	aprizilwendland	April Wendland	11
12049452	teshager	teshager	113
18440248	hannahlushin	Hannah Lushin	1577
84500651	kelsolake	Danielle  Lopez	2
9886042	aceymac	Michael Granath	219
5501972	deekay	David King	2936
149302309	ian_slattery	Ian Slattery	123
368063942	Dolphinslight	Rosie Caples	29
2273285282	mlisas2001	monalisac	11
847395793	CoachLipitz	Scott Lipitz	6
17452097	jessmccarter	Jess McCarter	498
41885507	ozsolomon	Oz Solomon	16
260881529	cornehaverhals	Corn Haverhals	126
269659397	scuendet	Sbastien Cuendet	32
30417301	herbpinder	Herb Pinder Jr.	165
19524008	ecoemilie	emilie cowan	475
280638588	samuelieong	Samuel Ieong	6
26059471	paq13	Chris	41
54448180	queenfancyyy	Nancy Yu	22
606487512	GorillaResearch	GorillaResearch	14
145431751	Formativelabs	Formative Labs	211
279022703	ToussaintSam	SAV	329
126635696	paytoconnect	pay2connect	30
1852076239	starkravingV	valentina	18
15526652	user2452390	user2452390	95
82373596	gholzrichter	Gregg Holzrichter	624
14426272	JulesMaltz	Jules Maltz	5834
281353173	carolineghosn	Caroline Ghosn	8073
1566410041	hpgrass92	Hayden Pendergrass	177
262534307	Nino31239	Nino C	47
281372810	proncez76	Charlee	9
333684115	stevenhumphreys	Steven Humphreys	53
18396921	johnwaynehorton	John Wayne Horton	52
25515355	GaryMeg	Gary Megennis	98
441466898	BrittNuffsaid	Brittney Nuffer	845
72287154	tiedemann1025	Erin Tiedemann	150
19058177	frederikfleck	Frederik Fleck	1009
388	aron	Aron Hegyi	2327
195497276	brianrhecht	Brian Hecht	26
1511628974	olearysan	Paul O'Leary	33
153340469	reevesab	reeve sabana	37
201675192	veera_anantha	Veera Anantha	43
275656526	Swoop123	Swoop	256
60949419	smasher5	Mike Rosengarten	360
1493275074	ThisisBeckyW	Becky Warren	271
14379980	pejmannozad	pejmannozad	7061
634851065	WatsonBlack2009	Watson Black	15
18794329	jdh	Josh Hannah	8314
14155782	mpstaton	Michael Staton	5005
44072036	XquiziteLizard	Fluffybutt	130
1366401	andymatic	Andy Wibbels	4827
23034470	vivmit	Vivek Mittal	175
18000512	rachaelfaith	RFL	132
178365608	sjwiehe	Stephen Wiehe	187
937961	msg	Michael S Galpert	7303
230835473	srjohn65	Shawn Johnson	34
2857721	brianp	brian pokorny	16734
7101552	DianRosanti	Dian Rosanti	6107
16115264	jroxann	Roxann Stafford	987
15282783	susanfsu	Susan Su	2065
1365090553	maggieser	Maggie Servais	23
365891211	weston_mcbride	Weston McBride	167
25781984	hollidaysgirl	mary mancsuo	204
9571702	pt	Parker Thompson	3076
262917570	Shellyyyy111	Michelle Towle	10
155956203	fareyqueen73	Les Mat	12
2163716672	ptrckprry	Patrick Perry	58
83563625	jefflonglive	Jeff Long	12445
17069227	SFBTPatrickHoge	SFBTPatrickHoge	2756
34168699	thought_stream	Greg Little	172
33463938	michaeldaw	Michael Dawson	198
21034161	sunnygirl3	Melissa Schmidt	11
284139813	johnmenuism	John Li	54
12649182	zackattack	zackattack	63
65698032	djmindfuck	DJ Mind Fuck	117
5971012	jmckinley	John McKinley	729
429993644	thegaysommelier	Fab Fabio	19
8708072	jondale	Jon Dale	2540
257576379	spotworldmobile	SpotWorld Inc.	5
5674022	amerigo	Leonardo Bonanni	627
318787809	lexadmn	K C 	6
329954902	Matanui1000	Mike Grossman	7
300383	meattle	Jay Meattle	14192
15179457	Seth_Holdren	Seth Holdren	1525
41637054	bennettfisher	Bennett Fisher	293
325230260	SamGellman	Sam Gellman	1965
264501255	erichorvitz	Eric Horvitz	1832
42962419	philipcortes	Philip De Cortes	941
14155568	tysilzer	zls 	272
4234581	joestump	Joe Stump	15276
142599439	tuttmala	monika katkute	673
2425008426	testaaron2	testaaron	20
1249727486	Bermuduhhh	Bermuduh Shorts	10
16555634	karaoehler	Kara Oehler	2023
179675469	Loumanji	Louis Eisenberg	85
774188	astrange	angela strange	206
7898412	maddux	maddux	194
20785603	debengineer	debengineer	22
279868802	blsmith1118	B Smith	5
30335897	BLaCkEaRthLoVe	Alison	71
352243890	ozgeozis	zge Z	29
50080409	RosieDerryberry	Rosie McD	32
931008540	diz_gsb_89	Samuel R Dismond III	7
134420571	stephenlindholm	Stephen Lindholm	30
308218723	Anishybhatt	Anish Bhatt	64
15923085	sunrock	sundeep ahuja	1344
456161966	ericgrosse5	Eric Grosse	116
758627	brianmsf	Brian McConnell	211
121279263	mcpyle	Mike Pyle	35
289804310	nbkforever	josh miller	19
16651088	jlee745	LeighRoy	37
20263710	rabois	Keith Rabois	92002
82046335	shivifantastic	shivam sharma	462
15574002	raysolnik	raysolnik	102
815114	jedschmidt	Jed Schmidt	6437
15784753	coopermarcus	Cooper Marcus	1960
222312505	meetmogwee	Jason Rosenthal	28
7210372	philmcgarr	Phil McGarr	310
36790002	ruckusing	Cody Chestnut	90
12796272	justinbehar	Justin Behar	410
16046433	sam_kolb	Sam Kolb	119
2290001	tobrien	Tim O'Brien	1709
14124116	AndyStephen	AndyStephen	106
5297	jamesonh	Jameson Hsu	2019
15313622	jacobcolker	Jacob Colker	773
14301093	Eelko	Eelko	198
11827272	kibera	Jonathan Kibera	335
190705564	AHecta1	Andrew Huechteman	289
13452592	malbers	Michael Albers	236
88338572	DiggityDawgs	Hot Diggity Dawgs	213
353511592	raymondklim	Raymond Lim	8
123448864	bonblam	Ben Blum	75
16296255	dvd1138	dvd1138	485
102817657	CubanRendezvous	......Perez.........	1125
14791702	rsmartly	rsmartly	1052
2329577036	jacobotubo	Jake Lesnik	10
174957146	foodiloveyou	food.ily	7
294298728	aaronalter1	aaron alter	42
915724446	nilsen_adam	Adam Nilsen	12
14276650	boyshapedbox	boyshapedbox	1465
22194109	jpederse	jan pedersen	114
857870342	IgertKevin	Kevin Igert	196
161678897	JennWilbur	Whitless	46
25928563	dlmills67	Donald	55
25834659	mpreysman	Michael Preysman	1465
7506852	luckyloberg	Dana Loberg	4703
32891794	charlietillett	Charlie Tillett	34
20876522	Crowdsourcing_	Crowdsourcing.org	42207
373625481	Mises_and_Me	Matt Jones	19
6825762	Artee	Andrew	236
547126359	Zozofosho	Zoe Shaw	4
85884444	stefan_preu	Stefan Preu	529
558975985	noelrosencranz	noel rosencranz	43
349142960	KimpossibleWebb	Kim Webb	110
414	veen	Jeffrey Veen	39013
770545	zachinglis	Zach Pie Inglis	5101
211216876	Danger188	Daniel Gerber	147
31179169	danielfschmidt	Daniel Schmidt	468
752673	jeresig	John Resig	191157
106789080	flwrgrrl59	Rosemary	16
991383739	WesleyKading	Wesley Kading	25
1952413423	fabornani	Fab Ornani	12
16808582	swishymcjackass	\_()_/	219
3520	seth	seth goldstein	18323
11019672	gephoto11	Greg Epstein	252
25047662	heatherharde	Heather Harde	10928
479919310	SFDiva1	SF Diva	2
2442546283	Sleep2wake	Sleep Documentary	179
232596507	LaluHibbs	Lalu Hibbs	20
134904281	willtammen	Will Tammen	47
18514583	josh_io	Joshua Merrill	1167
5561982	jpoteau	Jacky	434
23693106	eriq_jonathan	Atilla the Honey	336
134224326	ndurbano	Nick D'Urbano	219
264834325	nzlane	Ian Lane	12
8545872	scottorn	Scott Orn	2764
23388697	ajay9	Ajay Kapur	43
9753702	samyagan	samyagan	3852
610873	rashmi	Rashmi Sinha	19819
2434512019	ripfog	RipFog, Inc.	225
629097027	alex_truchon	Alex Martnez	95
17425484	jessicarichman	Jessica Richman	58749
22040390	onewland	Oliver Newland	214
415713153	joannebarr1	Joanne Barr	10
47788480	singles	Skout	2270
151697639	pitapooh	Brenda L. Peters	13
143783113	goossensm62	Maurice Goossens	42
3526	alexanderljung	Alexander Ljung	20614
15962190	kevinhartz	Kevin Hartz	10581
115609861	biji_sf	bijan marashi	56
348777894	ProfessorVC	Steve Bennet	1808
126221438	hgfromrgv	hector gonzalez	19
46587428	IamRonni	Ronni Sorensen	70
541288829	nina_mam	Nina Mamikunian	77
898937353	bayonethorses	Horses and Bayonets	21
11425002	ericksilvas	Erick Silva	236
16014069	fredericksf	fredericksf	219
1425631	bnselby	Brad Selby	322
41317825	BobRietveld	Bob Rietveld	196
112318688	jpen6718	bill pendley	6
256635031	wtidave	David Gravano	60
36020201	robconeybeer	Rob Coneybeer	6865
10476462	adamdangelo	Adam D'Angelo	31534
275249269	jolevitt	Joanna Levitt	39
2317473522	Luloufit	Lu-Lou Fit	31
1609282369	spapa1999	Steve Papa	58
360509998	nfuroida	nita furoida	2
253724694	cwebbdesign	Chris Webb	1771
15298182	nnesbitt	Nicholas Nik Nesbitt	770
6484412	richdemuro	Rich DeMuro	22240
518941431	Testing7708	TestSite	13
7142392	jasonnazar	Jason Lawrence Nazar	13148
27921943	Archivd	Carlos Bueno	566
1004593688	wekill4fashion	Mariana	94
1072049065	ginaspencer70	Gina Spencer	126
15795533	acutright	acutright	267
48867885	garrettneiman	Garrett Neiman	470
58992745	rstatsmob	RStats Flashmob	617
1942330446	esmeralda_kat	Katherine Reich	4
18205337	markerdmann	Mark Erdmann	188
39609914	PabloPaster	Pablo Paster	259
45963102	Sue_Carrizales	Sue Carrizales	7
818758166	Fireman_JLo	Jonathan Logue	3
262346081	raulmmunguia	Raul Munguia	39
398316124	mt_class	Machine Translation	31
14571523	michaelgrant	Michael Grant	121
666983	guywithabike	Tyson	42
54097735	tabrom205	Vava Crazy	509
132072612	cmoldow	Charles Moldow	786
24401279	ewindram	Elizabeth Windram	1649
5382382	fedepo	Federico Pomi	657
26171972	Sch00ln3rd	Jessica Singh	19
594817332	EntropyPunch1	Entropy Punch	8
15066929	bradsmithinc	bradsmithinc	1913
14865621	mmaghsoodnia	Mehdi Maghsoodnia	404
916481	AshRust	Ash Rust	1929
15997807	KeithAnderson	Keith Anderson	3020
47823064	bmaxwellmk	Bret Maxwell	310
54249109	theporktornado	Steve Medina	179
3840	Jason	jason	229410
32701527	danae1907	Jill Gross	14
6780012	loupaglia	Lou Paglia	597
21050032	magoldman	Matthew Goldman	1028
356384358	anemani10	Abhi Nemani	52
436450601	JoyceBruno1	Joyce Bruno	24
15352701	5gig	5gig	550
126778915	ringadoc	Ringadoc	3665
1031641770	gwilliams13338	Gina Williams	20
89482045	RyanRittenhouse	Ryan Rittenhouse	165
33247131	cmc82174	Chuck Crance	7
9472072	cuneytuysal	Cuneyt Uysal	714
17242835	jgalatea	jgalatea	22
162213210	jcespinoza8	JC Espinoza	6
20600697	Bizooki	Bizooki.com	109
301628029	kareen238	Karmen	39
20000505	JanHartman	Jan Hartman	551
21558825	BarbGreerUSA	Barb Greer	57
23977356	bwinecoff	Brandon Winecoff	151
392264274	CauseTV_	CauseTV	23
17260083	altissima	Dawn Danby	2521
35572383	cuihang	Hang Cui	136
259833021	PamelaJOlson	Pamela Olson	871
69399196	NPecor	Natasha Pecor	2153
119403664	dalejr78	lisa voigt	12
2984	go	Michael Buffington	4363
1390007300	shahvg	Vijay Shah	55
117861731	ogiry	Olivier Giry	176
138914484	chrissmoak	Chris Smoak	334
193368701	AccelConf	Accel Conferences	68
2230694852	sallisonmd	Stephen Allison, MD	94
58408522	ladams9999	Lloyd Adams	603
12965332	DanGill	Dan Gill	547
162821032	SoSaysUs	SoSaysUs	6
40346203	femmexnoir	Jessica Stallings	349
186643309	CloudCrowd_Alrt	CloudCrowd WorkAlert	283
1205741352	biestman_r	Ross Biestman	9
8545222	jaichoi	jai choi	1949
722793	jlongtine	Joel Longtine	1134
14327290	marccarroll	Marc Carroll	519
509072313	chadtee	Chad Thornton	1576
91213553	kbmdv	Katherine Barr	2140
23738520	sujayjaswa	Sujay Jaswa	2162
1190051	roelofbotha	Roelof Botha	28815
9885942	montytornado	David Simutis	281
21312883	JasonFernschuss	Jason Fernschuss	34
34650465	webbizceo	Damien Patton	13904
14185390	kennyvz	Kenny Van Zant	1816
25257476	hostilefork	Hostile Fork	120
19653678	bzeeroc1	Sherwin Charles	128
6629572	jheitzeb	Joe Heitzeberg	3200
15987942	seiji13	Seiji Carpenter	828
11894422	ArjunDArora	Arjun Dev Arora	7469
21270524	heatherleo	Heather Leo	125
19825892	mariavstone	Maria Stone	24
102830183	titankoios	Alvaro Bolivar	34
16976496	ipeirotis	Panos Ipeirotis	3451
14994505	brettob	brettob	143
13834402	EllnMllr	Ellen Miller	12616
148939797	mrsthickness2	Anginique Wilson	37
185129103	tuanasedaa	Seda Erenkara	28
159258978	jonathanrosen	Jonathan Rosen	238
369182989	RlphHol	ralph holland	2
28058312	brian_emcap	Brian Jacobs	3269
232840954	datahashjournal	Greg Elin	13
783605406	MathewAmore	Mathew Amore	20
15919925	mscohen	Michael Cohen	357
16610462	AdamWegel	Adam Wegel	464
16496497	grantwernick	Grant Wernick	453
61868426	jhp_esq	John Hugh Prorok	130
566332977	JohanK_1	Johan Klipper	39
192449940	Syawarfield	Sya	171
2617761	denisepam	Denise Welch	437
126146747	dmhoffer	Daniel Hoffer	124
187042838	OMGMATTDENNIS	Matt Dennis	76
6972722	kiwitobes	Toby Segaran	2370
14665049	AlGerona	Al Gerona	588
305971786	AkridgeBlue	Michael Akridge	74
10313732	skairam	Sanjay Kairam	1490
517299285	TerryWinograd	Terry Winograd	171
137587317	2yins	Yin Yin Wu	28
14429254	oshaked	ofer	296
74916705	gsplus32	Gabriel Giordani	14
1489835390	Nora_Almanza	Nora Almanza	9
18120084	igorkluin	Igor Kluin	2162
15184877	SheldonLaube	Sheldon Laube	636
8613082	danielle9805	danielle9805	21
9759932	mvolpe	Mike Volpe	64198
555067675	ffork	ffork	57
228966521	AJBalance	AJ Balance	168
1132637418	CinnamonSingrey	PaparazzibyCinnamon	16
104425762	nickhandler	Nick Handler	103
90090185	AndrewBellay	Andrew Bellay	641
39587546	StevenMDean	Steve Dean	1586
14318885	wschultz	Wendy Schultz	180
1678746944	differentpomp	APL	1
1900113320	craigrr929	Craig Cherrington	1
3859	GregElin	GregElin	2044
40481651	HobnobMobile	HOBNOB	72
115802930	chaelch	Michel Cheng	13340
126034858	FatherOEathen	Daniel OEathen	3
13183822	olibunting	OliBunting	63
26992347	drbobarnot	DrBobArnot	261
2188707181	PittsAllie	Allie Pitts	7
999702218	RNGdigital	RNG DIGITAL	30
2173434122	puggster099	joel gill	3
789936	nigel_beck	Nigel Beck	637
14057878	edwardwest	Edward West	713
2529971	cdixon	Chris Dixon	177963
374186554	JillRedhage	Jill Redhage Patton	105
151772603	kaelswanson	Matt Swanson	186
228238477	chuckyutp	Chuck Yu	24
77270404	linesbyjeff	Jeff Lewis	50
773392	brianherbert	Brian Herbert	1398
14164706	OttoBott	Zach H	326
79539767	cindyfsolomon	~Cindy+F+Solomon~	3049
2413264195	zviatkiva	Zvi Boshernitzan	8
8468832	mattwbowman	Matt Bowman	800
65991002	Shiniku	Luke Brubaker	30
4767131	RWong	Rich P Wong	14436
46737043	piperkk	Piper Kujac	199
14085704	pseudosound	Richard L. Tso	1301
36865853	jonsid_iaxe	Jonathan Siddharth	86
361673478	GregKapfhammer	Gregory Kapfhammer	203
2319036062	techammer	techammer	1270
318316365	Uber_Seattle	Uber Seattle	176
30019855	noahlang	Noah Lang	324
249590539	turugt	zehranur	76
185904135	adamrstone	Adam R Stone	22
460821177	DougScalia	Doug Scalia	2
14416759	garzuaga	Gonzalo Arzuaga	5517
518919829	CaroleKitchell	CVKitchell	22
109617683	jmover	Justin M. Overdorff	1509
23825350	garyswart	Gary Swart	3944
729433	jboutelle	Jonathan Boutelle	3259
16727787	gRamblings	Gautam Gupta	2841
16361770	mmrothenberg	Matthew Rothenberg	745
236856520	kindlebaby	Kimberly Granger	10
222652664	cahlberg	Christopher Ahlberg	1463
1381505906	adrian_weller	Adrian Weller	33
15142248	dannymacny	dannymacny	374
721115010	EFors	Erin Fors	81
3296271	eturner303	Elliot Turner	1544
745183	MarkRoudebush	Mark Roudebush	226
22300961	lonethistle	Greg Burns	14
15302437	Liam406	Liam-406	389
9369922	stephlepp	Stephanie Lepp	1074
14312004	waynewillis	Wayne G. Willis	257
15521957	stephensauceda	Stephen Sauceda	182
70892342	rmzeck	Ryan Zeck	130
162170885	nealmueller	Neal Mueller	472
15615808	jaredhk	jaredhk	470
635112842	FashionableMeg	Megan Dacus	224
180010930	CindieMR	Cindie R	3
14274325	DavidStrauss	David Strauss	3517
17872621	Verbeterdebuurt	Verbeterdebuurt	3578
9308192	carlamorim	Carl Amorim	362
19385850	Lokaltog	Kim Silkebkken	532
718809968	dodizen	didem zen	164
7124502	treypicou	Trey Picou	204
42516830	pillslee	Lynn Ohrel	14
814514215	DavidVickrey	David Vickrey	3
116939163	Mission4636	Mission 4636	20
538311806	VicNyman	Vic Nyman	91
29909167	asratliff	Anita S Ratliff	28
15856882	bhargreaves	Brad Hargreaves	5324
301633042	JKalira	Jason Kalira	213
51174369	zeeviy	Yoav Zeevi	98
18945195	DMelissaG	Melissa Grody	1223
159575132	wonderforceorg	Wonder Force	15
91702056	hockeydrills	Hockey Drills	9064
351604196	BenTMiller	Ben Mller	6
31413241	leegicas	Lee Gicas	651
257664045	MutopoBrasil	Mutopo Brasil	87
27007256	AntoniusAlves	prof.Antnio.Alves	895
108465773	brianpellot	BRIAN PELLOT	2281
460699898	chefwr56	william redmond	4
51824322	cball7411	Candace Ball	66
15461690	emilyfields	emily f joffrion	1273
8611832	RafaelCorrales	Rafael Corrales	2071
43973	adambarker	Adam	2925
573880347	Katheri29949230	Katherine Kelman	13
234265907	wilsonklw	kristen wilson	33
63013273	abcomputersol	AB ComputerSolutions	117
14211300	chindogger	Eric Chin  VC	746
15191187	callsignbentley	Tim Bentley	439
357051231	k_nall	Kathy Nall	23
52053	gethyper	Alex Cook	535
111810809	danielwtorres	Daniel W Torres	85
425793	timesync	Kurt Collins	1343
137484239	bryancaveretail	Andrew Klungness	50
25438522	arielklein	Ari Klein	611
14098423	johndbritton	John Britton	3939
19658826	newscientist	New Scientist	1678630
1861548360	ronleviner	Ron Leviner	22
18241782	redjane	Jane Roberts	642
16777641	ChrisHulls	Chris Hulls	32777
8962882	Jessicalessin	Jessica Lessin	56924
9552162	ArthurGuy	Arthur Guy	601
2339397540	AtomEditor	Atom Editor	41450
3080761	mattcutts	Matt Cutts	444681
9981522	LenKendall	Len Kendall	13423
1484039317	birdi	Birdi	1424
858051	dannysullivan	Danny Sullivan	466106
6527972	randfish	Rand Fishkin	245932
14260608	dharmesh	Dharmesh Shah	262440
20102835	swaaanson	Jonathan Swanson	4840
16478326	jxstanford	John Stanford	339
118613399	DannyCrichton	Danny Crichton	2860
267283568	IBMbigdata	IBM Big Data	76722
46425228	blionstone	Benjamin Lowenstein	206
282228958	projecteulerbot	Project Euler	533
14399274	wuchess	WuChess	973
18318677	bigdata	Ben Lorica	25283
560152955	iAmFroggyFresh	Froggy Fresh	57483
12662202	bbalfour	Brian Balfour	7045
156132825	MikeTyson	Mike Tyson	4834314
42519612	FloydMayweather	Floyd Mayweather	6204005
63758782	WeatherTech	WeatherTech	3521
36827798	simondoonan	Simon Doonan	25939
24720979	calebhannan	Caleb Hannan	2139
795649	rsarver	Ryan Sarver	284978
156403086	nascarcasm	nascarcasm	100401
5943622	pmarca	Marc Andreessen	328231
820585	baratunde	Baratunde	171465
1497	harper	harper	30438
539258763	TheDailyCurrant	The Daily Currant	5769
154016912	WillOremus	Will Oremus	9582
50401655	krimato	Kristina Tom	23
240765221	AlbertBurneko	Albert Burneko	6850
1012066448	rainforestqa	Rainforest QA	725
2230690178	OldRickHolman	Rick Holman	3
811350	alexisohanian	Alexis Ohanian	87495
148983302	kbierce	Katharine Bierce	1908
72915088	PrivateWaterLaw	Wes Strickland	1255
13418552	cyantist	Cyan Banister	29170
14158825	drogier	David Rogier	1079
1142551	saadventures	Saad Khan	5616
106535167	GundersonLaw	Gunderson Dettmer	1245
17482598	av	Adriana Valencia	9352
30339571	elunca	Omar Alonso	781
7738	Kazanjy	Peter Kazanjy	2529
119637086	sigpwned	Andy Boothe	812
14617294	nikkisunstrum	Nikki Sunstrum	2266
15446531	mattyglesias	Matt Yglesias	136168
28708146	emilybazelon	Emily Bazelon	37152
36171004	davidplotz	David Plotz	22694
48487425	NadimHossain	Nadim Hossain	1586
22097192	SlateGabfest	Slate Gabfest	12169
5626	prasanna	Prasanna Srikhanta	1057
274788446	intercom	Intercom	16267
1649009958	gohargalyan	gohar galyan	74
1120244738	highfidelityinc	High Fidelity	2215
11669522	turian	Joseph Turian	2902
19404311	zackllnyoung	Zack Young	57562
11792112	faisalchohan	Faisal Chohan	2255
23962854	freddybaseball	Alfredo Mireles Jr	146
36153601	bradfordcross	bradford cross	11021
13075702	aria42	Aria Haghighi	3167
1658753724	CFComm	CrowdFlowerCommunity	15027
52332354	natematias	J. Nathan Matias	4570
9271782	edchi	Ed H. Chi	4510
5743162	SunFoundation	Sunlight Foundation	41639
64482503	codeforamerica	Code for America	34445
252297511	captricity	Captricity	875
118263124	stanfordnlp	Stanford NLP Group	12273
2519891	ccb	Chris Callison-Burch	1622
16938816	gordonpatrick	gordonpatrick	344
151053627	joliekerr	Jolie Kerr	8095
539296619	BigDataBorat	Big Data Borat	19395
19920203	viegasf	Fernanda Vigas	7859
5613132	entombedvirus	Rohith Ravi	262
15507605	dostintheshell	Ascander Dost	169
43593	mbostock	Mike Bostock	29135
5756742	kevinflo	Kevin Florenzano	600
15463062	wattenberg	Martin Wattenberg	7691
87899230	the_zooniverse	The Zooniverse	12068
247943631	jeffrey_heer	Jeffrey Heer	4852
617243	arfon	Arfon Smith	2487
46063	hunterwalk	Hunter Walk	90555
15233793	clintonfein	Clinton Fein	900
156407255	rohit_x_	rohit sharma	3748
10078	reidhoffman	Reid Hoffman	284768
1344887010	10xmgmt	10x Management	325
214007943	newsle	newsle	17828
14152365	ollieglass	Ollie Glass	1379
13144942	gtuckerkellogg	Greg Tucker-Kellogg	330
126133582	nathanielfloyd	Nathaniel Floyd	126
17060316	immir	Geoff Schmidt	2042
17169978	FrontlineSMS	FrontlineSMS \o/	11856
14080724	shoebox	Schuyler Towne	4225
771619	evanatmedium	Evan Hansen	9879
183749519	paulg	Paul Graham	248710
5996132	rainakumra	Raina Kumra	2893
2254561	fredbenenson	Fred Benenson	6451
11633492	wili	Ville Miettinen	49790
1000591	fredwilson	Fred Wilson	393205
94682674	AngelList	AngelList	201646
175282603	jeremyphoward	Jeremy Howard	5787
175158314	KelsoKennedy	Kelso Kennedy	8059
745273	naval	Naval Ravikant	116120
14162038	ict4d	ICT4D	19648
1340802332	17ReasonsSF	17 Reasons	47
25148490	freestylevc	Freestyle Capital	2338
193168799	theCloudFactory	CloudFactory	2388
19919350	jlanzone	Jim Lanzone	10866
2723581	gustai	Gus Tai	1841
618223	JonCrawford	Jon Crawford	108928
5690612	TreborS	Trebor Scholz	3719
596876539	workfusion	WorkFusion	1227
9813372	tectonic	Andrew Cantino	1763
16692038	jameburn	James Burns	573
32466702	gogolicious	Gohar Galyan	154
311825932	imdavelacy	Dave Lacy	46
325107204	DeemCEO	Patrick Grady	726
331816614	sullydish	Andrew Sullivan	115931
346723997	LocuInc	Locu, Inc.	874
1325411	bitchwhocodes	Stacey Mulcahy	8459
407172718	Shapecatcher	Shapecatcher	289
418	dens	Dennis Crowley	78725
7017692	DanielleMorrill	Danielle Morrill	33550
16944165	burritojustice	Burrito Justice	62116
152862026	EdwardTufte	Edward Tufte	52169
14910629	annimaniac	Ann Miura-Ko	13017
6571962	cbracy	Catherine Bracy	5844
78706304	NeoBux	NeoBux	44768
935431454	SlateVault	Slate Vault 	16091
15156708	mikkelsvane	Mikkel Svane	10128
15340427	papadimitriou	Paul Papadimitriou	7538
174545287	MayarShaffei	 	4964
1137701	DavidSacks	David Sacks	39872
16228398	mcuban	Mark Cuban	3062781
6535212	eladgil	Elad Gil	11654
816653	TechCrunch	TechCrunch	5174197
18327902	alexia	Alexia Tsotsis	157610
648	heif	Scott Heiferman	22264
896546018	HunchBuzz	HunchBuzz	2756
338674677	andrewkarpie	AndrewKarpie	775
516875194	xoxo	XOXO	9395
1465481	textfiles	Jason Scott	13440
289403	obra	jesse	2826
15948437	spolsky	Joel Spolsky	106615
237354407	ericlippert	Eric Lippert	9726
16018433	klingerf	Kevin Lingerfelt	3181
5017	joshu	joshua schachter	40899
14097030	roblafave	Rob LaFave	107940
14155693	aaaron	Aaron Bell	514
195317168	demiandesign	demian	77
682633	lukasb	Lukas Bergstrom	823
17333183	sarahaustin	Sarah Austin	23724
14651539	jeffiel	jeffiel	7271
14984090	radar	O'Reilly Radar	31575
111216929	DrJillStein	Dr. Jill Stein	30912
22084427	robdelaney	rob delaney	1163095
745213	schuyler	Schuyler Erle	3022
385724487	emeefrieds	Emily Friedman	218
214602776	statmilk	StatMilk	477
11991612	kiwanja	Ken Banks	18207
211956427	ericstowe	Eric Stowe	1351
210088043	mfarm_ke	MFarm Limited	3574
756129	johnolilly	John Lilly	182415
30570632	kamalravikant	Kamal Ravikant	5832
29595245	sumeet_jain	Sumeet Jain	1209
27195114	Drake	Drizzy	23101638
388956723	meemameemameema	Emma Fern Colner	98
180000404	CBCQuirks	Quirks & Quarks	59011
1051171	EthanZ	Ethan Zuckerman	39113
286402780	filesofnerds	Aha Hah	424
23274034	elliott_regan	Elliott Regan	311
16741425	chrisdelbuck	Chris Delbuck	464
18855622	carnby	Eduardo Graells	878
15490081	daddyliu	Dave Liu	431
515695795	tech4obama	Tech for Obama	2601
19598560	thebrownsquare	andrew allen	639
53493351	SexandIntimacy	Celeste & Danielle	2198
15073966	trae1	Trae Clevenger	931
351927218	DonBugitoSF	Don BugitoSF	678
78709019	liscrawford	Liz Crawford	1055
419639256	John4man	John Foreman	11288
67653490	echen	Edwin Chen	5723
55887708	benweissmann	Ben Weissmann	269
18204430	sgourley	Sean Gourley	6669
481052035	statwing	Statwing	496
142879778	CFstatus	CrowdFlower	2265
1073931	joshbuddy	Joshua  Hull	2598
378869382	YahooBoard	Yahoo Board	1663
17657037	barneyp	Barney Pell	4457
94143715	KatieS	Katie Jacobs Stanton	94400
2065001	mikeisbrown	Michael Brown	4669
15588675	kcocco	Kevin Cocco	311
16741180	tuxseto	Terrance Seto	198
31282081	ReTargeter	ReTargeter.com	9630
6730222	hblodget	Henry Blodget	125073
261546340	hipsterhacker	Hipster Hacker	46912
14914975	doug_durham	Doug Durham	30
586	sacca	Chris Sacca	1576916
101353	willf	Will Fitzgerald	654
10242	JasonShen	Jason Shen	5064
48442415	machtwerk	Lukas Funk	135
43139414	RealSkipBayless	Skip Bayless	1650479
64770337	MoneyLynch	Shawn Lynch	491133
8293682	thyrza	Thyrza Segal	847
765548	hmason	Hilary Mason	58049
352608336	oroeco	Oroeco	691
6853362	mlanting	Menno Lanting	36104
57162282	SheaSerrano	Shea Serrano	30061
1488	karl	Karl Jacob	3266
10478722	kyro	Kyro Beshay	1598
382180880	Entelo	Entelo	4695
22887743	mcgd	Michael Dearing	6065
36394950	TheValetReader	Aaron Spector	268
174259183	mikeconlow	Mike Conlow	1623
3421641	ch3ryl	Cheryl Contee	9487
12924972	cpoff	Curt Poff	241
1102	davidu	 David Ulevitch 	8044
160385501	patmdesmond	Patrick Desmond	606
15301803	frankrose	Frank Rose	5750
352947624	GSElevator	GS Elevator Gossip	706607
521685444	ZoeFolkert	Zoe Folkert	19
405739119	FarmTab	Farm Tab	36
9151842	daltonc	Dalton Caldwell	9225
10108382	jennymoebius	Jennifer Moebius	2397
13334762	github	GitHub	587363
4653371	ccheever	Charlie Cheever	12776
231795293	KevinJBoudreau	Kevin Boudreau	3980
862741	slhamlet	Wagner James Au	5350
42167391	biggestHITs	MTurk's Biggest HITs	425
491585749	happy	Happiness Engines	1791
131421759	graphemica	Graphemica	184
75573233	expertfile	ExpertFile	9339
417311399	femalebookIet	Female Struggles	127283
104558396	AppDotNet	App.net	5879
15359135	gerster	David Gerster	547
17800962	crowdsourced	crowdsourced	1765
4030	monstro	Lane Becker	10573
305840110	awesomeculture	Dave Kashen	1129
7416172	gsharma	Gaurav Sharma	1027
82836356	WorkFlowy	WorkFlowy	9202
348127618	SoftwareHollis	Hollis Tibbetts	55102
813286	BarackObama	Barack Obama	59927392
277768635	daveacoles	Dave Coles	321
307478701	TheFakeESPN	The Fake ESPN	497241
305264284	jybeinc	Jybe	60
203601034	mcriblocator	Alan Klein	633
16017475	NateSilver538	Nate Silver	1198397
1058971	jhong	james hong	12276
414237412	hippodile	Hippodile	12
205927384	TextsFrmBennett	Texts From Bennett	249284
5577902	RickWarren	Rick Warren	1638549
17157367	ian_soboroff	Ian Soboroff	1855
22255654	johndoerr	John Doerr	256081
400345576	getHumanoid	Humanoid 	158
196704627	pennockd	David Pennock	1018
80069355	techonomy	Techonomy	7800
8924382	marsi	Mars	268
394422650	SwatiMeditate	Swati Desai	691
46560457	bhagwanUCLA	Bhagwan Chowdhry	1180
331170756	PrplPlantBlends	Purple Plant Blends	347
182073270	1Mby1M	1M by 1M	1676
26740657	venturedan	Dan Rosen	4783
16856414	rsidneysmith	Ray Sidney-Smith	1119
108304732	WikiOrgCharts	WikiOrgCharts	1338
78377692	MClendaniel	Morgan Clendaniel	5243
56927820	manbearcar	Justin Smith	2328
15066958	rachelhaot	Rachel Sterne Haot	54759
50099694	aac	Andrew Cove	1982
21906058	hilaryspencer	Hilary Spencer	219
121539516	aneeshchopra	Aneesh Chopra	19758
7939602	shaunabe	Shaun Abrahamson	3355
11712	bunterberg	Bastian Unterberg	2592
135897307	Dahlialithwick	Dahlia Lithwick	28567
14665249	marinamiranda	Marina Miranda	5098
6894212	WendySLea	Wendy Lea	8714
25772065	jaycaspiankang	jay caspian kang	19723
16242081	bhorowitz	Ben Horowitz	179713
10072442	rachelreese	Rachel Reese	4339
274047279	Sociogramics	Sociogramics, Inc.	151
14327478	jonbischke	Jon Bischke	8002
6611482	peterpham	Peter Pham	22530
6185672	dzohrob	dave zohrob	1450
137090436	therealhennessy	TOLKIEN BLACK	14336
73635836	dkarandish	David Karandish	132
60491388	shanmehta	Shan Mehta	149
50751569	danalert	Dan Ratner	3449
156033126	alltuition	Alltuition CEO - Sue	822
235821253	yeefunk	Jenn Yee	1451
263364851	gcurhan	Greg Curhan	59
22455130	LtotheK	Lisa Kavanaugh	482
23991821	midwestinvest	Matt Graves	53
3083261	shaherose	shaherose	11347
15987690	lagorio	Christine Lagorio	6587
8846642	3n	Ian Collins	1690
14621918	chunsaker	Claire Hunsaker	908
16250884	wadearnold	wadearnold	1811
21179089	vittana	Vittana	5932
15216270	yipit	Yipit	4070
28405191	martingiles	Martin Giles	2909
32765534	BillSimmons	Bill Simmons	3941411
17161189	petercherukuri	Peter Cherukuri	624
58257664	jeremyheimans	Jeremy Heimans	11456
188154135	MayorEmanuel	Rahm Emanuel	45876
6742412	jennybethm	Jenny Beth Martin	44956
20525374	kalfusr	rosy kalfus	274
1303691	aweigend	Andreas Weigend	4067
48499862	mernst_nyc	Mike Ernst	1075
35420764	TJAYHOLLA	Tjayholla	430
31586578	stephen_wolfram	Stephen Wolfram	16741
14225267	drewhouston	Drew Houston	125207
18713	al3x	Alex Payne	40915
3980	christine	Christine	32751
33044259	usabilityliz	Liz Carlson	644
18998438	dcstalder	Dana Stalder	5063
16198644	BlueScholars	Blue Scholars	19765
21316899	stephengoodwin	Stephen Goodwin	307
41334854	wkitza	Wolfgang Kitza	61
15280084	NAVTEQ	NAVTEQ Maps	5513
24446092	jerobi	Jeremiah Robison	279
219400103	LingPipe	LingPipe	263
37150913	NathalieMolina	Nathalie Molina Nio	2184
71165241	simple	Simple	43678
18367054	medriscoll	Michael E. Driscoll	13410
18463930	drewconway	Drew Conway	13118
7689112	philiprosedale	Philip Rosedale	11990
170393291	GA	General Assembly	84189
23655708	pwehrley	Paul Wehrley	321
19038529	dhruvbansal	Dhruv Bansal	417
1554031	mrflip	Philip (flip) Kromer	4408
167960058	antgoldbloom	Anthony Goldbloom	8229
37570179	arrington	Michael Arrington	198255
129396119	fyx	Feng Yuan Xu	655
13293162	satyap	Satya Patel	15881
14562285	zachcoelius	Zach Coelius	2784
243998621	startupfoundry	Paul Hontz	4081
109958517	AlgebraFact	Algebra Fact	62458
180452377	mpallick	Mollie Allick	105
6312312	jryoung	Jeff	5934
28395072	tongal	Tongal	4594
6401392	lioron	Lior Ron	685
15054443	vishalm	Vish Makhijani	388
6194932	eckart	Eckart Walther	970
15085283	k2w	Kristin Wahl	225
64914283	joeeandi	Joe Eandi	100
26361721	fwmoyer	Frank Moyer	306
19008998	mndrix	Michael Hendricks	273
200630242	amazonmturk	Mechanical Turk	4933
84381238	fowlinator	Jim Fowler	678
19094079	jimfowler	Jim Fowler	58
141087604	Gigwalk	Gigwalk	4116
15591045	tmm1	Aman Gupta	6713
34630995	WarrenSapp	Warren Sapp	1179834
17848423	gregscott	Greg Scott	533
110451326	joshbushinsky	Josh Bushinsky	64
43038838	s_erceg	@s_erceg	83
108129614	10483357	GHEORGHE IOANOVICI	428
14293310	TIME	TIME.com	7463789
173001307	ImeLPrincPerft	-ImeLPrincPerft-	33
162131593	nannymaciel	Rayane dos Santos	17
8381682	LuisvonAhn	Luis von Ahn	18250
86088198	crowdsortium	Crowdsortium	2047
15183292	fbill	bill fumerola	130
5491	cameronmarlow	Cameron Marlow	4296
30978248	MCF96	Mary Finley	229
155197841	shubhamstylo	Shubham Bhattacharya	124
1564121	macslocum	Mac Slocum	1517
20496482	woogieman	Adam Osfield Snell	297
71905822	polybot	Anand Kulkarni	914
41556818	renelabrosse	Rene Labrosse	153
38164696	FieldNStream	Julie Bowman	4223
14470037	99designs	99designs	89680
14776451	jas_aiken	Jason Aiken	858
14254320	skwilder	skwilder 	1599
6154712	alexcharlie	Alex Le	2192
14653230	a_a	Arya Asemanfar	2723
14860415	___garru		2306
22056643	ReTelTech	ShopperTrak	407
19202628	winteram	Winter Mason	839
9010	nmcfarl	Nathan McFarland 	277
107877250	bweintraut	B Weintraut	715
273383	chrija	Christoph Janz	10400
89988056	LinzyChimoet	Linzy Jeizy Heidy	45
7234632	sachinrekhi	Sachin Rekhi	6495
3838351	kosei	kosei miyazaki	352
51977727	AlonFridman	SuperCloud	3367
28991368	nadinetoukan	Nadine Toukan	14588
5045181	adashek	Andrew Adashek	6335
14243557	rickbert	Rick Cochrane	905
914061	levie	Aaron Levie	149913
94487744	iamthezack	zack kass	218
7068802	M_C_B	Marie C Beuth	7821
92429174	bdaviston123	soinc	19
18381173	slumos	slumos	159
38527545	alecdinner	Alec Dinner	47
10832012	rogeraaut	roger	897
2308531	mf	Matt Freels	10063
6129702	rhesse	cyberdiq	285
95292788	daisypl	Daisy Pistey-Lyhne	795
19176429	californiabeat	California Beat	89306
43115777	SFLuxuryRealty	SFLuxuryRealty	234
113102428	realtimecourt	Sam Riles	198
93408273	MironG_4U	Obrtel Miroslav	387
14425576	bederson	Ben Bederson	1521
89419673	Tsimbwela	Samuel	30
111133009	aducomb	adrienne	95
18993395	abc7newsBayArea	ABC7 News	169143
20295816	assetmap	Assetmap 	1230
116897811	WWRob	Robert Munro	1685
91418047	Kahunagroup	Kahuna Group	68
15976952	fodmc	Fiona ODMC	914
71617775	knowledgemaven	Cece Harbor	1953
118912912	sxsweird	CrowdFlower@SxSW	76
117866294	PeteBHomes	Pete Brannigan	212
119608037	Laaizu	lais leatora	12
119824762	van_bely	vanessa soares	16
16240558	suzannekattau	Suzanne Kattau	2567
118308639	Kaylabug406g3	Nia McDougall	23
34985797	tenygross	Teny Oded Gross	2511
121737384	linda_emilia	linda bachmayer	21
69361358	mfagrelius	Maria Fagrelius	746
2333071	sarawinge	Sara Winge	5267
59140416	Newsocracy	Sean Martin McDonald	24
122071256	Oofficial	Kris Brown	17
936361	andyed	Andy Edmonds	1738
122121426	rafinhasilvah	rafael	132
122990232	andradede	lukas	6
15300558	AdHack	AdHack.com	2210
123097898	articleboardde	Article Dashboard	184
123408347	INeedUKidrauhl	love bieber	18
82159061	TheKrew790	Krew	252
104376308	JamPadHQ	JamPad	61
125362007	pikachu_17	alejandro	2
22230424	djpetersen	David Petersen	137
125661113	HenryLiwurjaman	Henry Liwurjaman	6
121858016	felipemacley	felip	568
126241653	pytopang	nasrul	3
118295637	Iqbalaay	Muhammad Iqbal	1459
127064222	m_is_for_music_	jenny haha	13
126992092	sugihalim	sugiono halim	15
128319863	LUCAS8894	LUCAS RIBEIRO DE OLI	15
15300816	galvanist	Gavin	119
116962218	JonnPChudzinsk	Jonn P. Chudzinsk	505
713263	defunkt	Chris Wanstrath	41916
129312231	valeria_winker	valeria fernandes 	14
130301914	LUCAS120	LUCAS	12
24744414	tonsing	Raymond Tonsing	1614
50517557	patrickdward	Patrick Ward	317
9503492	MelRox	Melissa Roxas	617
131806199	PuZzIiDeXx	Samira.Chatti	1
14344469	peteskomoroch	Peter Skomoroch	23685
96300240	LukasGoomk	Lukas Goomk	1250
122405693	johnferris70	John Ferris	64
133810160	spindextest	Spindex FUSE	57
133893921	mariianne14	MaarGes	164
9891642	mmcgrana	Mark McGranaghan	2669
2148071	danielbru	Daniel Brusilovsky	517630
103422803	shivsiroya	Shivani Siroya	4794
109013750	beingankits	Ankit Sharma	131
137346253	supertennis93	Max Mller	24
9430302	hughewilliams	Hugh E Williams	2088
138142717	jenaisz	Jenais Zarlin	254
14303261	ryangraves	Ryan Graves	15706
139095738	Myschoolangels	Myschoolangels	15
139692328	mottotoday	mottotoday	28
70822917	taci_abreu	taciana abreu	709
74162005	aherlinger	Ariana Herlinger	192
141236693	esrysdy		5
20788771	nbramble	nbramble	471
20846289	introfini	Jos Fernandes	483
78165254	colbyraden	Colby Raden	75
1521371	nielr1	Niel Robertson	3420
18196178	Trada	Trada	4980
15816002	jlundberg	jlundberg	495
140423515	lilzupe	Amy Zupan	34
15610893	vmgkartik	Kartik Isvarmurti	1312
143871148	lawrranytrans	Lawrrany Mendes	22
107179688	samilampinen	Sami Lampinen	601
1042251	willcritchlow	Will Critchlow	28508
14437070	marksands	marksands	780
143264018	corbett	Dr. Corbett Moran	4186
15949112	AtaBhatti	Ata Bhatti	40
14104937	bthuener	Bennett Thuener	133
5803082	fascinated	0x1F951	8189
15936194	twilio	twilio	51427
17163609	mrogati	Monica Rogati	13408
15067551	marcidale	marcidale	3806
35550666	TheFireTracker2	Fire Tracker	10057
14975817	BryceMaddock	Bryce Maddock	1450
23292107	alejandraz	Alejandra	61
145972211	rjain07	RISHABH JAIN	4
135055825	linkchecker	LinkChecker	542
16149852	shaymus	Akshay Arabolu	509
18803064	dontennant	Don Tennant	875
57028939	lucianobrazill	Luciano 	169
130401625	ZaneYao	Zane Yao	26
18031093	arjunsethi	Arjun Sethi	26763
143315612	FailCon	FailCon Team	2223
85587765	commahawk	Matthew Bryan	338
154321115	Lwukas	lukas	479
137793138	johnjhorton	John Horton	1015
15808288	LRobiner	Larry Robiner	1166
29585697	pfhfxy0	Fumiaki Yamaoka	18
149297286	marksands2	Mark Sands	43
116250852	zeroregretstoda	zeroregretstoday	240
12146422	marksoper	Mark Soper	755
154900247	BeautyStoreLR	Joo Badim	343
10587552	msbernst	Michael Bernstein	4489
818340	marshallk	Marshall Kirkpatrick	58595
18565481	kspier	kevin spier	274
20188434	gilelbaz	Gil Elbaz	4494
5702	Caterina	Caterina Fake	115175
1874221	McAndrew	Andrew McLaughlin	16170
160906068	Khoa2013	Khoallegah	2
841791	andrewhyde	andrew hyde	19572
19593329	nathanvan	Nathan VanHoudnos	102
22089924	robertjweber	Rob Weber	2061
793249	foil	kayur	525
13566252	vitalyg	Vitaly M. Golomb 	2361
15617511	ricardocaspirro	Ricardo Caspirro	620
40087340	maksim_ioffe	Maksim Ioffe	501
84877282	chopteaw	Chopteaw	67
62031508	zbellak	Zoltn Bellk	1460
161700423	Daniglorreich	Daniel Glorreich	2
11118352	justinproseo	justin gatlin	151
23576885	kNeely	Nellyvadova	781
18041296	MarnieLandon	MarnieLandon	724
19746485	kwanger	Karen Wang	111
14754639	klukoff	Kai Lukoff	3355
59155055	trinityventures	Trinity Ventures	4213
15776579	cameronpriest	Cameron Priest	1739
48431093	EghosaO	Eghosa Omoigui	6461
14636369	shivaas	Shivaas Gulati	501
115467362	hexenaddel	nadine	118
13602012	ryantcarlson	Ryan Carlson	147
163662905	LucaasAlvess_	Lucas Alves 	918
59454835	JClovesAJ	Adisty Jeanne	454
16347430	jbreinlinger	Josh Breinlinger	1697
14507001	amichel	Amanda Michel	7221
140201638	outofalpha	Doug Mason	266
164892191	nenenzinhadudih	karine ruviaro	2
165113370	truealwaysexpos	True Always Expose	81
1035191	squeakytoy	Steven Peterson	2374
166173605	sweetyei	yeinny lorena perez 	141
28592814	justinwisz	Justin Wisz	582
7277852	setlinger	Susan Etlinger	9049
166788570	blogdaizy	Izy castelano	1321
166997209	lucasemanues	lukas emanuel	2
756236	natala	Natala Menezes	2315
167356565	alexhoodd	Alex Hood	79
75637429	dhoshino	daisuke hoshino	142
164368882	sparksmarks	Lindsey Sparks	430
9058342	davidvivero	David Vivero	1618
15256381	SteveD503	Steve Davis	626
23818304	sarahfosmo	Sarah Fosmo	731
14243905	mccurtin	Matt Curtin	3276
62823	riveong	Daniel Riveong	1007
168759320	chsrbrts	Chase Roberts	302
113467459	jeffreyhedge	Jeffrey Hedge	847
16404415	wearemotto	Motto	1722
16204816	lwalsh	Lynn Walsh	2774
14324816	jlegon	Jeordan Legon	12494
154569629	wiperson58	wiperson santos	25
10759032	abdur	Abdur Chowdhury	226685
9316032	jamescham	James Cham	3336
121668960	mtakahar	Hal Takahara	31
147730268	rosalieinc	Rosalie	12501
17746927	edwinksl	Edwin Khoo	1609
91164306	bingjobs	Bing Jobs	2429
26787235	CMUpiper	Faculty & Staff News	1801
11208862	jeveleth	jeveleth	120
15721792	mielle_s	mielle_s	213
119775984	ROI_Labs	Web Analytics Agency	355
13447	patrickgage	Patrick Gage Kelley	1130
18835856	gregnorc	Greg Norcie	546
171698770	gatinhasarabim	cristiane eduarda	8
16331614	borismus	Boris Smus	4587
170860059	_benwest	Benjamin West	193
159217411	rrrosss	Ross Hale	176
14982698	tnemelka	Anthony Nemelka	2290
17810599	HipChat	Atlassian HipChat	15266
6022792	powdahound	Garret Heaton	627
168693198	JOsUeDGB	94Josue94	55
12913282	pmcgovern	Patrick McGovern	751
94638736	Sociallybuzz	Sociallybuzz	1355
165828910	JessieChance1	Jessie Chance	377
17469039	benjamindblack	benjamindblack	752
695023	bryanroutledge	Bryan Routledge	535
25294394	DataDivaDalley	Tami Dalley	559
90671475	Hassanjalilpr	Hassan	264
172663705	TLZeng	TLZeng	2
5454312	cte	Chris Estreich	761
14839109	dpatil	dj patil	26919
176250975	SoftCopyPub	SoftCopy Publishing	160
5854882	tristanharris	Tristan Harris	4194
176535827	maqtarazo	lukas	6
155827735	MovingTales	Moving Tales	806
16613959	HWHPR	HWHPR	425
68803567	WhatsWowNow	WhatsWowNow	367
37706323	LPAinc	LPA Inc.	4662
14814464	comeoutandplay	comeoutandplay	3192
27112063	reidsplace	Reid Schilperoort	2215
16895951	PatrickMeier	Patrick Meier	17725
657693	froginthevalley	Sylvain Carle	9185
16932949	samjlord	samjlord	96
181279596	halloeli	ELI	15
35715105	suellewellyn	Sue Llewellyn	14366
180059703	TheLoki47	Christopher R Walker	819
181706486	lukasjoli69	lukas	19
167290815	Peterthustra	Eric J. Petersen	58
175102610	POPVOX	POPVOX	7577
182469768	jaquitx_	Jaqueline Teixeira	3
165583674	Pardon_My_EGO	Danny Patrick	92
6600	boetter	Jacob Btter	20094
42858997	clickworker_com	Clickworker	1543
187489322	odpddke	pp	2
158397682	bcimbecca	Rebecca E Miller	1071
11069462	OReillyMedia	O'Reilly Media	75818
17718048	davekashen	davekashen	84
3382	hnshah	Hiten Shah	182746
190395752	emylse_l	emylse leguizamon	90
14336564	gloooopy	Charlie Brown	164
25453147	rwaliany	Ryan Waliany	324
14523981	EchoBusiness	EchoBusinessSolution	20690
14805814	poplifegirl	Heather Blanchard	3331
14435891	profitbaron	Nicholas James	3419
52867807	dremascato	Dre Mascato	306
190113406	Anicetooh	Lukas Aniceto	189
17968328	matjohnston	Matt Johnston	2173
121567329	chrismaurice	Christian Maurice	302
18038375	ariegoldshlager	Arie Goldshlager	11071
192964476	henriquesous	igor henique	46
52608240	elizanguyen	Eliza Nguyen	2335
157018928	BlueEyeSystems	BlueEye Systems, LLC	198
176984048	IvanRiosMena	Ivn Ros Mena	706
195328190	gagagagawdwadwa	eric resquity	3
180990718	titolovepeace	mounir hasbi	183
17002425	BenitaTyler	Benita Tyler 	4801
15225375	Upwork	Upwork	74288
59725354	zetrocity	Joanna Cortez	162
19759512	Creatuity	Creatuity Corp.	687
20671267	Refresh_ing	Refresh	271
15441706	CreativeFeed	Cf.	2085
175301076	MeetSeeker	MeetSeeker	555
17860936	jasoncavnar	Jason Cavnar	1102
15827781	kevlee_	Kevin Lee	256
1054521	steepdecline	Tyler Crowley	7091
13299972	infoarbitrage	Roger Ehrenberg	29743
14478703	rahimthedream	Rahim Fazal	2991
167713882	Letsblowthis	Let's Blow This	12
14761795	TEDchris	Chris Anderson	1706682
22747624	sgblank	steve blank	136046
168857946	500Startups	500 Startups	330481
5998632	jrushin	Jason Rushin	685
169267933	CrowdConf	CrowdConf	1651
18957262	whistlerbrk	Kunal Shah	276
14314245	dauber	Mike Dauber	2173
6141832	cshirky	Clay Shirky	350324
21159097	docbradley	Adam D. Bradley	195
28165790	CrowdFlower	CrowdFlower	8137
2195241	fmanjoo	Farhad Manjoo	100702
8948962	MarkBorkowski	Mark Borkowski	13063
2189541	starkness	elizabeth stark	9041
9337702	dbasch	Diego Basch	3235
124523984	QewzNews	Qewz News	24
13846352	scott_hannan	Scott Hannan	711
14062869	davidcowan	davidcowan	18645
36552426	attianasar	Attia N.	1082
14445542	cheeky_geeky	Dr. Mark D. Drapeau	28851
13130412	laurelatoreilly	Laurel Ruma	5207
112764597	jeshigorilla	Jeshi Kabirizi	566
13148382	KateGardiner	Kate Gardiner	9677
14437914	NewsHour	PBS NewsHour	690946
3587741	snowmaker	Jared Friedman	802
45940423	thefutureofwork	The Future of Work	3939
103713175	scottalbro	Scott Albro	952
27699961	michelleconlin	Michelle Conlin	1413
11388132	lessig	Lessig	343082
49808226	moonpiesandbox	John Le	6
15635885	InnoCentive	InnoCentive	9498
19103481	Uber	Uber	279904
13294	auren	Auren Hoffman	32615
11768582	garrytan	Garry Tan	28970
59166197	BessemerVP	Bessemer Venture 	35184
13737	noahkagan	noah kagan	37622
8001352	nub	Dustin Boyer	1581
14707966	doronr	Doron Reuveni	1292
18079631	mattmireles	Matt Mireles	3561
662773	dweekly	David E. Weekly	10136
15203822	casey_speer	Casey Speer	165
1527461	ssn	Srgio Nunes	775
14102677	joshnesbit	Josh Nesbit	7804
8646172	ethankurz	Ethan Kurzweil	11500
9961332	ClaireBoo	Claire Boonstra	11399
2203341	dschol	Dan Scholnick	2478
35788230	paleolena	YG	246
15792723	oontz_me	vaughn	355
95148369	Ideas4BetterNet	IdeasForABetterNet	1116
51774692	realpottymouth	peedrinkingcrapface	3148
5768872	garyvee	Gary Vaynerchuk	1146885
9931932	Remiss63	Andrew Raimist	1242
94856925	microtask	Microtask	36955
5468472	PanMan	Martijn Pannevis	1625
19152977	farai	Farai Chideya	25458
21493256	IAmDanCohen	Dan Cohen	813
2970511	lessin	sam lessin	7042
19281751	starsandrobots	Star Simpson	3588
14167014	shear	Margaret Shear	256
2493	gleemie	Lilly Irani	1333
39142597	andrewleonidas	Andrew Leonidas	78
644863	nivi	Nivi	25363
3778181	seregine	Mikhail Seregine	626
7320452	andrewhunter	Andrew Hunter	180
19636909	QuestVP	Quest VP	983
31685247	Samasource	Samasource	296057
47163628	devondub	Devon Watts	134
13461	waxpancake	Andy Baio	30710
16061930	hackingdata	Jeff Hammerbacher	21556
48487262	arsenari	Arsen Ari Kalfayan	522
16007011	gabesmed	Gabe Smedresman	797
13538092	cherdlick	catherine herdlick	733
764013	mettler	Michael Mettler	783
61884731	imeem_ceo	Dalton Caldwell	57
29132064	scoutingchris	Chris Collins	3
5501	nitesher	Nitesh Mehta	265
17633994	camillericketts	Camille Ricketts	4038
12412752	Conster	Katie C.	242
14335552	michaeldroz	Michael Droz	72
53148262	nogaleviner	Noga Leviner	323
47867870	tendollartrivia	Wes Kauble	174
14766588	satisfaction	Get Satisfaction	1727
68759084	refocusimaging	Refocus Imaging	59
5742742	TamaraKhan	Tamara	115
11740902	tferriss	Tim Ferriss	1248178
1198	urbanhiker	Blake Engel	1140
84633838	rohanrad	Rohan Radhakrishna	47
27919801	FreestyleDave	David Samuel	16
3940101	philosophygeek	Mark Johnson	3965
24741282	mathiesm	Mike Mathieson	4
1026921	acdouglas	Anna-Christina	1072
14202711	mattcohler	Matt Cohler	35621
24138844	alex_holub	Alex Holub	222
1735621	WingDude	Jodee Rich	2963
763564	abhay	Abhay Kumar	1929
15237929	jdmoran	Jim Moran	2042
18782224	ashvink	Ashvin Kumar	863
12665142	cwiklund	Christian Wiklund	183
11425292	richardprice100	Richard Price	2420
19179868	infoaxe	Infoaxe	526
14188526	juliecrabill	Julie Crabill	2107
17353018	bsdfm	Ben	232
26330900	patrick_mckenna	Patrick McKenna	414
13932932	TimInman	Tim Inman	1793
84648166	VictoriaBarret	Victoria Barret	2868
971111	daveevans	David Evans	2647
14073819	BINC	Binc	1181
14209229	jsteeleeditor	Julie Steele	3954
17118060	dmrussell	dmrussell	1339
19097217	jerzyjak	Jack Bleiberg	6
2090851	yanda	Yan-David Erlich	2003
19223105	naseemh	Naseem Hakim	113
29596877	TextMarks	TextMarks	787
23827690	zellunit	Matt Humphrey	181
34455348	caseysackett	Casey Sackett	124
17872998	SocialStratTalk	SocialStrategyTalk	785
31093629	rutgerdocter	Rutger Docter	89
37357572	michaelcrandell	Michael Crandell	613
21837163	csherrard	Chris Sherrard	78
14271082	xoopit	xoopit	235
19551270	zakaryah	Zak Frentz	10
15499934	nosajhouck	Jason Houck	30
16782202	bbrodigan	Brad Brodigan	292
55598537	AchAchLiebling	Miss Liebling	16
29241483	kalaws	Kevin Laws	199
52864862	lucykburns	Lucy Burns	177
16350958	valerievalerie	Valerie Nygaard	105
27758257	zpogue	Zachary Pogue	252
11584222	shyamkapur	Shyam Kapur	2842
92619742	stamen_stream	Stamen Streams	3
21150169	ryanhard	Reinhard	20
17066004	gordonrios	Gordon Rios	636
43521990	peepburns	Mike Greenberg	25
78113840	Sigma2Salon	Sigma 2 Salon	13
30286170	KitchenEclectic	KitchenEclectic	41
23649301	tappinG20	georgia biewald	13
70517970	1copse	.	22
39017120	miketuritzin	Mike Turitzin	254
34363038	caromk	caromk	70
22179360	artbardige	Art Bardige	52
19282703	nelsonapollolee	Nelson Lee	109
34382685	roblevitsky	rob levitsky	153
14932228	hamstersoup	Will Moffat	240
37732149	mattflannery	Matt Flannery	294369
40519997	ochocinco	Chad Johnson	3580642
15085933	leonardspeiser	Leonard Speiser	2197
14600116	johnbattelle	John Battelle	278393
13890962	crowdscience	CrowdScience is YuMe	2894
19005185	LiveOps	LiveOps	7133
8432902	sriche	Steve Richmond	142
15400067	paulboutin	paulboutin	8516
14137885	deantak	Dean Takahashi	20481
13348	Scobleizer	Robert Scoble	455489
21262788	jbennette	Jim Bennette	1138
14531150	rad_fax	Tyson	392
661403	pomeranian99	Clive Thompson	26648
2384071	timoreilly	Tim O'Reilly	1931250
67376359	datwittaqueen	datwittaqueen	1
67375247	datwittaking	Datwitta	521
639643	fireland	Joshua Allen	37431
4468111	blader	Siqi Chen	4039
45642688	society_me	Society	49021
1081	davemcclure	Dave McClure	278939
7694	zack	Zachary Rosen	3457
14957670	howietl	howie liu	904
53556059	140arcade	140 Arcade	3379
43569712	lolplaying	LOLplaying	26952
102863	raycmorgan	Ray Morgan	962
7255652	engineyard	Engine Yard	17136
8095292	asenkut	Aydin Senkut	35330
14003552	redgsnodgrass	redgsnodgrass	3441
23233081	magiccurrykart	Magic Curry Kart	9174
41528488	SexySoupCart	Sexy Soup Lady	11915
45521317	lolquiz	LOLquiz	203126
46634985	quizly	Quizly	1392
16898164	kellybenny	Kelly Bennett	256
12143522	leila_c	Leila Janah	22990
44045457	brucebiewald	Bruce Biewald	7
40528446	pretweeting	Pretweeting	822
40959360	SF311	SF311	13542
6534562	borourke	Brian P O'Rourke	209
29256864	chartoftheday	BI Chart of the Day	27812
9085532	Valleywag	Valleywag	20564
38358454	BadVC	The Bad VC	2517
22197926	aaronkoblin	Aaron Koblin	23545
14248451	Joshmedia	Josh Felser	19314
22811188	DoubleXMag	Double X	16393
9492852	emacs	emacs	6645
14965611	mclars	MC Lars	22880
18133349	villaa33	Villuminati	640
14709866	chad_walters	Chad Walters	491
14474225	ManuKumar	Manu Kumar	24675
5405152	dawallach	D.A.	1295407
14080345	Powerset	Powerset	873
2883461	magger	Michael Agger	5929
21633593	ryanjferrier	Ryan J. Ferrier	581
14269152	anthonyha	Anthony Ha	27765
763893	chudson	Charles Hudson	13726
610663	GnoliaTweets	Gnolia	2251
19210412	Magnolia09	Magnolia09	150
18745960	DoloresLabs	DoloresLabs	457
13041	elatable	Bradley Horowitz	50874
17333704	missionpie	Mission Pie	4561
14328339	thione	Lorenzo Thione	3403
5800582	TayZonday	Tay Zonday	87149
4119741	jdickerson	John Dickerson	1360372
15164565	Slate	Slate	1378811
735983	gmc	Gmc	24178
17738707	kirstinc	Kirstin Cummings	84
17728670	logang	logang	50
17500156	jonsidd	Jonathan Siddharth	673
14556028	schulkin	Brent Schulkin	1447
14437359	ferlatte	Marperator Feriosa	569
17461978	SHAQ	SHAQ	9901075
14401550	shafqatislam	Shafqat Islam	11008
3013951	matthewhurst	Matthew Hurst	1406
17220934	algore	Al Gore	2775310
9729502	travisk	travis kalanick	80626
6273552	MCHammer	MC HAMMER	3508755
663843	mabmierau	MaryAnn Mierau	252
3846161	altay	Altay Guvench	607
15509884	jmlanglois	jmlanglois	20
10644	mishmosh	Michelle Lee	1912
5674	creativecrowds	CreativeCrowds	1238
8380272	lindachan	lindachan	207
15662622	stevenewcomb	stevenewcomb	15472
14138744	alltheshapes	Ryan Hagen	326
15290767	sambruehl	Sam Bruehl	278
7963542	geerlinger	Stephanie Geerlings	464
12489872	PaprikaSu	Su Fabie	368
14474958	LiviaPolanyi	Livia Polanyi	28
14949096	cubetree	cubetree	439
14632806	fubini	Ross Fubini	1538
14109167	flowingdata	Nathan Yau	47296
6609692	johnmarkos	John O'Neill	441
14232259	iamkarel	iamkarel	130
15880122	hsuberbot	hsuberbot	1
11831282	mangosquasher	mangosquasher	68
15368324	socialcash	Social Cash	148
681813	avantgame	Jane McGonigal	119288
14923310	kadisco	Josh Kadis	1067
805809	kesava	Kesava	469
7482232	turncolor	turncolor	22
15650997	NuvoDesigns	Dianne Brewer	56
13485122	gmisra	gmisra	243
16049878	dgingold	dgingold	107
34	ariel	ariel poler	11730
11616282	epizeuxis	brett lockspeiser	217
6160742	bryce	Bryce Roberts	35181
15698894	clabaugh	Caroline	81
6897142	bos31337	Bryan O'Sullivan	6570
10498652	btsmith	Bruce Smith	162
7268952	carlaltdelete	Carl Lens	597
7750762	skid	Ammon Skidmore	418
16052874	dinosaurdino	dinosaurdino	6
15803201	frenchanne	anne french	142
6368102	stechert	Andre Stechert	634
15215178	andykatzman	andy katzman	382
15743972	aabeles	Adam Abeles	109
4385191	agreatnotion	Jess	800
14475357	raymondhwu	Raymond Wu	67
2897911	mcudich	Matias Cudich	156
14836026	serious_siqi	serious_siqi	32
14285113	tghani	Tarek Ghani	77
15459530	zuzf	Zuzana Fedorkov	378
793130	rion	Rion	588
15301389	timconverse	Tim Converse	461
3492471	supernate	Nate Clark	390
4413861	sayhello	Olivier Yiptong	265
14370712	nawaazahmed	nawaazahmed	39
14091950	evanepstein	evanepstein	197
2551151	martybetz	Marty Betz	68
15008750	juliakung	Julia Kung	621
11352292	AnnaMariaVirzi	Anna Maria Virzi	5857
15166546	brendan642	brendan o'connor	3274
9184682	bubbam	Bubba Murarka	3617
33423	gruber	John Gruber	356296
14365789	dropio	dropio	8927
11263102	awadallah	Amr Awadallah	12886
5133941	slmaddux	Scott Maddux	3
6826152	kevinclark	Kevin Clark	772
982341	tikhon	Tikhon Bernstam	21260
7632482	carrotmob	carrotmob	4664
5502392	mojombo	Tom Preston-Werner	28238
784519	KirinDave	Dave Fayram	3348
7005182	stuartrobinson	Stuart Robinson	839
13408762	tswaterman	ts waterman	804
13826932	seantempesta	Sean Tempesta	87
8097412	ryancshih	Ryan Shih	159
5568682	rogerm	Roger Magoulas	800
3274711	nfolkert	Nathaniel Folkert	571
755	noaml	Noam Lovinsky	1849
11218432	propapapa	Jason Heidema	298
5525	mattrubens	Matt Rubens	549
321933	mikelove	Mike Love	705
2579231	jessep	Jesse Patel	1083
999	dariusmc	Darius Contractor	1286
5645142	vanpelt	Chris Van Pelt	638
3283901	andrewchen	Andrew Chen	87556
