2911531120	drdavidwalton	David Walton	217
14049192	bruntonspall	Michl Brunton-Spall	2166
39251227	amyfmcleod	Amy Mcleod	770
16864819	rachellaycock	rachellaycock	1819
1011997292	enderyx	Ender Yuksel	75
56767100	jemolesky	Joanne Molesky	108
632301127	NWSBoston	NWS Boston	30596
17311077	growingwisdom	Dave Epstein	26957
82783590	kylehodgson	Kyle Hodgson	492
2981463028	PeerJCompSci	PeerJ CompSci	539
872400770	charlymul	Charlene Tshos	144
15094506	Morendil	Laurent Bossavit	2442
57773690	Jotsnhoj	John Stojanovski	104
15996789	pmarreck	Peter Marreck	340
45339729	mollydishman	Molly	374
17505962	jenny_wong	Jenny Wong	234
704123996	BagmarAnand	Anand Bagmar	478
24910520	tobyclemson	Toby Clemson	350
152116574	zhamakd	Zhamak Dehghani	366
15388105	mondeh	Monde Hans	58
20231358	christhelwell	Chris Thelwell	380
25103	jessitron	Jessica Kerr	10250
116434969	sriramnarayan	Sriram Narayan	239
420202165	birgitta410	Birgitta B.	224
14470955	sunitparekh	Sunit Parekh	276
257331616	randyshoup	Randy Shoup	1424
1023072078	SoVeryBritish	VeryBritishProblems	1048625
16650393	joannaparke	Joanna Parke	505
167504978	wilpannell	WIL PANNELL	111
15978784	julianoliver	Julian Oliver	284
18358277	lauriewilliams	Laurie Williams	328
103086746	kytrinyx	Katrina Owen	7863
15067554	sandimetz	Sandi Metz	12677
316910192	devopsy	Max Lincoln	247
29998941	EconInsights	Economist Insights	12436
14452764	jgumbley	Jim Gumbley	339
381589327	adriansalesdude	Adrian Jones	86
357606935	elizabethforma	Elizabeth Warren	133217
2568461	willwilkinson	Will Wilkinson	11824
17512258	aslamkhn	Aslam Khan	1133
15207703	schuchert	Brett L. Schuchert	1165
155762008	barryoreilly	Barry O'Reilly	1637
14965376	BrandonByars	Brandon Byars	238
385203	sudhindraRao	Sudhindra Rao	339
334398464	patrick_turley	Patrick Turley	271
11559572	ChrisGMurphy	Chris Murphy	656
13895242	adrianco	adrian cockcroft	17876
6145702	PrasannaPendse	Prasanna Pendse	398
130764682	katiekp_	Katie Partridge	429
14268164	adriarichards	Adria Richards	17848
41576183	MaryamMon	Maryam	453
85661980	robmiles0	Rob Miles	467
14648825	distributedlife	Ryan Boucher	320
84351228	timberners_lee	Tim Berners-Lee	205173
83289720	anettebgo	anette	856
7150222	kief	Kief Morris	777
4816	EFF	EFF	259397
54908148	laurapatersonuk	Laura Paterson	272
264335465	tw_tiffanylentz	Tiffany Lentz	320
59925409	rebeccasliter	Rebecca Sliter	662
2996801	WBUR	WBUR	47356
14085504	sghill	Steve Hill	178
228287133	escuderoben	Ben E	198
470499421	DrCemKaner	Cem Kaner	2383
14367122	TWPatty	TWPatty	317
14436716	hammerdr	Derek Hammer	424
268974242	stevevinoski	Steve Vinoski	3323
234362929	mjpt777	Martin Thompson	5761
14678973	matthewmccull	Matthew J McCullough	5857
24513851	petmongrels	Vivek Singh	517
281270972	MehdiKhalili	Mehdi Khalili	914
3609611	ggd	Greg Doench	297
13378422	allspaw	John Allspaw	12093
18470872	sumeet_moghe	Sumeet Moghe	1889
16672393	kgb1001001	Kyle Gene Brown	220
755411466	RisingLinda	Linda Rising	2296
14364002	twj2bagel	John Spens	295
44579761	StewGleadow	Stewart Gleadow	1357
787637419	NoSQLDistilled	NoSQL Distilled	464
128951516	thejayfields	Jay Fields	1372
84096911	nickphines	Nick Hines	278
81949147	Nattivolk	Natalie Volk	749
16716943	seradio	Software Eng. Radio	1463
16914561	andyflip	andyflip	166
55020213	theagilist	Ken Collier	1131
40646710	jimbarritt	Jim Barritt	340
2696831	aaronsw	Aaron Swartz	16192
13377222	kornys	Kornelis Sietsma	969
12314012	andee_marks	andee_marks	331
78978811	1pmando	Patti Mandarino	218
25728770	ph1	Pete Hodgson	1420
344609155	DanielBodart	Daniel Bodart	362
16711646	frankmt	Francisco Trindade	672
6142902	msubherwal	Maneesh Subherwal	857
267832854	Sudhir_Freddy	Sudhir Frederick	47
399034548	MissTessSki	Tess	465
91019395	rolfrussell	Rolf Russell	151
29848178	sberczuk	Steve Berczuk	481
14462827	philwills	Phil Wills	548
397689316	Grady_Booch	Grady Booch	10752
14278978	ericries	Eric Ries	220965
425887964	YeweIge	Yewande Ige	181
17003860	scampjc	Julie Connors	303
16916845	jocjo	Jo Avent	510
279606081	AjeyGore	AJEY Gore	1420
82588199	nmdru	Natalie drucker	159
143883	sogrady	steve o'grady	6918
52384313	fgeorge52	Fred George	2080
90971567	yodamud	Joseph Yoder	79
301880175	SavageAtWork	Matt Savage	167
17983636	bill_kimmel	bill_kimmel	141
67013	JenniferSmithCo	Jen Smith	943
18622955	camswords	camswords	179
164205191	JoJoRowden	JoJo Rowden	233
27801862	rickardoberg	Rickard berg	929
142507295	jonathoda	Jonathan Edwards	883
15799729	cgorsline	Craig Gorsline	805
6109272	exortech	Owen Rogers	253
18520129	LizDouglass	Liz Douglass	427
8273562	jocranford	Jo Cranford	726
20753504	ctford	Chris Ford	1644
75986107	pe4cey	Mark Peace	178
14444953	davcamer	Dave Cameron	464
113963	Werner	Werner Vogels	69597
81773920	amitk_tw	Amit Kaul	407
14982149	williampietri	William Pietri	1578
30495257	henrikkniberg	Henrik Kniberg	11838
14685475	wallingf	wallingf	1017
12963012	abrons	Adam Abrons	751
14453651	UdiDahan	Udi Dahan	10861
131260916	jammycakes	James McKay	233
5819672	gga	Giles Alexander	1010
49793	jimmy_wales	Jimmy Wales	110561
15639774	adamdavidson	Adam Davidson	15483
19936438	nxdnz	Nigel Dalton	1406
112302299	YogiKulkarni	Yogi Kulkarni	365
14162967	trisha_gee	Trisha Gee	5014
223055648	davefarley77	Dave Farley	1111
8862132	hugs	Jason Huggins	5946
14639927	BrianGoetz	Brian Goetz	12834
18183881	annejsimmons	Anne Simmons	429
16305874	ramsingaram	Ram Singaram	316
47240742	deanrcornish	Dean Cornish	204
34111503	jtcrisp	James Crisp	258
19426897	savagematt	Matt Savage	121
13695272	rjhunter	Rob Hunter	578
77216450	iterex	Tim Mackinnon	304
88098618	chrisguzikowski	Chris Guzikowski	41
12130832	pandamonial	Amanda Laucher	2022
5877822	jamis	Jamis Buck	6421
17215021	gpollice	gpollice	85
17633809	ryanmoffat	ryanmoffat	323
84075035	Sarahmariehowe	Sarah Marie Howe	803
43298910	HakanRaberg	Hkan Rberg	552
163479285	paul_hammant	Paul Hammant	1225
71525598	tomczarniecki	Tom Czarniecki	273
60877290	angeashworth	Angela Bishop	354
30200730	bvenners	Bill Venners	2544
6141832	cshirky	Clay Shirky	349373
1381831	tpbrown	Tim Brown	803
42611882	vbhalerao	Vishal Bhalerao	179
121833999	moseshohman	Moses Hohman	263
219784455	_david_ing	David Ing	186
79768438	ivanrmoore	ivan moore	464
7464942	markryall	Mark Ryall	624
200631648	mpoppendieck	Mary Poppendieck	9114
14657212	GOTOaar	GOTO Aarhus	2559
14409295	brunns	Simon Brunning	1494
20171783	vivekvaid	Vivek Vaid	297
7799372	scottwshaw	scottwshaw	446
38150687	dpjoyce	David Joyce	1702
50981929	lindystephens	Lindy Stephens	825
56370503	CEPitchford	Claire Pitchford	364
23009949	thoughtworks	ThoughtWorks	82056
143659171	jrasmusson	Jonathan Rasmusson	1287
183749519	paulg	Paul Graham	247067
2937071	judell	Jon Udell	5307
15734636	estherderby	estherderby	13137
15391408	DavidJWest	Dave West	1721
18808047	tomsulston	Tom Sulston	554
14315508	AaronErickson	Aaron Erickson	1890
74007906	kschwaber	Ken Schwaber	15696
9520112	mentalartist	Julias Shaw	789
12084382	boicy	James Lewis	1941
55573320	mikewcohn	Mike Cohn	22877
156574904	stevekmcc	Steven Kelly	473
90565086	troy_gould	Troy Gould	109
26540571	PetraSkapa	Petra Skapa	229
121923904	TW_Gary	Gary DeGregorio	745
44434737	toodrea	Andrea Johnson	177
23982500	lucagrulla	Luca Grulla	429
16409574	A5HOK	/\5h0k	415
14964163	martinjandrews	Marty Andrews	690
655073	javame	Antonio Terreno	770
41199313	apcj	Alistair Jones	384
18760339	glen_ford	Glen Ford	354
23886763	jwishnie	jeff wishnie	762
14601467	jguerriere	jguerriere	84
91918535	WyndAndRayn	WyndAndRayn	39
14714055	pgfarley	Patrick Farley	141
49367845	ericevans0	Eric Evans	11255
35116256	rjpettit	Ross Pettit	446
432493	kraigparkinson	Kraig Parkinson	522
12548722	cpurdy	cpurdy	2025
14118631	sf105	Steve Freeman	3483
14995974	niclasnilsson	Niclas Nilsson	699
18808263	shs96c	Simon Stewart	4139
14451677	tackers	Graham Tackley	1264
82124619	cartwrightian	Ian	527
14184390	stuarthalloway	stuarthalloway	7927
19700028	damianguy	Damian Guy	164
12425682	agilesensei	Claudio Perrone	3475
75315883	logosity	Bill Caputo	589
78975709	natpryce	Nat Pryce	3906
81583023	grahamcbrooks	Graham Brooks	386
83655566	patkua	Pat Kua	1878
1235521	timbray	Tim Bray	32742
17028978	nick_s_drew	Nick Drew	298
64305226	rdurnall	Richard Durnall	1300
7280602	sarahtarap	Sarah Taraporewalla	423
22227497	plinskey	Patrick Linskey	305
25464180	vivekprahlad	Vivek Prahlad	186
14628831	refactoringdr	Don Roberts	181
60339361	builddoctor	Julian Simpson	3250
14191674	PaulJulius	PaulJulius	518
9860312	paulocaroli	paulocaroli	2577
18246150	jens_coldewey	jens_coldewey	793
14310993	andaa	andaa	251
8454142	lukehohmann	lukehohmann	3543
18999210	gerardmes	Gerard Meszaros	342
680413	duncancragg	Duncan Cragg	453
19367943	rebeccaparsons	Rebecca Parsons	2077
18557540	somukeru	Martin C.	29
12342812	dirkriehle	Dirk Riehle	1897
17122482	lachlan_heasman	lachlan_heasman	148
26469016	davecoombes	Dave Coombes	326
14498183	jonwhopkins	Jon Hopkins	98
21410563	iansrobinson	Ian Robinson	1823
47378354	KevlinHenney	Kevlin Henney	7032
13049322	mikehatora	Mike Hendrickson	40283
23165444	PaulDuvall	Paul Duvall	615
40168921	julianboot	Julian Boot	294
12393292	matwall	Mat Wall	920
23580182	wmhegarty	William Hegarty	83
52690794	jetbrains_mps	JetBrains MPS	847
51668415	jimhighsmith	Jim Highsmith	8396
9626112	bethcodes	Beth	542
16094996	marinagoround	marina chiovetti	358
52543	lightsmith	Jeremy Lightsmith	1031
14553123	glv	Glenn Vanderburg	2887
7833002	dsaff	David Saff	464
20323796	cirillof	Francesco Cirillo	3356
36799742	drnsmth	Darren Smith	483
18903571	katywhite	katywhite	222
5402612	BBCBreaking	BBC Breaking News	15388647
36687132	maiskou	Mai Skou Wihlborg	322
38798458	pramodsadalage	Pramod Sadalage	1233
34778769	springrod	Rod Johnson	19551
9809222	jeffgraySF	Jeff Gray	527
749163	wwake	Bill Wake	1090
38387473	erikdoe	Erik Drnenburg	1450
11857702	desi	desi	10449
17056043	donbox	Don Box	5868
14968159	jamesnewkirk	jamesnewkirk	1245
34969508	markusvoelter	Markus Voelter	2685
5325152	stilkov	Stefan Tilkov	6437
18194778	PragmaticAndy	Andy Hunt	11707
16472825	darrenhobbs	Darren Hobbs	376
14561327	dhh	DHH	138624
15096652	mtnygard	Michael Nygard	5215
10756762	gigix	Jeff Xiong	1745
17437733	jchyip	Jason Yip	3994
15685575	jezhumble	Jez Humble	15176
14149499	simpsonjulian	simpsonjulian	599
16811158	BertBates	Bert Bates	1179
17270001	TotherAlistair	Alistair Cockburn	11113
18207486	perrynfowler	perrynfowler	781
14429713	venkat_s	Venkat Subramaniam	13302
14320600	timanderson	Tim Anderson	6185
14073553	floydmarinescu	Floyd Marinescu	875
17062759	apaipi	Aino Vonge Corry	1002
6163082	drkrab	Kresten Krab	2070
21135445	mackaraja	Mack Adams	465
9526812	jahnnie	Jonny LeRoy	702
14756527	Portuguesinha	Ins Almeida	634
21261501	andy_pols	Andy Pols	369
6732352	JimmyNilsson	Jimmy Nilsson	2190
16270041	poutsma	Arjen Poutsma	1601
12614742	testobsessed	ElisabethHendrickson	9742
9329522	chethendrickson	chet hendrickson	1389
22848092	kauerrolemodel	Ken Auer	574
7596542	mesirii	Michael Hunger	2055
14371856	bpettichord	Bret Pettichord	2064
13824842	jmackenz	jmackenz	146
16826490	dtsato	dtsato	1181
6527442	joshhendler	Josh Hendler	1542
16037134	rebeccawb	Rebecca Wirfs-Brock	1830
19531045	vincentxu	Vincent Xu	161
16522523	jwgrenning	James Grenning	3329
5315782	elharo	Elliotte Harold	766
823098	duncan	Duncan Davidson	8712
21304840	clchabot	Cindy Chabot	48
20732877	JoshuaKerievsky	Joshua Kerievsky	5449
14701720	badrij	badrij	674
8864512	marick	Brian Marick	7245
16517907	cread	Chris Read	1265
18354372	Steve_Hayes	Steve_Hayes	997
15905103	planetmoney	NPR's Planet Money	299653
16790110	david_j_rice	david_j_rice	538
14272796	jen_marley	Jen Marley	272
7665302	olabini	Ola Bini	7794
14793506	joshprice	Josh Price	1327
13925952	chris_stevenson	Chris Stevenson	1200
645143	tirsen	Jon Tirsen	1755
7204072	lukebarrett	Luke Barrett	416
749693	cv	Carlos Villela	2608
13521812	jimwebber	Jim Webber	5194
12733362	neal4d	Neal Ford	9629
9892612	twsidpinney	Sid Pinney	659
4219781	BestFriendChris	Chris Turner	363
14770578	joewalnes	Joe Walnes	44370
15033988	moa1729	Mike Aguilar	309
14830884	capotribu	Marco Abis	2205
6108292	samnewman	Sam Newman	4551
15803667	14to9	Scott Conley	301
7599312	ghohpe	Gregor	1014
1224011	wilkesj	Wilkes Joiner	330
14552480	lunivore	Liz Keogh	6966
14515998	mikemasonca	Mike Mason	879
14839599	tobytripp	Toby Tripp	224
7267742	bguthrie	Brian Guthrie	1549
14439858	haruki_zaemon	Simon Harris	1016
14521831	cleishm	Chris Leishman	337
15436826	halvards	Halvard Skogsrud	187
4543171	mfoemmel	Matthew Foemmel	190
17726463	evanbottcher	Evan Bottcher	947
9070452	jimweirich	Jim Weirich	11906
6108572	amitrathore	Amit Rathore	2135
16891384	KentBeck	Kent Beck	79400
3673151	laribee	David Laribee	2437
5676102	shanselman	Scott Hanselman	133722
9617282	gregyoung	gregyoung	9860
10984712	mikebroberts	Mike Roberts	527
14526430	tastapod	Dan North	18012
2652621	bhogan	Ben Hogan	318
4994591	aslak_hellesoy	Aslak Hellesy	4287
6186692	pragdave	Dave Thomas	21533
9505092	unclebobmartin	Uncle Bob Martin	65061
12381352	WardCunningham	Ward Cunningham	34592
15778670	bigballofmud	Brian Foote	1989
13850682	jkordyback	John Kordyback	565
14253068	mfeathers	Michael Feathers	18934
14687218	delitescere	Josh Graham	1495
15026081	SuziEdwards	SuziEdwardsAlexander	1444
14581097	tw_studios	ThoughtWorks Studios	16478
14979481	RonJeffries	Ron Jeffries	16924
9529312	twchad	Chad Wathington	1279
8609252	yrnclndymn	Andy Yates	1344
16043994	jeffpatton	Jeff Patton	9824
16186143	rachelcdavies	Ra	6299
14048978	jeremydmiller	jeremydmiller	9249
21046030	jamesshore	James Shore	7460
7447642	moukhan	Khaled	622
17467170	ErichGamma	ErichGamma	5835
