1019188722	GIFs	Animated GIFs	15663
268027064	jasonlovesbeer	Jason Fuller	118
717654410	SaraSoueidan	Sara Soueidan	17661
1666038950	BoredElonMusk	Bored Elon Musk	91638
207194259	yvrwx	Vancouver Weather	2473
3084026283	cascadiacss	CascadiaCSS	48
26156564	cgilchrist	Carter Gilchrist	762
17591873	TAMSINA	Tamsin Smith	827
14354539	rmtwrkr	Kharis O'Connell	658
173607003	its_just_lish	alicia rebman	253
2926510706	IsHumanCo	H U M A N	340
8724262	nredmond	Niamh Redmond	3730
1063491	kennethormandy	Kenneth Ormandy	581
22232652	thoronas	Flynn O'Connor	682
2951322140	FarmhouseFest	Farmhouse Fest	455
18220686	toddsmithdesign	Todd Smith	1540
48529928	JamesDanderfer	James Danderfer	304
2916228175	megdandy	Megan Danderfer	4
2912534023	dcontentconf	Design & Content	414
20695790	sisc_daily	Geoff Gibson	178
14937051	patrickhamann	Patrick Hamann	2677
37008538	susanjrobertson	Susan Robertson	1487
227117732	marcysutton	Marcy Sutton	3131
119318112	yoavweiss	Yoav Weiss	1581
33129270	jeffkamo	Jeffrey Kamo	217
2720351	marcthiele	marc thiele	2931
2459609448	Canada	Canada	99846
5699	stewart	Stewart Butterfield	24729
49093	hellbox	Martin McClellan	1266
12279	leelefever	Lee LeFever	7937
757664	jjg	Jesse James Garrett	19443
869205619	TangentCafe	Tangent Cafe	513
5552492	vlh	Val Head	7614
14424551	sara_ann_marie	SaraWachterBoettcher	7490
86328927	TheFoodLab	J. Kenji Lpez-Alt	33854
56768257	femfreq	Feminist Frequency	287768
81195707	zachhalvorson	Zachary Halvorson	292
2493220706	SartoriHops	sartori hops	484
12377822	rachelbinx	rachel binx	3877
35943	karenmcgrane	Karen McGrane	28006
150185852	baconmeteor	Maciej Ceglowski	3901
2416549026	kennymeyers	Kenny Meyers	141
20028418	fabulavancouver	Frances Bula	11569
1013691007	BrianJTaggart	Brian Taggart	93
175468478	prettyuglydsgn	Ben Didier	658
2341047260	DageraadBeer	Dageraad Brewing	1941
1319982481	nickeagland	Nick Eagland	762
80486538	HopsCanary	Lynn	2771
14238044	jlongland	Jeff Longland	397
20481268	GraemeDuckett	Graeme Duckett	527
24303315	alainemack	Alaine Mackenzie	766
12069912	hellogeri	Geri Coady	5785
16337551	HiredGuns	Hired Guns Creative	2006
336855459	WCLC_Kerrisdale	WCLiquor Kerrisdale	702
550206235	foodandbier	Food and Bier	595
29240805	JoshBlacker	Josh Blacker	1695
113726026	MadFermentation	Michael Tonsmeire	5694
17795776	cherryrae	cherry	4593
16784490	jonnycampbell	Jonny Campbell	1901
1661276654	Style_n_Class	Style & Class	340
1590349514	AlibiSpy	Alibi Spy	253
1691860897	iainrhill	Iain Hill	381
601795514	jam_sbryant	James Bryant	216
18742350	jimbones	James Bull	1590
15496862	shayhowe	Shay Howe	8209
54462655	jorgepedret	Jorge	463
22651735	filmaj	Fil Maj	1286
8115462	steph_hay	Steph Hay	4068
656673	colly	Simon Collison	21757
14839862	davatron5000	Dave Rupert	14637
13182702	tkadlec	Tim Kadlec	7498
1410723547	csszengarden	CSS Zen Garden	262
14049683	jpamental	Jason Pamental	3270
8752622	carlsmith	Carl Smith	5065
17368670	mobify	Mobify	7394
417402600	iandriftwood	Ian McKay	226
793830	chriscoyier	Chris Coyier	134884
621189880	ksgyoung	Kyle Young	159
1050492944	tomminturn	Thomas Minturn	7
112100266	jantweats	Jan Zeschky	1952
729310892	Brassneckbrew	Brassneck Brewery	6751
1341111	noah_adams	i want a new duck	245
232065650	J_L_Walker	JonathanLloyd Walker	2576
186045022	averyquery	Doug N. Avery	388
14213544	jackygilbertson	Jacky Gilbertson	387
948435493	GrahamWith	Graham With	955
12992142	rrjamie	rrjamie	168
11322372	holman	Zach Holman	34565
108733066	XGingerBeerX	Nicole Coetzee	263
12962882	simplescott	simplescott	6725
516875194	xoxo	XOXO	9382
14731905	kump	Matt Kump?	1642
621179580	bikeyvrHT	BikeYVR Helmet Traps	146
389143138	Ben_coli	Ben Coli	646
15473958	MarsCuriosity	Curiosity Rover	1901603
58708498	hopefulcyborg	Angelina Fabbro	15778
16037486	gregavola	Greg Avola	3211
110520327	asymco	Horace Dediu	48889
7552082	bigmediumjosh	Josh Clark	20551
11855482	brad_frost	Brad Frost	56951
237918766	scottjehl	Scott Jehl	14429
27038296	tedtate	Ted Tate	240
15399279	kpeatt	Kyle Peatt	581
575583409	rardies	Rob Ardies	96
249796108	hoplog	Chad McCarthy	630
20027607	thirstywriter	Joe Wiebe	3208
12602932	wilto	Mat Marquis	9288
373072447	a_p_wilson	Alex Patrick Wilson	322
503665483	JonnyBeers	Jonny Beers	2254
162394488	BeerDustin	Dustin Sepkowski	729
17241791	shawnjan8	Shawn Jansepar	451
262264945	nickfostr	Nick Foster	195
14404434	johnboxall	John Boxall	1237
168196219	tariqkhan110	Tariq Khan	965
146253008	LegacyLiquor	Legacy Liquor Store	5572
404331562	DoansCBC	Doan's Craft Brewing	1302
21540614	Andersrm	Anders McKinnon	112
276739646	revolver_coffee	Revolver	5760
14805765	hellofisher	Steve Fisher	5540
14456948	TheStrayMuse	Rachel Gertz	931
82443021	BreweryCreek	Brewery Creek	2840
15667311	tylerwilman	Tyler Wilman	713
48843142	Sticklebract	Dean	566
246	blaine	Blaine Cook	14236
14538913	PetraGregorova	Petra Gregorov	1535
14131246	georgebrock	George Brocklehurst	825
20478716	jennifergardy	Jennifer Gardy	4441
10221672	vanessaau	Vanessa Au	1167
36253	andymcmillan	Andy McMillan	8578
14477161	TrentWalton	Trent Walton	23869
5413	dustin	dustin senos	6827
31931319	adambrewsbeer	Adam Henderson	1314
209406076	VanBrewers	VanBrewers	1339
57823	teacup	Dot 	1858
195503397	Barley_Mowat	Chuck Hallett	1840
21697037	daveshea	Dave Shea	8
12601	jeffsmith	Jeff Smith	899
19472666	UhlanBC	Gerry Erith	137
195589854	vancitybeer	Vancouver Beer Blog	4469
104937383	bluthquotes	Arrested Development	255858
211985518	AmandamlB	Amanda BarryButchart	921
14280268	mwbrooks	Michael Brooks	1740
14371692	clarkus	clarkus	192
746683	inkbase	Jason Landry	774
15390783	jaffathecake	Jake Archibald	18207
30449899	SeriousBeer	Chester Carey	1271
79797421	CopperAndTheory	Copper & Theory	1536
47793661	bantjes	marian bantjes	10576
48833	clarkbw	Bryan Clark	758
14628503	konobi	konobi	454
6896972	simurai	()	12014
53795299	BARJONESING	Jay Jones	5125
12249	benward	Ben Ward	9942
135241678	vanjs	VanJS	621
414	veen	Jeffrey Veen	39013
16632545	cbjerrisgaard	Chris Bjerrisgaard	1790
14379062	alistaircalder	Alistair Calder	717
22375745	RosenfeldMedia	Rosenfeld Media	76631
1919231	cabel	Cabel Sasser	65341
23279621	Socially_Monica	Monica Frost	2121
1218811	Dstroii	Herv Mischler	1286
2727051	maxvoltar	Tim Van Damme	36006
15101375	daeaves	David Eaves	9096
16693	themaninblue	Cameron Adams	4756
5318	notabene	Stphane Deschamps	1858
1671811	paul_irish	Paul Irish	163237
15154820	abusse	Andrea Busse	474
648873	rem	Remy Sharp	40332
21970014	JohnathonV	Johnathon Vaughn	1910
10224132	JennLukas	Jenn Lukas	10402
598	sfegette	Scott Fegette	2943
15629200	stubbornella	Nicole Sullivan	27831
12513	lhl	Leonard	2325
13668	craigcook	Craig	704
799212	danielmall	Dan Mall	19033
2488811	tdominey	Todd Dominey	2929
5091	jb	Josh Bryant	6967
60033	andybudd	Andy Budd	39171
11222	k	Kevin Cheng	60395
5870082	simmy	Ryan Sims	9064
16296154	laurenbacon	Lauren Bacon	4279
2172	LaughingSquid	Laughing Squid	584661
61133	zeldman	Jeffrey Zeldman	341399
635543	dburka	Daniel Burka	34021
666073	trammell	Trammell	192290
11628	t	Tantek elik	70792
735413	stephencaver	Stephen Caver	1530
12951	Wordridden	Jessica	2292
15033	scottboms	Scott Boms	2946
30863	Brilliantcrank	Greg Storey	6916
794069	travisgertz	Travis Gertz	1063
12534	beep	Ethan Marcotte	69528
2887811	schampeo	Steven Champeon	1065
10877	dkr	D. Keith Robinson	5373
36823	anildash	Anil Dash	556671
821336	JohnBiehler	John Biehler	4783
16543321	hoyboy	Greg Hoy	5457
11682	clagnut	Richard Rutter	13402
7738402	elliotjaystocks	Elliot Jay Stocks	43974
12891	mrwarren	Brian Warren	2516
14088072	jenseninman	Leslie Jensen-Inman	5732
60273	jasonsantamaria	Jason Santa Maria	360236
45673	ktamura	Kevin Tamura	1299
409823	brucel	Bruce Lawson	21206
82433	stefsull	Stef. Sullivan Rewis	9091
12047992	shauninman	Shaun Inman	26016
777925	themattharris	Matt Harris	9167
1632801	plasticmind	Jesse Gardner	1936
609593	msjen	Jenifer Hanen	4377
761975	mathowie	Matt Haughey	18565
11250	adactio	Jeremy Keith	157646
29733	cindyli	Cindy Li	8993
12587	luxuryluke	Luke Dorny	3655
12591	snookca	Well, actually...	45992
11677	garrettmurray	Garrett Murray	6904
13264182	stephaniehobson	Stephanie Hobson	1276
72903	glass	Chris Glass	4184
12514	tomcoates	Tom Coates	18465
14125871	apike	Allen Pike	3038
46773729	alibiroom	Alibi Room	7682
52147827	Darbys_In_Kits	Darby's Pub and LRS	1803
15861228	isboris	Boris	143
56203	jayallen	Jay Allen	217
1765921	HoeflerCo	Hoefler&Co.	318947
11255982	jessebc	Jesse Bennett-Cha...	5973
84351228	timberners_lee	Tim Berners-Lee	205740
21982776	blandcouver	Blandcouver	2081
35623	jimray	Jim Ray	5489
17985156	notmatt	Matthew Smillie	613
60724898	Viti_Wine_Lager	Viti Wine & Lagers	2043
18168395	macewen	Bill MacEwen	508
17951760	eagranieyuh	Eagranie Yuh	2768
47169417	CAMRAVancouver	CAMRA Vancouver	7647
755367	bryanrieger	Bryan Rieger	4012
19869746	RachaelAshe	Rachael Ashe	1600
38710470	brightcreative	Bright Creative	120
38708529	mezzobluedotcom	mezzoblue	143
14503	rachelandrew	Rachel Andrew	12157
1235411	laurendw	Lauren Wood	436
78453	khoi	Khoi Vinh	341731
1392281	adrianholovaty	Adrian Holovaty	14202
13461	waxpancake	Andy Baio	30697
26640005	shsullivan	Stephanie Sullivan	50
8131272	unconed	Steven Wittens	5407
350013	pnts	Andrea Mignolo	1272
1588821	dbarefoot	Darren Barefoot	6395
17013577	blprnt	blprnt	19242
24727657	spymatt	Matt Harris	41
19277037	bluelimemedia	Christine Rondeau	1561
18776131	alistapart	A List Apart	129232
7634742	trevoro	Trevor O	1353
6911952	macfarbt	Brett Macfarlane	1008
813188	matttrent	Matthew Trentacoste	829
9924652	rob_ellis	Rob Ellis	1182
660163	lloydi	Ian Lloyd	2236
687123	rafeco	Rafe	1747
15839929	jimpick	Jim Pick	1633
15818415	haigarmen	Haig Armen	1733
15150203	SteveMynett	stevemynett	1364
759467	jahoni	Joni Rustulka	875
14972862	patrick_h_lauke	patrick h. lauke	3956
12497	simonw	Simon Willison	13976
14363015	cssquirrel	Kyle Weems	2198
13035	ph	Paul Hammond	3088
14247416	deganwalters	Degan Walters	2853
14112756	markboulton	Mark Boulton	32250
9651	cbrumelle	Colin Brumelle	2436
9463382	aarron	Aarron Walter	35104
12436	neilio	Neil Lee	643
12077432	matt_munsey	Matthew Munsey	147
5447362	sintaxi	Brock Whitten	2055
30923	rands	rands	34261
12161	Natbat	Natalie Downe	5823
887251	ppk	Peter-Paul Koch	20869
12708	mjacksonw	Jackson Wilkinson	2173
8165542	igor	Igor Faletski	3500
12741	danrubin	Dan Rubin	40782
12942	fling	Brian Fling	5275
7259	DaveO	David Orchard	1026
15651516	yaeger	Brian Yaeger	2846
17923546	mojaveband	mojave	1571
1320651	danearniebrown	Dane Brown	510
1599841	DuaneStorey	Duane Storey	2878
12158	drewm	Drew McLellan	8605
949521	stop	Doug Bowman	307986
10010492	sarahphymn	Sarah Feidt	364
15002221	camcavers	Cam Cavers	1583
752673	jeresig	John Resig	191098
12877	bixby	Mark Bixby	12275
33363	Eris	Eris Stassi	4573
35253	Stv	Steve	1696
7415622	toddsieling	Todd Sieling	97
11114122	suzannelong	Suzanne Long	1503
1254381	AndreCharland	Andre Charland	2447
33923	cameronmoll	Cameron Moll	50081
99843	johnallsopp	John Allsopp	10484
13893	inevernu	Patrick Tanguay	1815
12028	AaronGustafson	Aaron Gustafson	11462
1235521	timbray	Tim Bray	32735
9361392	robweychert	Rob Weychert	4375
817141	cwilso	Chris Wilson	5496
1760431	louisrosenfeld	Louis Rosenfeld	16899
680703	saila	Craig Saila	2918
33233	cookiecrook	James Craig	2386
14493	gleyseele	Geert Leyseele	1041
676363	brianleroux	xno uq	14512
13476	nep	Travis Smith 	2495
772759	tiffehr	Tiff Fehr	1889
10821	bmann	Boris Mann	6850
759445	mary13	Kathleen Moynahan	837
12491	feather	Derek Featherstone	12444
763281	TheAdnostic	Lauren Isaacson	1159
10714	maxine	Maxine Sherrin	2576
12815	vpieters	Veerle Pieters	193574
74523	mikeindustries	Mike Davidson	19260
11661	Hicksdesign	Jon Hicks	34300
646533	meyerweb	Eric A. Meyer	86157
4833	simplebits	Dan Cederholm	89242
