188489986	MyITpros	MyITpros	307
3191956576	AOSINCCT	AOS Inc.	5
29541061	ericbrendan	Eric Smith	493
851505277	CloudianStorage	Cloudian	1786
446541402	segundoatdell	Segundo Ramos	321
242395794	DataSystemsPT	DataSystems	104
487772657	Integre_TI	IntegreTI	877
81880530	NetWize	NetWize	40
130033813	ITGCT	ITG	6562
121533920	Circleit	Circle IT 	443
36489479	DCSNY	Delaney Computer Svc	156
498834800	MatrixIntegrati	Matrix Integration	95
15860016	2healthguru	Gregg Masters	13951
396365748	DShaywitz	David Shaywitz	5480
369485106	emanageltd	E-Manage Limited	12
2826578413	John_Mullen1	John Mullen	70
1329302119	CTIinNYC	CTI	78
576510828	raman_sapra	Raman Sapra	30
88982108	puppetlabs	Puppet Labs	55198
1265625780	pivotalcf	PivotalCloudFoundry	4300
213629787	ceroonetech	Ceroone Technology	505
30466743	jjohnson757	Jeremiah Johnson	183
1231236098	DianneTAtDell	Dianne Tongco	706
2485079839	Dominic_Ryles	Dominic Ryles	104
55211769	Miguel4000	Mikael Green	83
174921178	AndreAtDell	Andre Piazza	2061
86397539	HPCatDell	Dell	2324
348963612	RodMatDell	Rod Mercado	639
40647143	DanMoz	Daniel Morris	648
2289017779	JohnByrneCSO	John Byrne	4694
2917817233	ClaudiaAtDell	Claudia Donaghey	61
1523575334	SysTechITSol	Systech IT Solutions	190
1090998985	ct_hutcheson	Curtis Hutcheson	119
2180123174	DellBizSA	Dell South Asia Biz	12348
16723798	joshoward	Josh Howard	905
71272475	SteveHAtDell	Steven Holmes	113
15691751	healdpaul	Paul Heald	240
164274882	Invincea	Invincea, Inc.	20026
588789234	MarvinBlough	Marvin Blough	66
461565477	Betsy_Atkins	Betsy Atkins	86
247136211	AprilAtDell	April Renfro	205
308617438	learatdell	David Lear	474
2591844625	myliophoto	Mylio 	1432
14239157	Mashery	Mashery	8509
811120940	CatJanisko	Cat Janisko	965
2300278368	MayorSteveAdler	Mayor Steve Adler	2114
2399839410	JohnLHAtDell	John L Howard	323
15756802	soniaarrison	Sonia Arrison	3324
57077591	JasonMacHTC	Jason Mackenzie	9713
2914218329	TXCompetes	Texas Competes	263
82645664	SolGran	Solutions Granted	29
51205137	benbernanke	Ben Bernanke	39164
253582818	gregfenves	Greg Fenves	2035
63723304	t10ake	Tim Loake	210
83268766	brent_BWD	Brent Doncaster	433
177227106	DrJCL	J. Craig Lowery	108
1230942216	SameerAtDell	Sameer Shah	173
20656014	peakscale	Tim Freeman	3290
903633602	GordonDatDell	Gordon Davey	458
423485925	Wyse_DACH	Dell Wyse DACH	2662
7702032	ujjwalr	Ujjwal Rajbhandari	120
15790962	davemooney	Dave Mooney	144
14193957	campbellmcneill	campbellmcneill	338
276752463	fef1f0	James Thomason	1029
222901459	CloudsAreGo	Scott Powers	243
18181408	subreyes94	subreyes94	460
22657889	DavidAngwin	David Angwin	361
2960966555	platformnet	The Platform	890
19677097	judgewebb	Jennifer Webb	695
37778253	krmarko	Kurt Marko	1824
1735138458	ChelseaAtDell	Chelsea Rigney	204
1362062018	MikeOatDell	Mike ODonnell	241
1390192717	SerahMatDell	Serah Melton	286
110863062	brentschlender	Brent Schlender	586
519262288	ApacheMesos	Apache Mesos	9936
19097512	pivotallabs	Pivotal Labs	19260
18697326	cloudfoundry	Cloud Foundry	56742
1132876218	pivotal	Pivotal	22599
36093693	wattersjames	James Watters	16165
165113012	pauldaugh	Paul Daugherty	2936
2355461263	Paul_Maritz	Paul Maritz 	3211
850339579	GuptaMun	Munish Gupta	311
561194567	johnkthompson60	John K. Thompson	584
3033459788	DrTomHill	Thomas Hill	97
552137449	BKrameratDell	Barb Kramer	597
537236777	DianeatDell	Diane Eisbrenner	585
377277951	AndreaAtDell	Andrea Newman	413
563858944	EllenDavatDell	Ellen Davalos	350
368671294	DalhiaatDell	Dalhia Rodriguez	1074
197197745	PaulaAtDell	Paula Gill	438
1605958584	VandanaAtDell	Vandana	738
2507108598	LinaAtDell	Lina Hsieh	137
2336991662	EannaODAtDell	Eanna ODowd	208
1427632663	NicolaBatDell	Nicola Bogle	189
1931253374	BearAtDell	Ian Clatworthy	288
1931333564	MarkMileyAtDell	Mark Miley	191
1875989714	StephenDAtDell	Stephen Daborn	211
1949435054	SarahOAtDell	Sarah O'Donnell	572
2729350088	edwowen	Ed Owen	198
2777640412	AlanStatistica	Alan Herron	89
987391748	DellBigData	Dell Info Management	1455
158445603	shannonatdell	Shannon Caldwell	542
297422253	NickHyner	Nick Hyner	163
619822204	PaulLPerez	Paul Perez	67
24949868	KEMPtech	KEMP Technologies	5213
18156803	fasanophil	Phil Fasano	694
2250877146	IIConsortium	IIConsortium	1787
132169200	IEdatasolutions	Data Solutions	452
19291441	GovAbbott	Gov. Greg Abbott	56698
774757	polvi	Alex Polvi	3462
107795399	adriangrenier	Adrian Grenier	338781
273409129	BENCatWork	Benjamin Christensen	95
21071429	anjamonrad	Anja Monrad	476
2338131810	TownsendNiamh	Niamh Townsend	97
2387071694	BenedikteLeroy	Benedikte Leroy	112
2330419269	DenisLatDell	Denis Lucey	162
488013085	vworkspace	Wyse vWorkspace	275
9273802	profgalloway	Scott Galloway	18405
362483504	RoryRead	Rory Read	144
15227849	semil	Semil	30449
539104576	peterwsinger	Peter W. Singer	11612
27072890	jimgant	Jim Ganthier	241
5695632	BuzzFeed	BuzzFeed	2257853
2871177111	immifin	IMMIGRANT Financial	45
158135219	skupor	Scott Kupor	4200
179167193	Exablox	Exablox	607
2980119614	LaurentBAtDell	Laurent Binetti	108
202968305	jamesdotcuff	James Cuff	1657
350987335	KeithKrach1	Keith Krach	1008
1449421760	JeffSonnenfeld	Jeffrey Sonnenfeld	793
2916867288	billmcraven	Bill McRaven	5029
81165031	FutureCrimes	Marc Goodman	7409
227406408	BryanBarksdale	Bryan Barksdale	1104
1683750643	TheScottPainter	Scott Painter	1185
2821417461	SiliconHBO	Silicon Valley	52025
238319766	chrisrock	Chris Rock	3296638
21771443	rickschindel	Rick Schindel	98
17286919	almendez	almendez	273
14980519	rgmarkey	Rob Markey	2629
33600887	wwp	#WWP	156945
25645004	michtodd	Michele Todd	33015
56099264	guitar66man	Jason Cook	68
2385144433	HenrikAtDell	Henrik Thomsen	106
1080101773	PeekJeannine	Jeannine Peek	99
138398495	TaurusCC	Taurus Clearer Comm	324
2561484152	ExertisVAD	ExertisVAD Solutions	168
42984798	MULTICOMP	Multicomp	248
1534220064	JanetatMSDF	Janet Mountain	24
11760142	MeganatMSDF	Megan Matthews	61
390320838	DrAliyaatMSDF	Aliya Hussaini M.D.	99
15928389	johnhering	johnhering	2094
186465899	eamonmoore	Eamon Moore	793
176804167	emitsolutions	E-MIT Solutions	1431
569890048	CarolineAtDell	Caroline Canu	556
571027923	innodata	Innodata	920
97242003	suzanne_doughty	Suzanne Doughty	2229
1606609736	NazliYuzak	Nazli Yuzak	873
378008785	Chorhummel	Ansgar Chorhummel	81
562680597	mi_leijun	leijun	3231
2352239539	SteveMollenkopf	Steve Mollenkopf 	75
15319103	cmschroed	Chris Schroeder	6836
819028964	DormRoomFund	Dorm Room Fund	1902
170028220	StorageZar	Henry Baltazar	1056
166613020	shree_dandekar	Shree	361
1977735872	TimGAtDell	Tim Griffin	610
28870274	jeffharbach	Jeff Harbach	1894
22252123	Schuckenbrock	Steve Schuckenbrock	123
15936528	bazaarbrett	Brett Hurt	7574
237316088	bcxglobal	Business Connexion	2220
185167618	ElmecTwitt	Elmec	647
23434774	EdmondLococo	Edmond Lococo 	2930
394129826	RoderickLappin	Roderick Lappin	1139
20348377	jeffweiner	Jeff Weiner	238319
1383206232	jamiesmiller	jamie miller	1512
14761795	TEDchris	Chris Anderson	1703635
197594920	RahmEmanuel	Rahm Emanuel	114696
34714943	Inteliot	Intel IoT	47302
6708952	SteveCase	Steve Case	739565
50940456	kaifulee	Kai-Fu Lee	1369285
382685028	SRuhle	Stephanie Ruhle	25963
65055803	heidimesser	Heidi Messer	794
254136706	CoryTV	Cory Johnson	24312
16286989	ssankar	ssankar	1084
1324715352	DellAnalytics	DellGlobalAnalytics	155
83483888	llebeel	Lee Bell	1227
898301664	michaelsantoli	Michael Santoli	13180
10268122	vsikka	Vishal Sikka	34120
16880077	KevinAtDell	Kevin Peesker	303
520820873	dellCANsme	Jeff Davey	257
457984599	BreitbartNews	Breitbart News	216127
250205792	SHO_Homeland	Homeland	165803
233704756	scarletfu	Scarlet Fu	19010
110974198	BettyWLiu	Betty Liu	36745
1347071545	MelissaLeeCNBC	Melissa Lee	42202
253214783	erichutto	eric hutto	102
1703007992	BillRMcDermott	Bill McDermott	15948
2752375806	WinnersDream	Winners Dream	412
7717612	Wharton	The Wharton School	152874
8962882	Jessicalessin	Jessica Lessin	56845
30889727	UN_DSD	United Nations DSD	48904
46401890	Ntiva	Ntiva	223
533488644	dpsolutions_MD	DP Solutions	128
26292671	npdgroup	The NPD Group	10024
15888103	brittanypodolak	Brittany Podolak	889
400344850	JamesStewartNYT	James B. Stewart	2148
15211440	editingwhiz	Chris Preimesberger	7072
16018805	jswartz	Jon Swartz	21124
221413260	JoannLublin	Joann Lublin	1743
33637947	tysoncole	tyson cole	5047
125356532	stephengandel	Stephen Gandel	2863
19821575	dfferguson	Donald F. Ferguson	285
68087176	bryanbma	Bryan Ma	1049
86351835	mappingbabel	Jack Clark	6829
15127046	sriana	Srikanth Velamakanni	749
18511847	pulvermueller	Patrick Pulvermller	262
296338717	jordanrcrook	Jordan Crook	12755
20151189	rsafian	Robert Safian	6760
58550415	charlierose	Charlie Rose	127011
2420500610	DellFederal	Dell Federal	262
366264621	tsp3355	Tracy Pavillard	73
20242030	JamesGatDell	James Gibb	497
110742456	BradCasemore	Brad Casemore	2197
250722893	bkrunner	Brian Krzanich	5093
152000706	Oxcanhosting	Oxcan Hosting	226
94014195	ExigentAU	Exigent Enterprise	204
480049675	CumulusNetworks	CumulusNetworks	3315
1377213204	Esprinet_Ita	Esprinet Italia	212
245776659	TarsusOnline	Tarsus Distribution	1352
19093592	bdunlevie	Bruce	752
18336912	Curvature	Curvature	2197
868682364	upthere	Upthere	650
75974281	SamuelLJackson	Samuel L. Jackson	4973441
388576668	FundersFounders	Funders and Founders	18945
587675714	LilienSystems	Lilien Systems	126
481222004	DetronICT	Detron ICT Groep	732
30385064	cj_desai	cj desai	1966
863797014	youngdchris	Chris Young	1730
2363281638	LitkeP	Pat Litke	83
995848285	nginx	NGINX, Inc.	10180
16370204	jyarow	Jay Yarow	18286
1492685371	Td_africa1	Tech Distributions	397
10742502	meporter	Matthew E. Porter	1429
15235550	contegix	Contegix	1031
14479992	skrenta	Rich Skrenta	3394
22176957	Stibel	Jeff Stibel	4207
3475	davemorin	Dave Morin	452924
1227920058	DJIGlobal	DJI	332742
12068872	kritika88	Kritika Kulshrestha	210
41073333	DataSec	Data-Sec	77
437312750	abundancehub	Abundance Hub	2825
574032254	coinbase	Coinbase	53304
1377373945	DRAFTinvest	DRAFT	780
362001761	walsh_	Paul J. Walsh	321
21911830	harshacharya	Harsh Acharya	165
545992041	DellFDP	Dell FDP	412
333609714	hammerplc	Hammer	323
39323421	JCPAtDell	John Pflueger	595
27934842	FIRSTweets	Official FIRST 	20557
1488630799	thync	Thync	25839
2214840878	kotlersteven	Steven Kotler	4113
15919988	xprize	XPRIZE	31214
14710129	PeterDiamandis	Peter Diamandis	69856
104375321	CookCherylS	Cheryl Cook	450
21839165	avilaintegrador	AVILA	17975
17595439	chr1sa	Chris Anderson	161123
414920893	Par4Technology	Par 4 Tech Group	145
20776696	JoeFinder	Joseph Finder	17414
806715	cathcam	Mark Cathcart	467
28838313	MC_Courtney	Matt Courtney	174
20700670	andyhardy	Andy Hardy	489
102625565	martin_gruening	Martin Grning	201
18937820	SteveatDell	Stephen Dempsey	303
606285778	AirtonAtDell	Airton Leal	478
179305597	MatthewatDell	Matthew Bobrowski	949
307363037	JuanJoatDell	Juan Jos OLIVER	729
347394680	GabbySilberman	Gabriel Silberman	144
22130315	rs5708	Richard Strong	231
394902228	sarahshields2	sarah shields	609
14783812	guyharrison	Guy Harrison	765
1566891	KevinMGreen	Kevin M Green	1890
16910215	Bodel	Bill Odell	664
12479702	codylowry	codylowry	304
222556328	ManAtDell	Manesh Manickam	154
138759992	kjordan59	Kevin Jordan	259
310645851	TCraigR	Craig Richardson	1634
270539376	CNeillAtDell	Chris Neill	188
220884717	massrelevance	Mass Relevance	8805
15537003	samdecker	Sam Decker	17481
104952689	LaMonicaBuzz	Paul R. La Monica	38404
78968315	Channel_Online	Channel Partners	6283
71072742	XYPROTechnology	XYPRO Technology	396
233202850	Bandtelectronix	B&T Electronix	505
467553308	OCSL_UK	OCSL	774
291456832	SureBridge	SureBridge	231
195792909	eliteprintm	ElitePrintManagement	421
69552561	KeltecLimited	Keltec	870
130573830	RedRvSolutions	Red River Solutions	480
434993704	PartnersHP	HostingPanama 	37
137840552	TSGltd	TSG	1437
86259963	vantronix	.vantronix 	211
156653773	eNet_sa	eNetworks	793
356057141	cwesolutions	CWE Solutions	1061
196981405	northwaysg	Northway Solutions	2455
1298967554	TahexLtd	HP Partner	94
357075684	AdvizeX	Rolta AdvizeX	790
462122963	CDWCorp	CDW Corporation	35764
119522471	cbtechinc	CB Technologies, Inc	609
22676920	CompuCom	CompuCom	1169
270472048	CDILLC	CDIntegration	652
304954357	renstrat	Renegade Strategies	203
163472308	AllLineTecH	All Lines Technology	15
23495469	GovConnection	GovConnection	448
1117156814	IISTech	IIS	1416
25616284	MobiusPartners	Mobius Partners	110
353127628	Logicalis	Logicalis	1149
397369015	Iron_Bow	Iron Bow	664
143476317	MoreDirect	MoreDirect	590
132211270	RGS_EdTech	RGS EdTech	914
1172778739	SHICloud	SHI International	75
237863104	ergonomicgroup	Ergonomic Group	264
46088627	ResellerNetwork	TheResellerNetwork 	12888
239988952	Nth_Gen_CA	Nth Generation	62
78613092	Staples	Staples US	308688
18948450	LongViewSystems	Long View	2371
74500072	ProSysCom	ProSys, Inc.	135
102801468	nowmicro	Now Micro	494
136076107	EllipticSystems	Elliptic Systems	83
46397043	mindSHIFT_Tech	mindSHIFT	1933
54394876	redapt	Redapt	859
176447506	jeffotchis	Jeff Otchis	339
14654455	mspmentor	MSPmentor	14808
19924730	MicroTech	MicroTech	3473
17839781	VR6Systems	VR6Systems	28
89734482	STI_KC	StallardTechnologies	144
1117410834	DariusAtDell	Darius Telfaire	23
1230894942	SharonNAtDell	Sharon Nabhan	94
35036775	MCWilsonAtDell	Mary C Wilson	233
161277422	LinkCompCorp	Link Computer Corp.	51
18480234	metafore	metafore	489
456163277	MR2Solutions	MR2 Solutions	95
21116085	MNJTechnologies	MNJ Technologies	1543
18480350	microagecanada	microage	155
262305474	MVSConsulting	MVS, Inc.	54
124188353	netSafeTech	netSafe	33
166267013	OnXtweets	OnX	1195
308594026	Paranet	Paranet	911
386720226	Pivasys	Pivasys	448
235192586	pinncomp	Pinnacle Computer	101
243337906	_Qumulus_	Qumulus Solutions	49
455860918	RadiantResourc1	Radiant Resources	135
216065568	RayMorganCo	Ray Morgan Company	246
302976654	RGTS_USA	RGTS	130
15661876	TheRevereGroup	TheRevereGroup	82
289211791	RetroFitTech	RetroFitTechnologies	20
95251159	SAITServices	SA IT Services	126
163893115	scalardecisions	Scalar Decisions	855
279102290	TotallySmart	Smart Computing	145
244314101	SoccourBlue	Soccour Solutions	49
65544255	ZACSol	ZAC Solutions	56
260751341	SterlingComp	Sterling	120
28393689	swiftecit	SwiftecIT, Inc	140
525659734	StraTechNews	Datalink	61
139780723	Synaptyk	Synaptyk Networks	596
29244563	tagsolutions	TAG Solutions, LLC	102
22977264	TranscendentLLC	Transcendent	1590
201297777	VCommSpec	VCommSpec	17
25410823	virtualinsight	Virtual Insight	169
216897033	VirtuITSystems	VirtuIT Systems	29
300349641	XCELit	XCEL Professional	97
161768280	WEI_com	WEI	173
112844383	ZYCOMTechnology	Zycom Technology Inc	220
192735244	Zones	Zones, Inc.	1381
104391252	Mark_ChannelGuy	Mark Cox	959
175416474	netechcorp	Netech Corp	271
717682843	FordwayJon	Jon Beck	1541
1872921709	EnterpriseTek	EnterpriseTech	1593
2543336610	MicroPcSystems	Micro Pc Systems 	5
15840909	northropgrumman	Northrop Grumman	84569
719907931	it_west	IT West	1048
37623654	pironet_ndh	PIRONET NDH	1098
54830923	Hosteurope	Host Europe GmbH	3270
88497991	qhag	QualityHosting AG	66
23078657	choicesolutions	Choice Solutions	192
180271683	extensysinc	Extensys	176
14492722	yegg	Gabriel Weinberg	19183
740719345	jrbarrat	James Barrat	3831
137842897	buyitdirectcom	Buyitdirect.com NV	320
121167015	Solitee	Solitee B.V.	322
191811373	thebestitdeals	IT-hardware.nl	976
24006733	Acclinet	Acclinet Corp.	533
508892716	MTechData	M-Tech Data	664
17785713	itosolutions	itosolutions.net	709
472256563	wendynatdell	Wendy Nankeville	565
256573865	JonahHill	Jonah Hill	4805337
24668321	sigmasd	Sigma SD	24
240644238	Steveglloyd	Steve Lloyd	136
213810848	GDTWire	GDT	641
359945403	anthonyatdell	Anthony Sayers	1400
373227529	MarcelatDellOEM	Marcel Moelands	439
17744075	Xavier75	Xavier Niel	109301
19515424	michiokaku	Dr. Michio Kaku	413852
304598456	CentreTechs	CentreTechnologies	111
1878876372	Compuindia	Compuindia	101
713565753	Jeff_A_Marshall	Jeff Marshall	17985
773333052	AlexisOger	Alexis Oger	430
110546136	nutanix	Nutanix Inc.	34685
450144301	jswainson15	john swainson	201
15839978	Mavenspire	Mavenspire	263
357111514	TheHealthCIO	The Health CIO	789
357110238	TheMidmarketCIO	The Midmarket CIO	1533
1733737411	storagebyeagle	EAGLE Software	83
49113485	BEARData	BEAR Data Solutions	399
78540931	Infinigate	Infinigate	694
338546580	AllianceTechGrp	Alliance Technology 	352
83960594	UnitekEducation	Unitek Education	56
18350619	LaurieSegallCNN	Laurie Segall	16954
2479865522	Noble1Solutions	Noble 1	7
29902710	MadSDell	Madeline Dell	269
21855669	LogicalisUK	Logicalis UK	2422
1230545324	DesignYourEdge	Edge Solutions	234
50321623	IPPathways	IP Pathways	341
163922534	DataStrategyLLC	Data Strategy	273
331043290	PCPCDirect	PCPC Direct 	48
34067052	BedrockTech	Bedrock-Tech	139
586186451	ENSCloud	ens-inc	119
42714405	DRSLLC	DRS LLC	963
16932540	DenaliAI	DenaliAI	726
140577032	universaldata	Universal Data Inc.	78
77046652	Venture_Tech	Venture Technologies	212
162498219	gothinkASG	thinkASG	208
34985546	Lumenate	Lumenate	592
307465141	2theNTH	Nth Generation	99
80386828	VC3Inc	VC3 Inc.	273
1732937886	SovSystems	Sovereign Systems	183
532437304	IPLogicInc	IPLogic, Inc.	41
287853739	QuesTechUSA	QuesTechGlobal	289
185678781	EPICinformation	EPIC Info Solutions	337
37079512	Netelligent	Netelligent	215
40291529	trailsfootmarks	Dheeraj Pandey	7588
1342544270	BillPopp1	Bill Popp	160
2496425370	BillRodatDell	William Rodrigues	107
81172502	DavidtheAdmiral	David Robinson	157903
21637092	yaronbrook	Yaron Brook	8501
2370979777	HaltAMC	Halt and Catch Fire	17598
55489192	ElenoDELLStore	Eleno DELL Store	8547
37776670	Kimsstevenson	Kim Stevenson	9026
28137354	IngramMicroInc	Ingram Micro	13654
20785440	Tech_Data	Tech Data	9716
15949337	SYNNEX	SYNNEX Corporation	7045
31441086	SysCorp	SysCorp	2608
318310062	Kelway	Kelway	3326
973861896	Will_Masterson	Will Masterson	81
145589919	gridstore	Gridstore 	833
18880638	CreativeLive	CreativeLive	139974
465926604	AdaptiveMoab	Adaptive Computing	1298
28101951	JeremyRifkin	Jeremy Rifkin	21334
16930986	joebelfiore	joebelfiore	136443
14594017	Charbax	ARMdevices.net	1752
2422580502	CliffBleustein	Dr. Cliff Bleustein	164
38735404	ClearBlade	ClearBlade	765
17526804	larrydownes	Larry Downes	2456
202628811	Certumltd	Certum Ltd	755
6220862	Kevin_Ashton	Kevin Ashton	5678
1138433539	BBDisruption	Big Bang Disruption	1252
19383954	drnatalie	Natalie Petouhoff	48080
19287869	championsg	Champion Solutions 	365
14229262	MaribelLopez	MaribelLopez	9378
34765046	MeganCynaumon	Megan Cynaumon	1414
2203584242	2MAbook	Second Machine Age	1158
342205730	Evanta	Evanta	446
22225115	accessium	Accessium Group Inc.	120
368386318	TweetSystemat	Systemat	94
119576418	hemenv	hemen vimadalal	149
32205230	blueboxjesse	Jesse Proudman	2823
44182486	jscaramella	Jed Scaramella	668
14600115	royillsley	roy illsley	1656
1852156591	JaneWrightTBR	Jane Wright	178
57759957	SonicWALLUtmTRT	SonicWALLThreatRsrch	692
24606512	petergklein	Peter G. Klein	4986
59650578	ScaleComputing	Scale Computing	2856
14208474	windowscentral	Windows Central	234183
67036953	ivdomi	Ivan Domenech	483
50138936	VelocityTek	Velocitytek	625
127507205	ESITechadvisors	ESI Techadvisors	543
80859326	itgtech	iTG Group	1286
14272480	jpike	Jonathan Pike	390
286614798	AmuletHotkey	Amulet Hotkey	2189
340230362	MartinSatDell	Martin Silvn	205
26977876	ExpertSupportLL	Expert Support LLC	1999
734642138	DellAlliances	Dell Alliances	498
434899721	JanineatDell	Janine Wegner	626
248808554	AmyHatDell	Amy Heiss	3442
1427582077	SeanCareyatDell	Sean Carey	898
1640285570	GGarretsen	Gretchen Garretsen	603
308993699	VeeBatDell	Vee Baker	400
973851726	VictorAAtDell	Victor Aguilar	462
340266749	jadisney	Julie Disney	651
210704304	CyJervis	Cy Jervis	193
480716933	TravisatDell	Travis Bailey	324
73236695	JoanFronske	Joan Fronske	312
199723786	samatdell	Samantha Needham	275
93539137	CheshireAndrea	Andrea Burns	1379
303679007	PatrickGatDell	Patrick Gallagher	723
195636077	DomHoran	Dominic Horan	688
102736251	CoryLewis	Cory Lewis	554
25175984	IsaacMoreno	Isaac Moreno	431
5364532	annhud	Ann Hudspeth	552
278387213	BrandFlair	John D. Boyle	5708
14463307	Amyabaj	Amy Baj	447
14162355	edgyurko	edgyurko	582
15837520	Liz101	Elizabeth Catherwood	1567
17654580	boredofwords	jehnny kay	138
37514128	jaimeerubio	Jaime Eduardo Rubio 	689
14266934	Alison_Bullock	Alison Bullock	580
39264492	liamhalpin	Liam Halpin	552
17418239	rpilney	Roger W. Pilney	2063
18244310	mariaburpee	mariaburpee	1183
273902585	PeterTatLarge	Peter Trevaskis	840
15939881	SueatDell	Sue Collard	561
473987163	IvanAtDell	Ivan Nekrasov	1253
48668704	LukeMAtDell	Luke Mahon	280
191964204	SEMIgb	Stanislao Bianchini	43
267299344	DELL_Italia	DELL Italia	1391
1372109899	KlemenLatDell	Klemen Lavrisa	99
2151014774	DellConsulting	Dell Consulting	123
817077511	MaddyAtDell	Madeleine Hudson	233
2250722850	HerbertSAtDell	Herbert Smals	59
802944374	DellConverged	Dell Converged	730
284698938	Dell_WM	Dell Windows Mgmt.	758
1299143851	CookieAtDell	Sarah Cook	136
303717166	MarcosatDell	Marcos Manzano	195
301900841	FergusatDell	Fergus Murphy	396
150212556	DELLFrance	DELL France	2603
1585643413	DellSolCenters	Dell Solution Center	244
133012589	eriktessem	Erik Tessem	227
271467187	SCC_UK	SCC	1127
1342063483	WilliamaAtDell	william aranda	154
72927007	AnneCathrine80	Anne-Cathrine	61
221113607	K_Danilo	Karolina	99
108390234	GeneatDell	Gene Chesser	214
10412092	michaelratDELL	Michael Rufer	276
2353436449	LuigiAtDell	Luigi Lenguito	933
49425076	c1systems	c1 Systems	200
213259606	BenMcAtDell	Ben McDonald	513
15288527	glennodonnell	Glenn O'Donnell	3347
1694368478	Nimble_Suresh	Suresh Vasudevan	923
1727972624	NicolaSAtDell	Nicola Scheibe	72
262601464	denkitgmbh	Denk IT GmbH	16
35203319	evankirstel	Evan Kirstel	15629
20523846	riotgames	Riot Games	884248
962708772	NPDSteveBaker	Stephen Baker	290
50438579	algillen	Al Gillen	1610
1327209818	Kart_Lisa	Lisa Kart	741
21179268	egottheil	Ezra Gottheil	477
15778092	markbowker	markbowker	2112
43432469	magillett	Mark Gillett	667
40252549	susiegrandi	Susie Grandi	533
15907200	eladerman	eladerman	284
50027750	stacyatdell	Stacy Hower	290
17602623	jimhahn	Jim Hahn	418
7024672	orchid8	Sarah Vela	3556
18741761	maddenjohn	John Madden	144
234135248	CraigatDell	Craig Musheno	342
342661978	AundreaAtDell	Aundrea Grumbo	409
99971331	chrissysee	Chrissy See	134
22167855	simpleisbetter	Darin Bartik	264
98432604	alertsource	John Whittaker	861
16256886	MonaTweeting	Mona Charif	428
142377174	SusanTatDell	Susan Torbitt	1249
46490457	SarahMatDell	Sarah Mercer	1229
353963359	451wendy	Wendy Nather	8207
573518696	JeffreyLush	Jeffrey Lush	66
785068092	NnamdiatDell	Nnamdi J. Orakwue	201
18193080	MichelleWatDell	Michelle Wendling	162
1588539188	StevnPhillips	Steven Phillips	701
539322653	ChrisMcNabb1	Chris McNabb	112
298162403	BigSurTech	Big Sur Technologies	316
298162403	BigSurTech	Big Sur Technologies	316
11581462	jhurwitz	Judith Hurwitz	11443
377380465	DellLytter	Dell Lytter	548
633238141	mjmauboussin	Michael Mauboussin	10360
28402887	CapitalObserver	Tsachy Mishal	3737
93940549	DaveTheFuturist	Dave Evans	11344
15935497	pineyro	pineyro	210
78373037	DanVesset	Dan Vesset	5729
65710764	conradoeduardo	Eduardo Conrado	1579
259725229	ValaAfshar	Vala Afshar	70433
106071399	obussmann	Oliver Bussmann	12327
324449111	aseldow	Adam Seldow	772
14803029	carlyjeane	Carly Tatum	1858
2161524385	DellMilitaryUS	Dell Military US	3809
22785567	Canalys	Canalys	3422
1119832537	Prakash_Gemalto	Prakash Panjwani	515
482100632	DellServers	Dell Servers	2102
55331112	fnorrod	Forrest Norrod	33
2420837960	ThreadCampus	Thread	2047
219187557	landercg	Lander Coronado	184
219187557	landercg	Lander Coronado	184
53157306	nairsid	Sid Nair	858
95540582	jimbottum	Jim Bottum	1020
18111696	gjouret	Guido Jouret	432
461242546	ncats_nih_gov	NCATS	4763
7346482	SashaStrauss	Sasha Strauss	5435
142448676	DMWT_Program	DontMessWithTexas	35787
582763007	MessageOne2015	MessageOne	296
103308922	ericvanthoff	Eric van 't Hoff	771
15008449	amcafee	Andrew McAfee	31999
216881337	RandPaul	Dr. Rand Paul	620293
244226072	VMMaxwell	 John Maxwell	462
1348378610	JRCumulus	JR Rivers	1451
2247576253	Guru_HQ	Guru	689
2244578772	DealingPhelan	Sean Phelan	197
80870784	bvenero	Bob Venero	175
202461448	bkass123	Brian Kasser	195
24974525	fdesouza	Francis deSouza	1545
87071732	TheKanter	David Kanter	920
22404415	headhntr	Morgan Mayhem	12452
843833473	JenniferNAtDell	Jennifer J Newbill	1558
45055902	ArmughanAA	Armughan Ahmad	647
934681	JoshuaBaer	Joshua Baer	23427
52098955	CareersAtDell	Life At Dell	11586
226348151	LinkedInPulse	LinkedIn Pulse	87859
16896485	Inc	Inc. 	1286591
11043972	vilpponen	Antti Vilpponen	8744
15264132	Jim_Duffy	Jim Duffy	2891
16686138	shootman	Alex	1458
58055292	dashertech	Dasher Technologies	677
170067885	HPMnetworks	CANCOM HPM Networks	240
930625267	MikeJudge	Mike Judge	71928
2298279602	EagleEyeCloud	Eagle Eye Networks	447
19289985	StatSoft	StatSoft	2760
10324882	sweetlew	Lew Cirne	4106
17989394	DellIreland	Dell Ireland	7705
168282354	BillRuh_GE	Bill Ruh	3677
292515375	GEsoftware	GE Software	13392
321467738	AllAnalytics	All Analytics	10213
16534327	Claudia_Imhoff	Claudia Imhoff	17100
193030139	eric_kavanagh	Eric Kavanagh	43851
54251435	DanBenton	Dan Benton	2469
448191691	DellAyudaPRO	Dell Ayuda PRO	3633
15992174	michaelgervais	Michael Gervais	4989
28351350	kobalt	Kobalt Music	13005
59173803	elizabgore	Elizabeth Gore	3718
20571756	satyanadella	Satya Nadella	432306
18530484	UnitedHatzalah	United Hatzalah	2468
6148472	seanrad	Sean Rad	5920
341251022	RebelMouse	RebelMouse	98358
58629339	scott_dietzen	Scott Dietzen	2320
2244340904	Recode	Re/code	164506
106878438	ErikSchatzker	Erik Schatzker	21047
528550535	DrStephenPont	Stephen Pont MD, MPH	1497
1060578475	lionelbarber	Lionel Barber	24201
20890435	nlevchin	nellie levchin	773
42944430	DovSeidman	Dov Seidman	4651
1881168794	theinformation	The Information	13479
183279521	ScottMinerd	Scott Minerd	19550
13521702	DavidKirkpatric	David Kirkpatrick	29144
15102774	kymbee	Kym McNicholas	52758
15875944	cmcnulty2000	Chris McNulty	2914
5943622	pmarca	Marc Andreessen	324448
230287527	evanspiegel	Evan Spiegel	32538
14202711	mattcohler	Matt Cohler	35589
9729502	travisk	travis kalanick	80103
19158135	richkarlgaard	Rich Karlgaard	100907
1444697965	dellcreative	Dell Blue	1021
17573212	thichnhathanh	Thich Nhat Hanh	296003
16367208	Gail_Goodman	Gail Goodman	8714
13895242	adrianco	adrian cockcroft	17895
360109333	WildflowerIntl	Wildflower Intl Ltd	1167
98564917	amirhusain_tx	Amir Husain	931
545353660	DellProSupport	Dell ProSupport	951
28541897	haslund	Rasmus Haslund	5667
31198809	SherWeb	SherWeb	1676
49912277	GHATechnologies	GHA Technologies	724
53152354	bryanwche	Bryan Che	875
1131890647	edfialliance	Ed-Fi Alliance	1169
251799654	kdtwill	Kevin Terwilliger	889
1137701	DavidSacks	David Sacks	39750
66906303	plugable	Plugable	776
18990362	staticcorp	Static Cloud PaaS	874
976327154	WinslowTG	Winslow TG	30
390932159	HeartlandIT	Heartland Technology	189
288882538	iCorps_Tech	iCorps Technologies	443
123027229	PaulRClifford	Paul R. Clifford	119
16447194	RyanSGray	Ryan Gray	338
171515023	bcoleDG	Brandon Cole	182
282736232	GreenPagesIT	GreenPages	1106
23959776	Globoforce	Globoforce	13410
38373810	petemalcolm	Pete Malcolm	132
15351089	ditlev	Ditlev Bredahl	5829
68655876	nativespace	nativespace	665
99094840	OnApp	OnApp	5541
2207485243	MariusHaas	Marius Haas	1286
163559525	onpartech	OnPar Technologies	458
48095962	dellevents	Events at Dell	5147
473169188	RichardNAtDell	Richard Nicholson	1476
1101699044	Tuangru	Tuangru	359
378472807	NicolaiMoresco	Nicolai Moresco	133
14627400	RedHatNews	Red Hat, Inc.	68204
318138288	alliedewsays	Allison Dew	7314
90975074	vGuyUK	Guy Chapman	514
408010689	KevinMatDell	Kevin M Jones	87
56596913	sureshvaswani	Suresh Vaswani	3407
2159028525	EricClark_Dell	Eric Clark	127
36327567	DellDFEUK	Dell EntrepreneursUK	5315
266786132	benuretsky	Ben Uretsky	2020
11256712	Datapipe	Datapipe	10294
8695992	linode	Linode	38232
457033547	digitalocean	DigitalOcean	92369
413930225	DellNLTalent	Werken bij Dell	813
322367805	MaxKoizumi	Masahiko Max Koizumi	10323
31503269	suaadsait	Suaad Sait	1217
41688756	MSPAlliance	MSPAlliance	4175
7798232	benkepes	Ben Kepes	21000
277573093	BryanatDell	Bryan E. Jones	972
8333512	tonylucas	tonylucas	1521
818315	wif	william fellows	1181
90651198	GregAbbott_TX	Greg Abbott	67889
110520327	asymco	Horace Dediu	48844
28197765	jaredwray	Jared Wray	2409
28151643	centurylinkcld	CenturyLink Cloud	2508
1957742029	ChrisOrlandoSMX	Chris Orlando	173
91567620	matthewwolken	Matthew Wolken	524
45604945	mobonner	Monique Bonner	406
1233663476	stratechery	stratechery	12917
40273	benthompson	Ben Thompson	25502
14333690	DavidLinthicum	DavidLinthicum	25440
33486430	IAmOnDemand	Ofir Nachmani	2933
19236078	ReneBuest	Ren Bst	2811
15571033	seats	Jason Seats	4066
6433932	Gaugi	Andreas Gauger	507
64816316	jmorrisroe	Jim Morrisroe	251
14274765	rallendp	Robb Allen	97
80523	jmckenty	Joshua McKenty	7055
240768319	Piston	Piston	6364
1138959692	docker	Docker	61422
43696594	m_kumagai		70735
238361425	tburnssocal	Tom Burns	1396
99976232	ramonapierson	Ramona Pierson	1921
1669850106	stateless_self	Robert Jenkins	106
78414692	CloudSigma	CloudSigma	22854
1703420828	MattTMedeiros	Matthew Medeiros	340
14934331	mHingley	mHingley	1686
21166244	BrandonBeck	Brandon Beck	41480
296687085	MarcusLindqst	Marcus Lindqvist	44
155869778	LeaseWeb	LeaseWeb	5973
290971726	olesovhcom	Octave Klaba / Oles	25066
577401044	LeagueOfLegends	League of Legends	2239135
771300307	DellChannelEN	Dell Channel Europe 	1387
37959591	PalantirTech	Palantir	13886
125851778	dudenelson	Dean Nelson	635
82078517	SQLRich	Richard Douglas	1069
1583265740	AongusatDell	Aongus Hegarty 	1379
590624915	GoCSTech	CSTech	94
218571680	cloudyn_buzz	Cloudyn	4764
66528154	mikeshinoda	Mike Shinoda	598715
424551492	DrAndyLitt	Dr. Andrew Litt	799
19289343	CarpathiaHost	Carpathia	3041
23826088	Apperian	Apperian	3495
20666474	exicon	Exicon	1664
49279876	nfergus	Niall Ferguson	82704
19310851	thinkstrategies	Jeff Kaplan	6694
15734027	riptari	Natasha	10675
15425183	etherington	Darrell Etherington	17653
8727082	chrisvelazco	Chris Velazco	7837
18645961	antonwahlman	antonwahlman	547
19343841	wfrick	Walt Frick 	4684
231892709	scalematrix	ScaleMatrix	516
332465799	jbmason24	Jeff Mason	623
161743731	RepKayGranger	OfficeofKayGranger	8580
17061842	smbnation	SMB Nation	4525
15856366	LamarSmithTX21	Lamar Smith	13207
24735461	PeteSessions	Pete Sessions	15327
18030431	JudgeCarter	JudgeCarter	10976
76937259	mikrotik_com	MikroTik	9843
138182116	trish_regan	Trish Regan	46661
19803365	NicoleLapin	Nicole Lapin	103605
16871019	AlisonHarrell	Alison Harrell	126
70709448	consuro	Consuro	599
84682175	JSaylorIII	John Saylor	4738
208155240	MariaBartiromo	Maria Bartiromo 	150677
112441291	DeirdreBolton	Deirdre Bolton	21516
69557974	Optimised_IT	Optimised IT	376
33538043	ransomcenter	Harry Ransom Center	7692
74732486	CompugenInc	Compugen Team	23304
178084043	ITWeapons	IT Weapons	656
107160240	UltraLevel	UltraLevel	321
50771546	SoftBank	SoftBank	282495
369419700	AteaNorge	Atea Norge	1625
16630776	Computacenter	Computacenter	4200
277457418	SoftcatLimited	Softcat Limited	4876
41898847	DanLaws7	Daniel Laws	927
475038906	CANCOM_	CANCOM	652
14090132	PCConnection	PC Connection	2812
27056655	InsightEnt	Insight Enterprises	3297
332323832	SHI_Intl	SHI International	3070
325107732	PomeroyUS	Pomeroy U.S.	290
370255074	wwt_inc	WWT	2422
56843279	T_I_G	TIG	518
93697809	MCPcinc	MCPc, Inc.	832
285723583	FusionStormIT	FusionStorm	756
22152714	ForsytheTech	Forsythe Technology	1724
399572086	ePlus	ePlus	1154
63500721	EnPointeTech	En Pointe 	1331
102132609	SiriusNews	Sirius Computer	1803
46147447	chrischute	Chris Chute	1141
304400794	RayBoggsSMB	Ray Boggs	566
46766818	chetpipkin	Chet Pipkin	1516
106834879	SamHamadehNYC	Sam Hamadeh	1177
53437516	PrivCo	PrivCo	4909
30098016	hbarra	Hugo Barra	30992
14225267	drewhouston	Drew Houston	124412
14172679	hdediu	Horace Dediu	5775
65691824	CarlyFiorina	Carly Fiorina	366753
33477029	infinigateuk	Infinigate UK	401
151848069	StarLinkME	 StarLink ME	527
16701881	GeorgeAnders	George Anders	4849
12219832	lmwalsh2112	Larry Walsh	6178
889475474	DellPowerMore	Dell Power More	1821
1368630792	FidelityTn	Fidelity Networks	487
18958993	Blakei	Blake Irving	13259
471891309	vanessariddle	Vanessa Riddle	98127
112760164	flexiant	Flexiant	2154
207763261	CumuLogic	CumuLogic	590
26491028	Tiffani_Bova	Tiffani Bova	22334
78935044	joshkosman	Josh Kosman	2009
352196868	DellPowerVault	Dell PowerVault	187
17876157	benchestnut	Ben Chestnut	6931
18891923	EricCantor	Eric Cantor	228640
19802653	MichaelWYoung	Michael W. Young	175
6296722	DellUniversity	Dell University	30653
22914540	DellUK	DellUK	6886
65381936	BainAlerts	Bain & Company	67800
34042766	McKinsey	McKinsey & Company	103816
33838201	googleresearch	Google Research	854370
381289719	nntaleb	Nassim NicholTaleb 	99809
62522718	Bill_George	Bill George	27566
14945884	slosee	Stephanie Losee	1951
368103469	AndiKaraboutis	Adriana Karaboutis	2435
18083588	cotterjp	cotterjp	816
783779510	GregRoumeliotis	Greg Roumeliotis	2144
241327263	SoyoungSays	Soyoung Kim	2274
15109693	RichardWaters	RichardWaters	4507
22387220	qhardy	Quentin Hardy	20528
12798452	erickschonfeld	Erick Schonfeld	76584
19291479	ABJEditor	Colin Pope	2029
25709609	tomkeene	tom keene	67046
372761420	SharePointLinda	Linda Holm Honnr	139
14546264	BenBajarin	Ben Bajarin	11501
425329464	blieberfever20	Blake Lieberman	251
1571327390	Interestedapp	Interested	11
1156597340	DellAppMod	Dell's App Mod	954
14230772	matt_levine	Matt Levine	16507
539296619	BigDataBorat	Big Data Borat	19375
263792919	cloud_opinion	..	4882
240368194	skumarus	S. Kumar	10666
14151176	Bajarin	Bajarin	3337
133169256	cloudlock	CloudLock	8677
36680428	BobbiAtDell	Bobbi Dangerfield	701
76455162	s2_williams	Stuart Williams	959
15851563	AndiMann	Andi Mann	13622
817209	davidcohen	David Cohen	111351
89778688	FirstMarkCap	FirstMark	3670
22035385	sutiandong	Sutian Dong	936
247785677	mattturck	Matt Turck	6503
14927543	PatrickMoorhead	Patrick Moorhead	25052
584018828	WesAtDell	Wes Talbert	174
197304674	GreatLakesCompu	GreatLakesComputer	144
887478144	OptioData	Optio Data	205
47460777	DreamHostSimon	Simon Anderson	3286
21066583	CadeMetz	Cade Metz	4485
11918452	mortman	David	4528
6811162	jhmirage	Jeff Hoffman	181
23948946	bernardgolden	Bernard Golden	12993
7736942	botchagalupe	botchagalupe	8269
15717495	GDHadji	George Hadjiyanis	1592
7618952	jamesurquhart	James Urquhart	17812
17049815	DellCloudMgr	Dell Cloud Manager	3665
11665282	GeorgeReese	George Reese	9168
1236101	BenedictEvans	Benedict Evans	74541
619892728	DellChannelNA	Dell Channel NA	1161
5935792	derekcollison	Derek Collison	4386
293089981	Dell_IAM	Dell IAM	972
15017351	ashleygblake	ashleygblake	102
23359201	nocompunction	Kevin McLaughlin	1465
280535201	mvmsan	Momchil V. Michailov	1505
3630501	dgelles	David Gelles	8308
39495487	Dell_IN	Dell India	33903
829442994	JCMcCracken	Jeffrey C. McCracken	3270
164425558	JonErlichman	Jon Erlichman	18570
119372054	BeckyQuick	Becky Quick	93406
553036368	JoeSquawk	Joe Kernen	54981
74130577	emilychangtv	Emily Chang	60288
79298149	PoornimaGupta	Poornima Gupta	2467
21907474	PreetaTweets	Anupreeta Das	14582
186021423	RafaelKnuth	Rafael Knuth	590
223646111	NadiaSpeaks	Nadia Damouni	4196
1135947516	DellMedSchool	Dell Medical School	3584
150656075	PE_Feeds	Sumeet Shah	7050
373598135	mdecambre	Mark DeCambre	1876
396977069	richardbeales1	Richard Beales	656
301559775	SteveGelsi	SteveGelsi	1119
263671861	CristinaAlesci	Cristina Alesci	7003
219433627	ricadela1	Aaron Ricadela	657
16955517	dealbook	DealBook	97938
9089942	m_delamerced	Michael de la Merced	12303
44196397	elonmusk	Elon Musk	2148332
213413457	StevenDavidoff	S. Davidoff Solomon	4506
358377682	serenasaitto	serena saitto	3620
1045751	ahess247	Arik Hesseldahl	23486
16228398	mcuban	Mark Cuban	3029053
305771333	jasonkellynews	Jason Kelly	2368
528833560	davidcareynews	David Carey	1200
19219421	RolfeWinkler	Rolfe Winkler	7419
114599241	DaveCBenoit	Dave Benoit	8291
80875090	sharonterlep	Sharon Terlep	1530
1051113254	jgfarb	Jeffrey Goldfarb	1009
24664903	PrimalPursuits	Grant Schultz	6798
140912249	davidfaber	DAVID FABER	76825
16246929	danprimack	Dan Primack	49849
68739089	CGasparino	Charles Gasparino	47340
35936474	KDTrey5	Kevin Durant	10257402
887603995	JulietteBrookeD	J	287
16046825	marytmcd	Mary T. McDowell	244
188591875	AmbassadorRoos	John V. Roos	57020
102719975	C_P_Gurnani	CP Gurnani	9516
102700680	Davos	World Economic Forum	334721
976425246	LearnDell	Education Services	185
12467032	JayBoisseau	Jay Boisseau	597
5668942	sarahcuda	Sarah Lacy	101489
246368526	BCG_Consultant	BCG_Consultant	14806
10760422	daringfireball	Daring Fireball	76562
19170871	ksegall	Ken Segall	5430
14217022	DreamHost	DreamHost	28765
712675249	MichaelDeMarzo	Michael DeMarzo	22
200090706	JoeSatDell	Joe Surak	336
515678871	AlienwareTech	Alienware Support	7355
19573968	mchui	Michael Chui	5621
47539748	Bill_Gross	Bill Gross	141782
61359492	JoannMoretti	Joanne Moretti	9124
16300365	Symplified	Symplified	5060
22788962	jonrolls	Jon Rolls	749
9362672	JacksonShaw	Jackson Shaw	1400
21146595	sanderiam	Jonathan Sander	1241
23218988	DellSharePoint	Dell SharePoint	1936
82954652	greg_underhill	Greg Underhill	2236
89764014	kpemmaraju	Kamesh Pemmaraju	759
15832293	Kemp	Chris C. Kemp	7079
208726111	talkin_cloud	Talkin' Cloud	11764
2841111	interrante	Mark Interrante	2920
493868676	JollaHQ	Jolla	36507
183119250	eFolder	eFolder	7592
306498361	rjrogers87	Rodney Rogers	3054
17778727	cswolf	Chris Wolf	11311
14935495	JonathanKlick	Jonathan Klick	230
14935495	JonathanKlick	Jonathan Klick	230
38724016	DellVirt	Dell Virt Mgmt	1500
12460982	ldignan	Larry Dignan	23940
27955973	jackmadden	Jack Madden	2912
14857469	TedseFolder	Ted Hulsy	1337
15942115	eberlingc	eberlingc	321
22931543	ShayneHigdon	Shayne Higdon	584
222194829	Dell_APM	Dell APM	1824
15456653	Dell_Toad	Dell_Toad	1793
11178052	DellSoftware	Dell Software	13410
10876852	TheNextWeb	The Next Web	1538513
13440802	psaffo	Paul Saffo	9235
29055288	THE_RYAN_KlNG	RZL	390
620631325	DellZach	Zachary Dell	555
253243616	bob_fine	Robert Fine	53
14247434	lavosby	lavosby	991
914061	levie	Aaron Levie	148835
100814649	wysejeff	Jeff McNaught	359
33051911	dbarreto	Daniel Barreto	227
35352140	Ricardo_Antuna	Ricardo Antuna	461
244683483	ScottZHamilton	Scott Hamilton	364
523880570	CampSPARK	Camp SPARK	31
549352636	Apcera	Apcera	1622
16697448	blinkdaddy	Brian Link	2018
240344825	GotWyse	Jeff Thibeault	182
16792869	ContemplatingIT	Tony Asaro	1067
367608652	WyseEMEA	Dell Wyse EMEA	8348
19946722	zorian	Z-Man	3477
23436460	mvmombo	Marc Mombourquette	232
17328989	scotthorst	scotthorst	110
22992383	BigPapaBigData	Craig Warthen	211
37031576	MooseLogicNW	Moose Logic	83
17081169	david_cantu	David Cantu	761
19599604	JWhitehurst	Jim Whitehurst	8120
16523795	tientzuo	Tien Tzuo	2943
15262223	bwalder	Bob Walder	1538
21072284	dttstorescom	Firewalls.com	281
3080761	mattcutts	Matt Cutts	443258
370246300	DellNetworking	Dell Networking	3010
726393	iansherr	Ian Sherr	6371
42826771	aneelb	aneel bhusri	13348
135637260	haseebbudhani	Haseeb Budhani	227
348127618	SoftwareHollis	Hollis Tibbetts	55056
41130647	chhandomay	Chhandomay Mandal	261
174886575	SplatF	SplatF	5994
79094062	zbirisingh	Zorawar Biri Singh	1179
18114183	killerquestion	killerquestion	2301
29481194	webalicious	Samantha Needham	3160
15206007	bradhedlund	Brad Hedlund	7534
7329352	philmckinney	Phil McKinney	9016
19312171	pattysings	Patty Rowell	421
517030245	WeightOfTheNtn	Weight of the Nation	13195
15661117	evanbaehr	Evan Baehr	5587
14895831	html5	html5	94961
10754962	DellSmbUS	Dell For Business US	38666
35813835	allianceguy	John Porterfield	1352
353737617	SallieKrawcheck	Sallie Krawcheck	30974
327684727	JenSiebelNewsom	Jen Siebel Newsom	13367
225634187	RepresentPledge	Miss Representation	81919
59157393	tomfriedman	Thomas L. Friedman	348222
60308942	claychristensen	Clayton Christensen	114544
205870916	itsgoodell	Stephanie Goodell	1409
203296884	PocketCloud	PocketCloud	23279
31167695	MEDITECH	MEDITECH	3467
544062873	CaitlinatMSDF	CaitlinatMSDF	215
15845616	TarkanManer	Tarkan Maner	1868
13696152	wyse	Dell Wyse 	4700
10880202	Philanthropy	Philanthropy	160453
18225966	Heifer	Heifer International	241335
41814169	FareedZakaria	Fareed Zakaria	584118
513695363	SusanDell	Susan Dell	91
28760022	joewhaley	John Whaley	409
37469457	dougsteelman	Doug Steelman	291
15209862	CatalystInc	Catalyst, Inc.	29426
214212125	JoyceatDell	Joyce Mullen	631
28647624	DavenportGroup	Davenport Group	396
289379890	ITNinjaSite	ITNinja	2019
52198583	ChannelSkell	Bob Skelley	595
44771048	RonConway	Ron Conway	79723
34673036	DellSecChannel	SonicWALL Partners	3282
18147893	DellSecurity	Dell Security	25074
15136979	mdomsch	Matt Domsch	1883
44682276	BizRoundtable	Business Roundtable	20415
227820816	TCCInsight	Technology CEO Counc	405
123943547	cei10	Craig Irons	48
16916799	joshjames	Josh James	46588
16635266	DellDP	Dell Data Protection	8328
166617624	tomkrazit	Tom Krazit	5476
17116202	timothychou	timothy chou	702
451586190	rupertmurdoch	Rupert Murdoch 	577839
327760265	DavidAgus	David Agus	10011
389457807	docmikeevans	Michael Evans	11489
326658079	nginxorg	nginx web server	29054
11010212	ricknucci	Rick Nucci	1933
17266725	TonyRobbins	Tony Robbins	2600955
15588657	DeepakChopra	Deepak Chopra	2444873
684983	mediatemple	(mt) Media Temple	47579
15933168	CenturyLinkTech	CenturyLink Tech	6902
19354734	SoftLayer	SoftLayer	64638
17602948	Bluelock	Bluelock	2791
14149299	jungledave	Dave Wright	2057
95151650	sjfeliceatdell	Steve Felice	1788
110267581	PGopalan	Prabhakar Gopalan	1443
261658201	phildoye	Phil Doye	1353
198943579	AnuragTechaisle	Anurag Agrawal	2715
14276189	herbgreenberg	Herb Greenberg	72513
14562685	rwang0	R Ray Wang ()	67909
167234557	OpenStack	OpenStack	89080
70710157	enterhost	Enterhost	394
260301997	asthanaprav	Praveen Asthana	329
44401911	larry_kudlow	Larry Kudlow	83083
109323518	marypcbuk	Mary Branscombe	6091
66993	sbisson	Simon Le Gros Bisson	6955
355648414	Yamarone	Richard Yamarone	1619
132961448	AngelaAhrendts	Angela Ahrendts	87626
41205753	felixrieper	Felix Rieper	175
42745026	russfujioka	Russell Fujioka	803
14986383	dougrenert	Doug Renert	795
208595633	bobodtech	Bob O'Donnell	1314
16213437	CariTuna	Cari Tuna	1917
14328118	BrandonBailey	BrandonBailey	3179
14156143	JohnDietrich	John Dietrich	280
29092926	zehicle	Rob Hirschfeld	2922
18638888	jbgeorge	Joseph George (JBG)	2134
19636521	jfollett	Jennifer Follett	1226
18218962	TheChannelCo	The Channel Company	6165
86957264	RobWright22	rob wright	363
352947624	GSElevator	GS Elevator Gossip	706360
211921304	StartupAmerica	Startup America	77831
23331830	Gardner_Dave	MakingComplexSimple	3159
282557450	mat_hartmann	Matthias Hartmann	698
7557612	emoltzen	Ed Moltzen	12460
26819104	jonfortt	Jon Fortt	25125
20832113	gassee	Jean-Louis Gasse	12195
817268	harrymccracken	Harry McCracken	79511
9324442	rossrubin	Ross Rubin	9075
104245452	DeckeratDell	James Decker	312
50089737	strategyand	Strategy&	38636
52816029	LEK_Consulting	L.E.K. Consulting	7580
6730222	hblodget	Henry Blodget	124723
15416485	ckindel	Charlie Kindel	12089
127782922	FOSSpatents	Florian Mueller	16080
191177057	JohnFMauldin	John Mauldin	16242
211320697	APACloud	Andy Pattinson 	10201
14179097	tommylynn	tommy lynn	883
256434584	DellCaresPRO	Dell Cares PRO	9957
14675206	lizbbullock	liz brown bullock	4244
14501278	CamilleNisich	Camille Nisich	596
15834357	MartyAtDell	Marty Filipowski	2434
16258699	esayegh	esayegh	2105
11326952	CurtMonash	Curt Monash	7731
14601165	MarcusWohlsen	Marcus Wohlsen	6881
12455462	rnomad	Bill Raduchel	1341
33846451	Accel	Accel Partners	115445
24775410	sequoia	Sequoia Capital	264451
22304697	beccawolfe	rebecca wolfe	962
14712920	sjpinches	Steve Pinches	1471
9406782	KerryBridge	Kerry Bridge	4247
17456146	ontheroadwithiv	Ingrid Vanderveldt	19090
16292218	insideHPC	insideHPC.com	8382
9737032	NetworkWorld	Network World	76361
15178595	stuhandley	Stuart Handley	899
44408295	matteastwood	Matt Eastwood, IDC	5675
14118292	rahulsood	Rahul Sood	38925
16677628	chetan_	chetan venkatesh	1271
61063449	allenvancegt	Allen Vance	242
20144439	jcurtin1960	Jim Curtin	1214
14157964	c_weil	Christina Weil	2885
28770606	VirtualisedReal	Barry Coombs	3500
24836848	RamonChen	Ramon Chen	879
19026127	snorkel42	snorkel	473
17446359	bethcomstock	Beth Comstock	70814
14102457	bvTechie	Brian Vienneau	252
90750074	SMShadley	Scott Shadley	809
5739392	edsai	Ed Saipetch	4706
285693664	TaliaCorus360	Talia Orred	159
17918531	StorageNerve	Devang Panchigar	3303
833071	furrier	John Furrier	18657
824087	LPT	Laura P Thomas	5704
160664931	RelusCampbell	Michael Campbell	349
204356184	PSUStevens	David Stevens	297
83708474	HoosierWeather	HoosierWeather	69
19287555	phillipcockrell	Phillip Cockrell	230
11873212	jtmcarthur56	John McArthur	1967
19724631	mattvogt	Matt Vogt	3121
774096	LuriaPetrucci	Luria (Cali Lewis)	223293
22993090	jmakoid	Joe Makoid	1102
9904692	HeatherMargolis	Heather K. Margolis	3891
18906561	GovernorPerry	Rick Perry	286477
53953	cote	Cot	8700
50292975	Atlanta_Tech	Atlanta Technology	606
18040577	DellServices	Dell Services	24166
19013088	ExtremeNetworks	Extreme Networks	7705
15811342	ATCouncil	Austin Tech Council	7922
16242081	bhorowitz	Ben Horowitz	178045
14120484	DellintheClouds	Dell Cloud Solutions	23594
62951029	ilandcloud	iland Cloud	3063
112177253	DrDavidKatz	Dr. David L. Katz	23281
14086716	puppetmasterd	Luke Kanies	6673
17491278	DataStorageCorp	Data Storage Corp.	4323
17292120	jgargis	jgargis	825
14025482	SarahLuden	Sarah Luden	3337
128666611	LaurenatDell	Lauren Mauro	1003
16494284	VanessaAlvarez1	Vanessa Alvarez	12473
221034148	Dell4Good	Dell Legacy of Good	5516
93888363	dellchildrens	Dell Children's	3737
23565831	davidchapa	David A. Chapa	1558
15766638	Staten7	Staten7	7129
16546524	lizherbert	Liz Herbert	4078
161239514	gnebuloni	Giorgio Nebuloni	595
80380158	smbgroup	SMB Group	1590
17817175	lauriemccabe	lauriemccabe	11960
20328102	sanjeevaggarwal	Sanjeev Aggarwal	879
169642818	sbeloussov	SB Serguei Beloussov	8656
31218150	EzeCastleECI	EzeCastleIntegration	1187
15723047	davidajbagley	David Bagley	1175
59259609	Starnet_Data	Starnet Data Design	239
63156153	NetHosting	NetHosting	11120
45541703	LANINFOTECH	LAN Infotech	1139
179660855	F12Net	F12 Networks	534
93812859	KaminarioFlash	Kaminario	1846
238328327	DataSpan	DataSpan	611
188424403	LeeBurnette	Lee Burnette	879
17076998	MavenNicole	Nicole Gemmell	1256
221865859	hrvojegrabic	Hrvoje H. Grabi	120
3526	alexanderljung	Alexander Ljung	20586
16917498	SanitySolutions	Sanity Solutions	834
5543502	JasonPowell	Jason Powell	2106
14772956	calmo	calmo	537
789286	bencredible	Citizen of Tomorrow	2082
80478097	ugandajo	(Ugandajo)	931
19254401	ericsiebert	Eric Siebert	7744
238323285	CWGroupUK	Computerworld Group	484
259954750	CloudChronicle	Patrick Pushor	3579
262687706	TrisaDellCRO	Trisa Thompson	1892
20454964	davegirouard	Dave Girouard	12881
214227704	LanceBoley	Lance Boley	2232
191532215	AllanITpro	Allan Bourdius	133
217818994	virtuitag	andy sontag	59
18216704	SpringboxCEO	Tom West	346
5251831	peterfenton	Peter Fenton	31765
126027490	heiligerj	Jonathan Heiliger	1172
189142375	VirtWillU	Will Urban	787
16638816	fabiorapposelli	Fabio Rapposelli	3204
7862582	gminks	Gina Minks	4676
18028509	tom_peters	Tom Peters	125361
26030236	GGMacFadden	Gary G MacFadden	1743
23650527	dfloyer	David Floyer	870
61139483	MarcSatDell	Marc Schreiber	503
143491160	VeriStor	VeriStor	422
40085592	scaleup	ScaleUp Technologies	771
12653292	geoffbarrall	geoffbarrall	275
20178579	SNWUSA	SNW	1193
244240122	chadpero	Chad Pero	312
20639470	DellnoBrasil	Dell no Brasil	92796
168895828	JONatDellKACE	Jon McBride	56
16311483	VivekKundra	Vivek Kundra	11393
25982757	BashoT	Earl Galleher	577
54682125	BillCosby	Bill Cosby	4102295
41644309	mark_yudof	Mark G. Yudof	8163
80354667	profhamel	Gary Hamel	20612
15669871	pund_it	Charles King	1827
97696218	actifio	Actifio	3561
20244611	GoVerbU	Verb U	5121
243324920	DeborahKennyHVA	Deborah Kenny	15665
254260200	DellEntForum	Dell Ent Forum	2978
249828885	bobmoul	Bob Moul	2427
16131336	AllianceTech	AllianceTech	331
28654358	SoniaStCharles	Sonia St. Charles	195
51233328	josephmenn	Joseph Menn	4805
142531554	PanzuraStorage	Panzura	899
193510857	PureStorage	Pure Storage	19585
73901821	DebAtDell	Deborah Albers	818
16424248	mattwbaker	mattwbaker	1192
166205358	DellChannelEM	Dell Channel EM	1760
8457092	Deloitte	Deloitte	238340
70001932	EYnews	EY	128205
20406017	joestewart71	Joe Stewart	2816
18789893	threatpost	Threatpost	88863
21371550	pmtjprince	Paul Prince	114
79543	jowyang	Jeremiah Owyang	161646
16373878	MilkenInstitute	Milken Institute	25603
7635182	brianmadden	Brian Madden	18546
85650610	msdcenter	MSD CENTER	1805
15166390	dellsecureworks	Dell SecureWorks	13641
115115285	lindarottenberg	Linda Rottenberg	9138
16953664	Autotask	Autotask	9660
17093012	RishiPDave	Rishi Dave	4048
68449292	IBM_NEWS	IBM News Room	68029
49753110	Motorola	Motorola Mobility	461348
14217173	BobThurman	Robert A.F. Thurman	15518
41258937	SecurityWeek	SecurityWeek	66767
112733662	ClearpathSG	Clearpath Solutions	10373
38245962	StorMagic	StorMagic	1085
18066440	USCERT_gov	US-CERT	37916
58561993	Dell	Dell 	487277
32397355	Sourcefire	Sourcefire	41620
177272998	structureblog	structureblog	609
14051115	datacenter	datacenter	25691
14299121	mcstartup	Jeff Ready	730
43344140	DeepStorageNet	Howard Marks	4595
17302809	nexenta	Nexenta	5794
184253585	RightStor	Kenneth B Scott	63
169583592	reichmanIT	Andrew Reichman	1863
36339779	SYSCONmedia	SYS-CON Media	4405
151054960	F16Samurai	Brian Bell	294
21334352	Mirazon	Mirazon	433
13437372	JustinBraun	Justin Braun	585
18556974	RobinFairchild	Robin Fairchild	726
19359734	esignoretti	Enrico Signoretti	3611
22520120	Maryna_Frolova	Maryna Frolova	371
18325168	VirtualStrategy	Virtual-Strategy Mag	2697
16291865	iwantmedia	iwantmedia	12915
24296208	BobMetcalfe	Bob Metcalfe	18085
20609518	DalaiLama	Dalai Lama	11055939
14541402	mlevchin	Max Levchin	128395
13198	markpinc	mark pincus	57975
14239828	rfaletra	Bob Faletra	1273
657863	kevinrose	Kevin Rose	1571425
14138167	mmccue	Mike McCue	17687
18415351	thegrowthguy	Verne Harnish	10309
15066271	PCMag	PCMag	274754
80685828	StevenJBurke	Steven Burke	1683
22255654	johndoerr	John Doerr	255101
25177253	Mezeo	closed	591
194440779	lazvek	Laz Vekiarides	627
33254699	nicvek	Nicos Vekiarides	1881
38497652	vmwarensx	VMware NSX	8229
14155407	gweston	Graham Weston	4000
4641021	RWW	ReadWrite	1625549
5763262	karaswisher	Kara Swisher	1035363
37570179	arrington	Michael Arrington	198074
50055701	MittRomney	Mitt Romney	1635802
17503180	marissamayer	marissamayer	1000748
36384545	kevin_houston	Kevin Houston	1503
14934774	boomi	Dell Boomi	2992
15291495	jeunice	Jonathan Eunice	1442
11312652	dellhome	DellHome	101209
130689522	KarenDellCMO	Karen Quintos	13627
113963	Werner	Werner Vogels	69684
21457289	MSFTResearch	Microsoft Research	273614
39538245	Intelinnovation	Intel Innovation	53622
14122744	zenoss	Zenoss	10029
101992734	OverlandStorage	Overland Storage	1789
14813827	stu	Stuart Miniman	9522
125248392	ServerKing	Server King	800
885	Ross	Ross Mayfield	21177
10078	reidhoffman	Reid Hoffman	283269
16832688	SilverPeak	Silver Peak	28454
16847082	riverbed	Riverbed	11807
44081361	FalconStor	FalconStor Software	2146
15136500	F5Networks	F5 Networks	16730
16829608	Egenera	Egenera	3961
12492842	citrix	Citrix	91769
816653	TechCrunch	TechCrunch	5144267
26191233	Rackspace	Rackspace	87957
31141862	stevegstorage	Steve Gardner	106
15354310	HDScorp	Hitachi Data Systems	15806
16320583	PowerSolutions	Power Solutions Mag	1012
8657072	chrismevans	Chris M Evans	5533
15010772	ciscoDC	Cisco Data Center	92064
21509975	Wikibon	Wikibon	11488
14836951	Chris_Mellor	Chris_Mellor	7906
16228650	esganalysttmac	Terri McClure	3179
53187679	RayLucchesi	Ray Lucchesi	3772
10420662	SFoskett	Stephen Foskett	13944
15320559	storageswiss	storageswiss	6831
28360097	simonrob451	simon robinson	1799
127156442	mcmehta	Manish Mehta	2405
136403321	DellOEM	Dell OEM Solutions	3983
15999249	IBMStorage	IBM Storage	21368
76073795	englishmdp	Mark Peters	1664
28482605	Knieriemen	Greg Knieriemen	17295
3552731	fgens	Frank Gens	3739
19344654	LSIstorage	LSI Storage 	1729
20155645	Neuralytix	Neuralytix, Inc.	1694
14119871	jburton	Jeremy Burton	6789
13170322	storageanarchy	Barry Burke	3494
14086808	storageio	Greg Schulz	10766
63786611	Adobe	Adobe	394147
61559439	nvidia	NVIDIA	830081
15749983	Cisco	Cisco	474625
108020864	Panasas	Panasas, Inc.	1855
40471451	gigaomresearch	Gigaom Research	10003
12599552	dvellante	Dave Vellante	6991
17314971	DellCompellent	Dell Compellent 	5680
146154085	Shibani_Nath	Shibani...	444
12	jack	Jack	2985816
15987063	BobLaliberte	BobLaliberte	1113
29272352	esg_global	ESG	8234
79036508	ITArtillery	Daniel	347
16134540	cloudera	Cloudera	70335
16038968	targyros	Tasso Argyros	1861
18916432	RepPaulRyan	Paul Ryan	445004
20536157	google	Google	11198149
10204042	lewmoorman	Lew Moorman	5618
46410765	franklincflint	Franklin Flint	1812
15344748	JJDavisatDell	JJDavisatDell	2133
14325202	Kara_McCulloch	Kara McCulloch	1795
138794107	TechDylan	Dylan Locsin	844
117548530	PuneetTheOne	Puneet Dhawan	184
60824164	itechmeme	iTechmeme 	541
114857012	TanejaGroup	Taneja Group	1932
14074700	ITBusinessEdge	IT Business Edge	12077
13	biz	Biz Stone	2454946
2384071	timoreilly	Tim O'Reilly	1928470
104262408	DellTechCenter	DellTechCenter	11271
781293	martinvars	Martin Varsavsky	97355
128960883	ScottVatDell	Scott Valla	762
12167022	DennisMSmith	Dennis Smith	6871
14764151	BillatDell	BillBivin	2002
84623395	Qualcomm	Qualcomm	216958
2893971	gigaom	Gigaom	300912
60642052	VentureBeat	VentureBeat	499495
15897465	NetApp	NetApp	111712
17205349	QLogic	QLogic Corporation	63516
14775374	JuniperNetworks	Juniper Networks	56077
30912137	Brocade	Brocade	39580
57422003	AristaNetworks	Arista Networks	10571
37764422	foxnation	Fox Nation	195680
16847211	stephengillett	Stephen Gillett	9471
19306199	storagenews	Enterprise Storage	4888
17899109	gatesfoundation	Gates Foundation	1477858
38720188	DellScholars	Dell Scholars	518
32522114	MSDF_Foundation	MSDF Foundation	7671
9135742	barton808	Barton George	4116
18791763	KarlRove	Karl Rove	617577
13565472	alansmurray	Alan Murray	33260
14502632	techstartups	techstartups	41167
43976252	benchmark	Benchmark	30430
19720395	IndexVentures	Index Ventures	44004
26894723	martenmickos	Mrten Mickos	15910
11064542	451Research	451 Research	17811
22841038	StorageMojo	Robin Harris	7087
24291042	stevedupe	Steve Duplessie	5351
809273	Oracle	Oracle	350311
6070762	pcworld	PCWorld	305103
19309084	ITChannelTT	SearchITChannel.com	3669
22873424	CIOonline	CIO.com	125785
20262641	GestaltIT	Gestalt IT	1662
14154386	Craw	Crawford Del Prete	3080
6036422	jimihendrixlive	Jim Breyer	13128
64498695	MichaelEPorter	Michael E. Porter	110361
8965112	savitz	Eric Savitz	13641
19905542	dannyrimer	danny rimer	18077
8885922	donal888	Don Clark	10410
18089163	bogusky	Alex Bogusky	91787
3714971	salsop	Stewart Alsop	12065
14147021	GBeachCIO	Gary Beach	2500
14935281	Enderle	Rob Enderle	17094
13416712	adamlashinsky	Adam Lashinsky	34709
15921173	edyson	Esther Dyson	52480
24814519	m_j_miller	Michael Miller	1604
691353	Joi	Joi Ito	104622
15576669	mellerbeck	Michael Ellerbeck	219
61824258	JimStengel	Jim Stengel	8695
15676927	Mark_Mulligan	Mark_Mulligan	10325
15851599	AndrewGilman	AndrewGilman	1775
19550820	JeffSullivan	Jeff Sullivan	3641
24238334	MSR11	Mike Riley	968
5512832	Rich_Barton	Rich Barton	11360
11272022	merv	Merv Adrian	19635
15392057	johnrrymer	John Rymer	6631
839561	jbernoff	Josh Bernoff	19741
122089828	mikegbuck	Michael Buck	1176
1536811	markoff	John Markoff	55255
19041319	peterhlewis	Peter H. Lewis	1691
9337782	rjmac	Reena Jana	6500
14600116	johnbattelle	John Battelle	277503
15442689	coastw	Jon Iwata	14445
839321	charleneli	Charlene Li	99690
80905346	LisaGatDell	Lisa Grimes	2878
17825445	ThisIsSethsBlog	Seth Godin	469521
121230155	colettelaforce	Colette LaForce	1066
31163497	ema_research	EMA Research	13219
26327592	joltsik	Jon Oltsik	1907
12050202	appenz	Guido Appenzeller	1425
749963	pierre	Pierre Omidyar	521085
14333460	StefanieAtDell	Stefanie Nelson	4276
20870495	DellEDU	Dell Education	50333
807095	nytimes	The New York Times	16914795
36412963	QueenRania	Rania Al Abdullah	3795097
5120691	wef	World Economic Forum	2476988
117895281	DellHealth	Dell Healthcare	25954
42650103	SearchCIOSMB	SearchCIO for SMBs	2679
16002567	gcolony	George Colony	15057
2670321	IDC	IDC	87014
15670515	Windows	Windows	5163239
2803191	intel	Intel	4203204
10194682	Accenture	Accenture	250331
22330739	Benioff	Marc Benioff	167272
15231287	Gartner_inc	Gartner	259223
7712452	forrester	Forrester Research	314172
33792634	andrewrsorkin	Andrew Ross Sorkin	484006
5252591	bgurley	Bill Gurley	328285
12615582	InformationWeek	InformationWeek	97505
15426758	infoworld	InfoWorld	64213
819800	CNETNews	CNET News	462779
12092012	VMware	VMware	175431
19349616	Emulex	Emulex Corporation	11967
15856164	eWEEKNews	eWEEK	17447
18144328	NetworkComputin	NetworkComputing	4492
17476533	symantec	Symantec	125409
10005212	EMCcorp	EMC Corporation	80722
26769196	TheInfoPro	TheInfoPro	622
16727535	lancearmstrong	Lance Armstrong	3836177
1665481	kiwilark	Andrew Lark	4544
5471572	Direct2Dell	Direct2Dell	27987
854291	LionelGeek	Lionel Menchaca	11772
989	om	Om Malik	1479347
14402248	DellInnovators	Dell Entrepreneurs	51725
14782267	DellEnterprise	Dell Enterprise Team	110570
14779496	DellChannel	Dell PartnerDirect	20297
16214614	adamdell	Adam Dell	685
18956703	dell_storage	Dell Storage	10129
56434640	Dellhelpvideo	Dell Help Video	7889
19846487	equallogic	EqualLogic	3183
15537657	DellSysMgmt	Dell Systems Mgmt	4428
20	ev	Ev Williams	1808489
14378113	DanielPink	Daniel Pink	327340
2735591	FastCompany	Fast Company	1797853
15308469	McKQuarterly	McKinsey Quarterly	342790
3108351	WSJ	Wall Street Journal	6392307
36082429	jack_welch	Jack Welch	1453236
14800270	HarvardBiz	Harvard Biz Review	2074222
20402945	CNBC	CNBC	1945889
8841372	SAI	BI Tech	1341376
25053299	FortuneMagazine	Fortune	1693752
5988062	TheEconomist	The Economist	8639204
93957809	ericschmidt	Eric Schmidt	1102896
50393960	BillGates	Bill Gates	22270733
1344951	WIRED	WIRED	4581619
42226885	vkhosla	Vinod Khosla	447241
5746452	waltmossberg	Walt Mossberg	719216
38531995	DrOz	Dr. Mehmet Oz	3768496
11960132	MichelleMAtDell	Michelle Mosmeyer	1259
14782279	DellShares	Dell IR Team	5472
16519133	DellCares	DellCares	59162
19614158	AmberHayesTX	Amber Hayes	1299
14584200	Alienware	Alienware	260322
26510803	FSHualalai	FS Hualalai	10011
24900088	FSMaui	Four Seasons Maui	17738
15747809	storagebod	Martin Glassborow	5029
14462255	RogerKay	RogerKay	1822
9248102	SocialatDELL	Dell Social	14759
