2796280671	samandmattie	Sam and Mattie	404
19273651	davisjsn	Jason Davis	14795
14472108	HeyHayward	Trevor Hayward	5831
286191576	TheOffsideRules	Shawn Francis	7701
41008438	Ben_Jata	Ben Jata	5979
1216065932	ThatDamnYank	Zack Goldman	5519
260000614	FriendlyFAUX	Kevin Brown	1824
51758202	BeardEric	Eric Beard	8761
22743868	RyanRosenblatt	Ryan Rosenblatt	4469
159684514	liviubird	Liviu Bird	6046
116947296	rogbennett	roger bennett	175639
111338446	ericwilfrid	Eric Wilfrid	56
78434469	SO_Washington	Special Olympics WA	1917
2815006026	SkyFormation	SkyFormation	43
368848186	Bontact	Bontact	78
60004760	udobu	udobu	146
2915890253	GoSlope	Slope	3792
237495679	RexterPRM	Rexter	1947
1654783795	RallyteamApp	Rallyteam	216
256603663	Parknav	Parknav	423
2207497328	Outleads	Outleads	37
2284340426	lionheartinno	LionHeart Innovation	139
2871034193	geosafe	GeoSafe	64
498345501	CreativeWorxCo	CreativeWorx	1137
2372479135	CloudCoreo	CloudCoreo	1918
2254216374	ClearContract	ClearContract	104
2863369328	BeagleInc	Beagle Inc	287
2329726436	AdHusky	AdHusky	42
17072142	FilmmakerLive	FilmmakerLive	23
2912720691	VISRvr	ViSR VR	208
1727904870	truRating	truRating	200
2427440425	Tradiio	Tradiio	5304
3014855447	SuadeLabs	Suade Labs	87
2801918422	PointrLabs	Pointr	139
242762045	playcanvas	PlayCanvas	1633
2858343947	im_iddo	iddo	207
1583693550	FireflyEditor	Firef.ly	282
2407202768	CityFalconFolio	City Falcon	1168
2821492780	wunderagent	WunderAgent	29
2572544198	tripdelta_com	tripdelta	2009
1953622831	Tandemploy	Tandemploy	797
3065795333	SkooveNews	Skoove	33
2442900444	quantifiedcode	QuantifiedCode	1461
2383282536	portadico	Portadi	275
2467630248	IPlytics	IPlytics	66
461166551	gazeMetrix	GazeMetrix	306
510808084	WAGmob	WAGmob: Learn Faster	482
1114355780	FlamencoTech	FlamencoTech	76
198821259	customerxps	Clari5	1568
1401544728	FortunePayments	FortunePay	32
1950490628	iBotControls	iBot Control Systems	51
2678918318	Uninstall_io	Uninstall.io	35
2559420266	DailyRounds	DailyRounds Doctors	144
1106522930	ireff	iReff	802
926071016	ifrilp	Frilp	245
1362241922	adpushup	Ad Pushup	1116
2181242940	TillerSystems	TILLER Point-of-Sale	208
3095701020	ProAbono	ProAbono	13
2805486025	DialOnce	Dial Once	71
1291501860	CityMeo	CityMeo	364
2424136178	CaptainLeads	Gabriel CIAN	668
2336339670	BraineetCo	Braineet Official	708
2698258554	beekast	BEEKAST	1227
2599597922	AzaleadABM	Azalead Software	232
155671397	LA2015	LA2015 World Games	8294
19598173	SpecialOlympics	Special Olympics	64696
1653442136	_youhadonejob	You had one job	625681
2888791140	microsoftband	Microsoft Band	11871
108640726	supportSN	Julia Roberts	3013
16581734	HuffPostParents	HuffPost Parents	250371
29579405	OWTK	Jeff Bogle	3741
16115979	seattlechildren	Seattle Children's	53013
17753630	sararuh	Sara Ruh	4315
18403334	yyc_jon	Jon Bateman	6109
51852620	DownSynAdvocacy	Pamela Wilson	3551
28149139	jeffpreston	Jeffrey Preston	3277
46477493	AndyAUCD	Andrew Imparato	6259
26828368	CAFoundation	CAF	11254
17263345	LoveThatMax	Ellen Seidman	17866
18345963	KidsAreHeroes	Gabe O'Neill	113721
12839042	kivilm	Kivi Leroux Miller	14984
39438261	HeidiEKMassey	Heidi Massey	5518
17794287	HildyGottlieb	Hildy Gottlieb	8578
15016599	Afine	Allison Fine	13978
226662318	ShaunFrankson	Shaun Frankson	279077
189035181	ranjanakumari	Ranjana Kumari	78890
1585589059	phumzileunwomen	Phumzile Mlambo	35725
17137628	UN_Women	UN Women	683988
43635186	seattledrury	Peter Drury	8269
17287820	TristaHarris	Trista Harris	6539
16440562	gaylegifford	Gayle L. Gifford	2759
14844272	susanmcp1	Susan McPherson	27828
17539739	CaseFoundation	Case Foundation	519095
10297	kanter	Beth Kanter	404923
75844591	justinablakeney	Justina Blakeney	5864
76684509	happyblackwoman	Rosetta Thurman	14313
24529035	DrJamesPeterson	James Peterson	16141
20680850	jessewashington	Jesse Washington	6901
21308157	NatUrbanLeague	Natl Urban League	39737
15568621	BDPA	BDPA	57414
874	waynesutton	Wayne Sutton	49434
136862815	NewBlackMan	Mark Anthony Neal	35230
43638469	BenJealous	Ben Jealous	41958
23410776	imaniperry	Imani Perry	27013
21118985	EdWeekTeacher	EdWeek Teacher	163416
36764887	educategirls	RoomToRead	1314
18107749	Larryferlazzo	Larry Ferlazzo	46160
19074827	patrickmlarkin	Patrick Larkin	37416
41020872	cybraryman1	Jerry Blumengarten	57436
11112092	rmbyrne	Richard Byrne	79864
14600116	johnbattelle	John Battelle	277330
26638858	Annie_Fox	Annie Fox, M.Ed.	52687
9158962	AngelaMaiers	Angela Maiers	128159
22487278	E_Sheninger	Eric Sheninger	82191
2902901	coolcatteacher	Vicki Davis	100170
21827584	web20classroom	Steven W. Anderson	117157
13557972	blackvoices	HuffPost BlackVoices	210699
41509378	socialgood	Mashable Social Good	67083
80681990	HuffPostImpact	HuffPost Impact	99062
90021519	ChloeGMoretz	Chlo Grace Moretz	1644012
165552004	NevSchulman	Nev Schulman	798958
53269717	TaranKillam	taran killam	225761
15666380	nerdist	Chris Hardwick	2596290
92717138	idriselba	Idris Elba	1428140
39332055	BDavv	Brett Davern	181811
1584715232	KeeganAllen13	KeeganAllen	245
25460615	wwwbigbaldhead	norman reedus	1764231
844512703	NatFaxon	Nat Faxon	7765
180055456	RashisTVUgly	Jim Rash	153588
322786017	ScottPorter	Scott Porter	93649
39114090	SalMasekela	Sal Masekela	69930
30602016	iJesseWilliams	jesseWilliams.	1002139
333574953	MrJakeJohnson	jake johnson	371365
147093	thomashawk	Thomas Hawk	52384
41509142	Rachel__Nichols	Rachel Nichols	717855
265758015	MoveTheSticks	Daniel Jeremiah	162453
833071	furrier	John Furrier	18654
917131	MarcusSchuler	Marcus Schuler	6275
949041	petezin	Rosa Jimnez Cano	35565
3034251	owenthomas	Owen Thomas	17423
4327281	EconoScribe	Ludwig Siegele	2852
6541792	joshuaogawa	Joshua Ogawa	171
8347972	belril	Blair Hanley Frank	1309
12337072	sfwriter	Rachael King	13534
14328118	BrandonBailey	BrandonBailey	3177
14342000	rachelking	Rachel King	7711
14457688	andrewbrust	Andrew Brust	6595
14842392	jniccolai	James Niccolai	1502
14969511	samsabri	Sam Sabri	12676
15392057	johnrrymer	John Rymer	6626
16775582	hubertnguyen	hubertnguyen	1234
16871339	johnkwaters	John K. Waters	4517
17136186	Archimedius	Greg Ness	14474
17162302	gchapmanpress	Glenn Chapman	774
20459408	madde_h	Madelene Eifrm	301
23359201	nocompunction	Kevin McLaughlin	1463
27701617	axelmobil	Axel Postinett	703
34715047	eugenekim222	Eugene Kim	1026
35701040	mlevram	Michal Lev-Ram 	6464
42480399	derrickharris	Derrick Harris	11799
43875529	thewendylee	Wendy Lee	3109
67672018	producermariel	Mariel Myers	1114
73194395	ktbenner	katie benner	5605
81114222	EricKnorr	Eric Knorr	3957
86351835	mappingbabel	Jack Clark	6827
88004884	ddineley	Doug Dineley	302
104259627	marcodellacava	Marco della Cava	2609
118199605	aarti411	Aarti Shahani	2125
141222005	TereBouza	Teresa Bouza	722
240306980	havendaley	Haven Daley	85
257773267	markberniker	Mark Berniker	1064
261957248	fresh_fitz	Michelle Fitzsimmons	481
263292091	cnetkara	Kara Tsuboi	1427
309399331	babcockcw	Charles W. Babcock	3548
315510966	JeromeMarinSF	Jrme Marin	3376
457224991	McAllisterNeil	Neil McAllister	727
468703129	CNBCJosh	Josh Lipton	5344
782950916	InfoMEndler	Michael Endler	1141
1071350252	jordannovet	Jordan Novet	4752
2797194138	StephenNellis	Stephen Nellis	327
14470662	johnmurphy01	John Murphy	385
164093524	tradegeek0621	Vicki Clark	122
4937891	cjjr	Carlos	119
448125652	LASeaN8	Sean Ellsworth	369
16827333	souljaboy	Soulja Boy	4763635
341178013	rehellio	Albert Westra	176
1375245379	Megasauras_Trex	Megan Batchelor	164
2551158074	XboxWire	Xbox Wire	9866
21441575	c_heller	Chris Heller	2417
20526855	jpruth	Joo-Pierre Ruth	1546
506024283	jennablaha	Jenna Blaha	1005
20178419	cwarzel	Charlie Warzel	10475
18293695	falconejp	John P. Falcone	3172
30357064	Lizstins	Liz Stinson	3115
300878435	Dilbert_Daily	Scott Adams	11430
23493978	mariojoze	:simple_smile:	3248
15109693	RichardWaters	RichardWaters	4506
24311977	janettu	Janet Tu	2834
372548499	gigabarb	Barb Darrow	10074
14115912	ShiraOvide	Shira Ovide	13323
10779412	jonfingas	Jon Fingas	6121
219433627	ricadela1	Aaron Ricadela	655
15297310	timseppala	Timothy J. Seppala 	3241
486864604	techledes	Connie Guglielmo	4842
11375732	DrPizza	Peter Bright	14180
18549180	ericlimer	eric limer	2043
11107172	alexismadrigal	Alexis C. Madrigal	179092
228077059	beccarosen	Rebecca Rosen	7805
17001663	jbrodkin	The real Jon Brodkin	10054
21736571	bbosker	Bianca Bosker	17466
16370204	jyarow	Jay Yarow	18275
16082893	genemarks	Gene Marks	85628
270335597	Pat_Lane	Patrick Lane	1123
41375456	Julie188	Julie Bort	6978
18036280	timsteno	Tim Stenovec	4543
81961201	valleyhack	Ashlee Vance	17158
26274574	mbrookec	Brooke Crothers	4399
30530300	winterjessica	Jessica Winter	6180
66476989	kelly_heather	Heather Kelly	4621
106500748	sharatibken	Shara Tibken	7896
8960442	pburrows	Peter Burrows	3939
41677142	byronacohido	Byron Acohido	2745
15536325	petepachal	Pete Pachal	15086
106419866	brbarrett	Brian Barrett	5259
28405191	martingiles	Martin Giles	2896
53086294	doug_gross	Doug Gross	4497
16018805	jswartz	Jon Swartz	21113
17198424	stevekovach	Steve Kovach	17554
37723353	DKThomp	Derek Thompson	29096
223646111	NadiaSpeaks	Nadia Damouni	4194
2195241	fmanjoo	Farhad Manjoo	99696
2132641	fredericl	Frederic Lardinois	15861
51233328	josephmenn	Joseph Menn	4805
19707850	RichTaylorBBC	Richard Taylor	6111
21066583	CadeMetz	Cade Metz	4474
154016912	WillOremus	Will Oremus	9555
11113	mat	mat	65467
104615636	BBCRoryCJ	Rory Cellan-Jones	134653
9866582	film_girl	Christina Warren	68965
1501471	LanceUlanoff	Lance Ulanoff	78630
1586501	nickbilton	Nick Bilton	250020
14326090	CIOMagazine	CIO Magazine	50359
419710142	PandoDaily	Pando	79050
1881168794	theinformation	The Information	13421
14776670	idg_news	IDG News Service	911
121597316	sfchronicle	The Chronicle	46783
3819701	ZDNet	ZDNet	231955
2735591	FastCompany	Fast Company	1796603
18949452	FT	Financial Times	1740675
51241574	AP	The Associated Press	5199711
1319666732	WashPostTech	Washington Post Tech	478
2467791	washingtonpost	Washington Post	4407127
25053299	FortuneMagazine	Fortune	1691735
60642052	VentureBeat	VentureBeat	498908
20402945	CNBC	CNBC	1944161
28174228	WSJpersonaltech	Personal Technology	30838
3108351	WSJ	Wall Street Journal	6384876
5695632	BuzzFeed	BuzzFeed	2256482
2244340904	Recode	Re/code	163545
2893971	gigaom	Gigaom	300829
32361431	EconSciTech	The Economist	66141
5988062	TheEconomist	The Economist	8619292
10876852	TheNextWeb	The Next Web	1537461
14677919	NewYorker	The New Yorker	4856747
78012548	TheRegister	The Register	40653
573918122	qz	Quartz	146322
1367531	FoxNews	Fox News	5207448
87818409	guardian	The Guardian 	3649916
275686563	verge	The Verge	889540
42703075	cnntech	CNN Tech	255585
34713362	business	Bloomberg Business	2257802
717313	arstechnica	Ars Technica	944936
15164565	Slate	Slate	1374493
141335663	TheAtlanticTECH	The Atlantic Tech	20272
8841372	SAI	BI Tech	1341216
20562637	businessinsider	Business Insider	1082404
178010364	BW_Tech	Businessweek Tech	6461
67358777	BW	Businessweek	1035465
621583	BBCTech	BBC Technology	423438
15754281	USATODAY	USA TODAY	1614433
14885549	ForbesTech	Forbes Tech News	2033784
91478624	Forbes	Forbes	5378487
2890961	Gizmodo	Gizmodo	1395857
73147282	HuffPostTech	HuffPost Tech	341407
14511951	HuffingtonPost	Huffington Post	5737839
25562270	ReutersTech	Reuters Tech News	95057
1652541	Reuters	Reuters Top News	7069611
19661363	nytimestech	NYT Technology	203286
58423496	papsl	Peter Pirc	566
773228155	alike_I	Alike	587
20571756	satyanadella	Satya Nadella	431959
805714472	bdcatcher	Austin Franke	333
23642374	Seahawks	Seattle Seahawks	925637
454336888	SkypeMoments	Skype Moments	24330
523238320	MSFTDynamics	Microsoft Dynamics	46229
554729051	LilaTurnerBrown	Lila Brown	158
21526011	JasonWRocco	Jason W. Rocco	2004
17475575	BestBuy	Best Buy	654802
562269646	TheBJOHare	BJ O'Hare	441
27698202	RSherman_25	Richard Sherman	1367520
197009230	Stupidentist	Brendon Federko	515
1357308613	Aquatiq2688	Aquatiq	1107
12273252	tomwarren	Tom Warren	52556
14208474	windowscentral	Windows Central	234083
1522557848	MIB47225	MUHAMMAD IQBAL 	3222
1114897177	ThinkspaceHQ	Thinkspace	2853
118012929	jaCattell	James Arthur Cattell	4278
291157046	jsa	James Anderson	97051
208804056	wibralo	William Longmire	2377
74047059	jtdarden	Joe Darden	419
114790070	ScottFrost12	Scott Frost	821
23857378	JMillionNYC	JMillion	1508
65733755	MarcusCooks	Marcus Samuelsson	159931
115465858	RoosterHarlem	Red Rooster Harlem	9657
148964903	scoopstweet	Lud Merka	1229
117218161	BW_React	Brandwatch React	44574
257646829	NateShowww	Nathaniel Thompson	320
34808640	avamarieevans	Alexandra Evans	1254
274410031	ryangall	Ryan Gall	1475
14632483	Farkonia	Jevon Fark	665
250494876	digitalsyrup	Digital Syrup	1122
20437491	markpmcdonald	Mark P. McDonald	4084
18055540	LittleTechGirl	Kris Cain	13390
15950891	MomStart	Louise Bishop	45764
16852170	itsmargomg	Maggie Sellers	782
22407741	gdestefano	Greg De Stefano	480
71262813	abbeemalik13	Abbee Malik	10701
28053355	georgenewbern	george newbern	31970
29369395	danbucatinsky	Dan Bucatinsky	114643
466656220	brensongg	Slow Down	240
40519628	scottkfoley	scott foley	273903
502017570	jscandalp	Jeff Perry	129815
429298552	BellamyYoung	Bellamy Young	264103
24931027	JoshMalina	Joshua Malina	174088
500651859	guillermodiazyo	guillermo diaz	369598
398458864	darbysofficial	Darby Stanchfield	230917
362786454	KatieQLowes	Katie Lowes	258711
517849490	ColumbusShort1	Columbus Short	287215
1020974935	BeersBetsy	Betsy Beers	34045
499336680	tonygoldwyn	Tony Goldwyn	339174
205302299	kerrywashington	kerry washington	2137167
279215816	anssikristian	Anssi Savelius	315
194260230	WindowsCanadaFR	Windows Canada FR	642
164457546	WindowsCanada	Windows Canada	12894
21333160	lovemakeshare	Trevor	943
601141615	FreshPaintTeam	Fresh Paint	4033
570019816	MarkGosson	Mark Gosson	5463
120943272	ErinAndrews	Erin Andrews	2691094
14344319	MicrosoftJobs	Microsoft Careers	59148
15419652	jonmchu	Jon M. Chu	644578
16453491	parkerehret	Parker Ehret	3123
16427904	TeeVeeGal	Tammy Golihew	5658
46452468	enrique305	Enrique Iglesias	8949881
270657036	stephaniefanta	Stephanie Fantauzzi	7715
26934903	Ali_Nejad	Ali Nejad	908073
71938424	triciatravels	Tricia Eastman	603
15115272	tomcunningham	Thomas Cunningham	1251
418426994	BrittCranston	Brittany Cranston	694
107332508	Justingchatwin	Justin Chatwin	87396
15847233	ottocedeno	Otto Cedeno	495
20819725	netaloves	neta loves	433
201971306	amybracco	Amy Bracco	524
20718584	karenahaesy	Karen Ahaesy	432
20196258	ElizabethBanks	Elizabeth Banks	1803315
47386558	TFRNYC	The Fashion Reporter	11132
705769722	RickieDeSole	Rickie De Sole	3631
34356968	Samsungtweets	Samsung USA	502572
18238788	Snapdragon	Snapdragon	38942
84623395	Qualcomm	Qualcomm	215851
377013607	loveandlaunch	Love + Launch	15253
21727499	JennBrown	Jenn Brown	208051
20416077	panos_panay	Panos Panay	12530
212350063	LGUS	LG Electronics	134753
113536623	jarretaubry5150	Jarret Aubry	520
16460682	NoradSanta	NORAD Santa	150326
46116615	iHeartRadio	iHeartRadio	588112
16145224	epicurious	epicurious	627127
30261067	CNET	CNET	979535
244259465	annemarieh__	Annemarie	2723
7121092	Carolineoncrack	Caroline on Crack	18235
15888142	oliviamunn	oliviamunn	686144
225226797	tiffhsulatimes	Tiffany Hsu	3366
19162028	TBanks_CREATOR	T. Banks	2847
80725768	ptiberry	Philippe Berry	3938
14218186	Recessionista	Mary Hall	15191
42676278	marcgraser	Marc Graser	6229
254713150	kimdahlgren	Kim Dahlgren	1431
28762029	JenniferCChan	Jennifer Chan	3588
9589422	hieunho	Hieu Ho	4147
15574305	ARTschorn	Adam Tschorn	2145
16455862	AllisonSimon	Alli	358
27924593	byandreachang	Andrea Chang	7917
16102452	booth1	booth1	8574
15842079	typefiend	Gregory Han	3854
20192505	hamish__r	Hamish Robertson	4349
113247376	howveryheather	Heather Taylor	2167
14201151	John_Marchesini	John Marchesini	1437
18991947	jbuhrmester	Jason Buhrmester	1686
80666951	MissKrisTWEETS	Kristen Turner 	4833
14716014	laurahertzfeld	Laura Hertzfeld	2432
16807882	RogueCheddar	Mad Mike: Fury Rouge	1160
27370675	AdrianAmodeo	Adrian Amodeo	216
14769082	AviGandhi	AviGandhi	753
19314005	BrendanMeyer	Brendan Meyer	2609
36793895	ChrsBndr	Chris Bender	293
24995820	chrisjacquemin	Chris Jacquemin	481
14523517	danihampton	Dani Hampton	7863
401755277	EricWinter1	Eric Winter	39533
189613491	FrankRautenbach	Frank Rautenbach	518
16262221	ladynaes	Janae Twisselman	1762
34717505	allejay	Jill Allemand	150
26367230	ReneJonesy	Rene Jones	660
39378322	LouDPhillips	Lou Diamond Phillips	102731
65722906	MichelleMarieTV	Michelle Marie	10418
449604157	mosi_j	Mosi J	123
48946932	RobbieAmell	Robbie Amell	262504
68904673	Roselyn_Sanchez	Roselyn Sanchez	251468
67741773	RyanCartwright	Ryan Cartwright	43436
15294706	sspignese	Steve Spignese	971
47128033	steven_g_pearl	Steven G. Pearl	248
117263440	TylerClary	Tyler Clary	27290
19102343	youngthegiant	Young the Giant	122326
338448432	zakpenn	Zak Penn	3439
18299003	pixelknit	Angie Hill	280
22321602	emmyrossum	Emmy Rossum	493923
58466292	jennaldewan	Jenna Dewan Tatum	582237
27678749	RobertsEmma	Emma Roberts	3209242
37257512	harleypasternak	Harley Pasternak	70608
84459396	BanksBoutte	Banks Boutt	248
221795029	annamilanollo	Anna Banana	1243
22807810	RyanKawamoto	Ryan Moto Kawamoto	640
21260235	SarniSays	Sarni A Rogers	682
31193186	rachelolschan	Rachel Olschan	2020
20010173	Palomafaith	Paloma Faith	577061
136062651	PBSamson	Paige Samson	93
15835987	ideahed	Nicholas Jayanty	354
278404189	kelseydarragh	kelsey darragh	17090
51929728	aubryla1	Jonathon Aubry	660
991568544	Techinista	Techinista	318
251342490	JakeWagnerLA	Jake Wagner	1327
21891975	aarontap	Aaron Tap	2458
419150215	ace_norton	Ace Norton	7416
15860544	AbeBurns	abe burns	1490
386774661	AlexHeartman	Alex Heartman	14629
14485153	Trojan81	Alex Holmes	40191
22867667	amypaffrath	Amy Paffrath	22231
540948956	Judge_Drewdy	Andrew Miano	202
18380532	AnwarCarrots	Anwar Carrots	23452
18091904	ashleytisdale	AshleyTisdaleFrench	12826766
21342963	Audrey_Shanahan	Audrey Shanahan	135
28291368	theoriginalbari	Bari Medgaus	1151
19013477	bethmosk	Beth Moskowitz	234
22966628	afuhrmative	Brad Fuhrman	251
29343799	BrandonBarash	Brandon Barash	99602
267978097	breckinmeyer	Breckin Meyer	76727
30345764	BretEastonEllis	Bret Easton Ellis	532602
17543791	CashWarren	Cash Warren	113576
300392539	RealCharityShea	Charity Shea	18768
17359253	cfrossi	Chris Rossi	894
117260485	itsdanielvang	Daniel Vang	468
156523002	EVerastegui	Eduardo Verastegui	131208
370352314	FelicityHuffman	Felicity Huffman	214190
37842538	GarySThompson	Gary Scott Thompson	884
106796547	geoffstults	Geoff Stults	41408
486212158	GeoffreyArend	geoffrey arend	3067
49717874	georgelopez	George Lopez	2025081
24331833	GillesMarini	Gilles Marini	158243
32627936	HalBurg	Hal Burg	200
581409023	Haley_Strode	Haley Strode	2814
53238154	howiemandel	Howie Mandel	635702
14982315	JamesGunn	James Gunn	175593
483508433	JamieElman	Jamie Elman	792
12925	Janina	Janina Gavankar	131773
18292380	steingoldmusic	SteingoldMusic	1094
105008365	Jayson_Blair	Jayson Blair	13690
5666172	thezman	Jason Ziemianski	9472
325536115	JordanWall	Jordan Wall	3366
107512859	joshduhamel	Josh Duhamel	974461
20029434	iamkatygoodman	La Sera	17654
26705414	LamorneMorris	Lamorne Morris	224554
40587475	lashawnmerritt	Machine Merritt	15948
25834389	lzakshorn	laurie zaks	10601
191237540	maestroharrell	Maestro	4393
15434913	MaxPolisar	Max Polisar	460
17843816	MelissaStetten	Melissa Stetten 	76689
328820908	MikeFaiola	Mike Faiola	14189
28165223	MilanKCarter	Milan Carter	1424
111234632	nathalia73	Nathalia Ramos	93971
16264006	petewentz	Pete Wentz 	3284146
14222259	rahims	Rahim Sonawalla	1390
17022627	richsommer	Rich Sommer	25750
163532664	RigoGonzalez_	Rigo Gonzalez	686
149460595	RKHorry	Robert Horry	29199
135773677	Ronny_Turiaf	Ronny Turiaf	81271
20019468	TheRue	Rumer Willis	302730
49888641	RussCundiff	Russ Cundiff	10636
17565514	shondarhimes	shonda rhimes	960550
26795522	RyanChisholm	Ryan Chisholm	3289
390800843	stanverrett	stan verrett	36655
584153415	ProducedBySteph	Stephanie Allain	4169
148891153	TrainerTony	Tony Martinez	6957
63762778	fashionblypetit	Fashionably Petite	1574
234480477	JacketOptional	Dave White	217
64522637	loribergamotto	Lori Bergamotto	5013
360818448	lesliezaikis	Leslie Zaikis	1388
14317646	joshuapramis	joshua pramis	2005
378798532	kelliacciardo	Kelli Acciardo	2803
583904288	GHGadgetGirl	GH Gadget Girl	1206
50292966	WellandGoodNYC	Well + Good	51879
307642294	xRED_SOULx	Lena 	6352
59364846	collegiatecook	Collegiate Cook	724
114275383	SabatiniOnStyle	Candice Sabatini	3025
16153714	carolyn_hsu	Carolyn Hsu	5360
22949420	Iamx10	Christen Rochon	944
75714557	tgatp	ThatGirlAtTheParty	1559
228177122	techmywifeplz	craig goldstein	437
62896543	CDGoyanes	Cristina D Goyanes	1573
55301971	darrenshield	Darren Shield	131
15758644	EmeraldGritty	Gritty Furiosa	922
34398513	gloria_sin	Gloria Sin	881
43812214	JsoEvolved	Hector Colon	452
26306519	JGWeiner	Jeff Weiner	818
1968	JonnNubian	Jonn Nubian 	11252
127738055	HauteDiary	Haute Diary	2626
16173089	fashionpulse	fashionpulse	11926
15566503	kimorlando	kimorlando	19445
230838988	foodiecitymom	Kimberly Coleman	395
111661620	HerAgenda	Her Agenda	12690
39306797	MadeMan	Made Man	13010
34082680	notetosarah	Sarah Tolzmann	4798
79117514	apartment_34	Erin Hiemstra	20488
7296202	fecastleberry	F.E. CASTLEBERRY	12539
18225864	therealtstrong	therealtstrong	1279
144599187	Glamamom	Glamamom	15345
21692557	AliciaMLund	Alicia Lund	14765
239543885	DatDudeBP	Brandon Phillips	1037146
54285953	chatallison	Allison Anderson	62892
9976852	dbearhunley	Daniel Bear Hunley	1410
36257778	ImAmandaJulius	Mandy Kilinskis	1336
612076511	surface	Surface	452045
219403168	hotmail	Hotmail	428449
755452	armano	David Armano	70315
834773568	fake_iOS6maps	iOS 6 maps	3726
15881026	ollymoss	Olly Moss	59569
89824578	KariDilloo	Kari Dilloo	1097
5633712	timsneath	Tim Sneath	4064
17086345	MarisaLalli	marisa 	423
16049723	Yammer	Yammer	60942
31987823	sarahdobs	Sarah C Dobson	204
74467456	TheHealthyApple	The Healthy Apple	12215
64853364	UnfriendlyMoose	Darren	408
121847967	purify2	Tom	192
102800191	bdsams	Brad Sams	16307
633	zephoria	danah boyd	108744
27115071	paulpierce34	Paul Pierce	3593243
14095370	OffbeatAriel	ArielMeadowStallings	3492
38706540	CMNHospitals	CMN Hospitals	23141
588570637	DylanMcDermott	Dylan McDermott	154859
306330832	TheHankBaskett	Hank Baskett	193609
56927066	donald_faison	Donald Faison	538310
15583378	AliFedotowsky	Ali Fedotowsky	260663
24028758	MSNewEngland	Microsoft NewEngland	9289
107146095	MLS	Major League Soccer	748869
16304817	dharmeshmehta	dharmeshmehta	319
610533	acedtect	Tom Merritt	89282
19925326	joelrunyon	Joel Runyon 	8616
16566551	wmpoweruser	wmpoweruser	61294
18073623	GWR	GuinnessWorldRecords	120111
11110502	DebraWilliamson	Debra Aho Williamson	2928
605805760	Outlook	Outlook	939288
311839015	TinaTrinhNYC	Tina Trinh	1472
15808765	CoryBooker	Cory Booker	1551673
166743822	GansevoortPark	Gansevoort Park 	8736
229558109	tweetAprilRose	April Rose	189687
202168131	hollymshapiro	Holly Shapiro	408
107539243	kennygeezer7	Kenneth Gee	396
166197893	pjcarone	Patrick Carone	1612
38222397	BrutlYuth	Gene Newman	216
16553668	deepashah	Deepa Shah	1159
318683533	DanBova1	Dan Bova	1491
18741249	billyb999	bill breen	117
58743	justinrocket	Justin R Silverman	3617
18987422	korygrow	Kory Grow	2130
18909998	loganhill33	Logan Hill	6666
18957350	martybeckerman	Marty Beckerman	2330
240544980	mattrodbard	Matt Rodbard	1615
81211980	mickeyrapkin	Mickey Rapkin	1569
14641288	catucci	nick catucci	3066
320513093	stephanieradvan	Stephanie Radvan	487
20712890	BrianAbrams	Brian Abrams	1800
52844843	brandonwenerd	Brandon Wenerd	5218
17537002	AlySemigran	Aly Semigran	640
27733550	Pfro	Paula Froelich	15411
27488581	thisisBenRitter	ben ritter	538
269001743	alisonprato	Alison Prato	1889
225613426	iamchriswilson	Chris Wilson	318
24441954	jfeldmar	Jamie Feldmar	3366
15706176	eye4style	Dina Fierro	25839
56729628	henretipreneur	Jeff Henretig	305
39609398	shutupilovethat	Taylor Davies	4405
342819396	TommyTomTom22	Tommy Crudup	805
188641291	MaxineNYC	Maxine Gurevich	249
25695210	JLevinthal	Julie Levinthal	74
16885904	dapko89	David Dapko	276
14498904	bdetrick	Ben Detrick	4998
155317806	LeAuraLuciano	LeAura Luciano	115162
539146033	allisontoombs	Allison Toombs	77
44123487	samfbiddle	Sam Biddle	27206
79392160	BrittanyABreen	Brittany Breen	5157
8539922	clutch_22	Jordana Bruner	5876
326453631	FinLaura	Laura Finklehoffe	300
279614969	J_Brukman	Jesse	7559
74470053	Scotch1012	Scott Harrower	120
215833379	downtowntravel	Downtown Traveler	2885
8567882	Mom101	Liz Gumbinner	44126
509495957	RSVLTS	The Roosevelts	4528
18858385	NeshasAgenda	Rhonesha Byng	3363
206378649	freydkin	Donna Freydkin	1843
16146026	ThisThatBeauty	ThisThatBeauty	32095
15905744	thetoyguy	Christopher Byrne	2819
18248514	jebediahreed	Jebediah Reed	1143
26841902	KCubes	Kaitlin Cubria	1607
19057000	daisylewellyn	Daisy Lewellyn	16692
15078182	RaeHolliday	Rae Holliday 	8425
18792959	GabrielofSFPL	GabrielofSFPL	3826
76386602	THESFPL	StuffFLYPeopleLIKE	2875
215829022	chris_lilli	Chris Lilli	231
69024888	redlightmgmt	Red Light Management	8907
22037461	mattsabes	Matt Sabourin	239
16336877	teefeena	Tiffany Sun	490
25107515	uptin	Uptin Saiidi	3239
27488193	lizzydl	Elizabeth Lancaster	529
7319832	AlexisTT	Alexis Tirado	10281
160123057	_Cooper	Cooper Fleishman	3753
158391699	carolyn_greg	Carolyn Gregoire	4200
15895736	heydoyou	Yvonne Kai	3881
14863801	IamJohnSimon	John Simon	6064
16662956	kylenw	kyle wagner	3405
16984687	FreshChrisLaw	Chris Law.	2662
589707230	FresherThnChris	FresherThanChris	86
111219804	AlexandraRane	Alexandra Gehringer	278
182433326	fashionstbride	Kristin Booker	89
15823588	DeathAndTaxes	deathandtaxes	11297
22719038	REDHOOKLEX	alexa	248
15823090	Chip_Chick	Chip Chick 	17605
14115712	wasgatt	George Wasgatt	365
18195317	west_on	weston	2142
33617356	Kev_Sprague	Kevin Sprague	309
37459297	StyleOperator	Style Operator	3799
14968568	catmcnelly	Catharine McNelly	1080
109841442	SavvyMomNYC	SavvyMomNYC - Ker	16713
11893122	leighleighsf	Leigh Ferreira	4366
15035345	mediamacaroni	Amy Kraft	3643
18873213	NYCSingleMom	NYC Single Mom	13947
109604578	gaynycdad	gaynycdad	21216
75662328	leslietravel	Leslie Koch	6521
9736372	InnovativeEdu	Lisa Nielsen	28450
15581683	amybarzdukas	amybarzdukas	337
25190928	katiedrumm	Katie Drummond	5437
81896993	MatthewKnell	Matthew Knell	4215
16645918	carlfranzen	Carl Franzen	4544
124608568	joshbeckerman	Josh Beckerman	2262
31520228	Momtrends	nicole feliciano	56422
31953761	maewow	Mae Karwowski	9983
19952733	MrEddieHuang	RICH HOMIE HUANG	63713
300921002	DailyCandyPR	DailyCandyPR	3591
17909306	dailycandy	DailyCandy	988097
779830	UrbanDaddy	UrbanDaddy	45230
192329579	hayleybloom	Hayley Bloom	1199
25402789	psimadethis	P.S.- I made this...	61178
19546942	Refinery29	refinery29	795372
64496833	NeonMorgan	Morgan Evans	3036
21754788	thesessionspot	Jon Goldmann	653
58827278	KBIronPalate	Karine Bakhoum	2044
21910137	suchinpak	suchin pak	9444
14348157	crampell	Catherine Rampell	52765
163959225	Naskademini	naskademini	449
14975020	boygenius	Jonathan S. Geller	30709
22568959	ItsMollyFord	Molly Ford	10085
127874471	TNWmicrosoft	TNW Microsoft	3525
114602310	amir	Amir Efrati	14567
16012783	thedailybeast	The Daily Beast	796420
19538986	JustJared	JustJared.com	658086
170558474	horrorwriter74	Jeff Meisner	714
13967652	JulieAlexandria	Julie Alexandria	17653
18131988	MomItForward	Mom It Forward	65010
26219381	ABAOProductions	Aharon Rabinowitz	13510
24728976	randygoldberg	Randy Goldberg	1757
10032112	sorayadarabi	Soraya Darabi	396301
19329393	PerezHilton	Perez Hilton	5988896
15924274	mochadad	Mocha Dad	16497
174347580	wangtanya	Tanya Wang	636
163526785	magoolovesfood	Maggie Adams	433
22169548	missbeaux	Natalie Bowman	2513
14160166	CyNyC	CynCooley	513
19804057	KiddiesCorner	Kiddies Corner Deals	13966
15263106	travelinglens	Vivienne Gucwa	50733
201706497	mamanycnet	MamaNYC	18916
44271047	daspilar	Pilar Clark	3379
17202870	JeanaTahnk	TopTechMom	4675
1253661	johnkoetsier	John Koetsier	9373
562359419	FridgeToaster	Toaster Fridge	543
8522892	bigmacher	Jeff Dwoskin	39669
42906429	chefmichy	michelle bernstein	14764
21029361	thegwillis	Greg Willis	580
525431619	MsLizzySullivan	LIZZYSULLIVAN.COM	62
22689654	laranaaman	Lara Naaman	789
68613543	MissCindrich	Christina Cindrich	25769
490932793	MarkRober	Mark Rober	6393
27894564	YummyANA	ANALIE  *GADGET GIRL	7998
569390359	AlexBracetti	Alex Bracetti	593
336550057	Annemsachs	Anne Sachs	1311
409274130	tonyatskype	Tony Bates	2265
171688564	Seansjohnson	Sean Johnson	197
25940364	designsponge	Grace Bonney	512616
820585	baratunde	Baratunde	171363
14290222	davechensky	David Chen	17771
16630362	TheSource	The Source Magazine	393272
141056065	BKCJ	CJ Washington	743
14332682	marcustroy	Marcus Troy	12863
28417783	PeterWalsh	Peter Walsh	38425
26604704	OurNameIsFun	FUN.	681310
15238124	thecoolhunter	thecoolhunter	305853
276680510	GoogleLocalSEA	Google Local Seattle	9339
19280653	charleskoh	Charles Koh	35060
36505486	maryrenouf	Mary Renouf	1900
20477619	ToshibaUSA	Toshiba	106848
18150346	heshelman	heshelman	986
120279672	radicalriffs	radical riffs	1335
22592948	NathanKress	Nathan Kress	2369365
20120877	JASMINEVILLEGAS	JASMINE V	1688209
291983755	braxtonpope	braxton pope	5329
8308762	SavvyAuntie	Melanie Notkin	23332
18201114	MaximMag	Maxim	384232
56552085	KellySaks	Kelly Saks	5581
161939220	KellysKloset	KELLY'S KLOSET	2166
36259237	KristenDold	Kristen Dold	1349
84645593	JoelRandell	Razor Horizon	1042
25087685	WomensHealthMag	Women's Health	3482843
67713651	greene	Jay Greene	4039
129939890	MarketplaceTech	Mktplace Tech	13608
20182972	VivaFashion	Viva Fashion 	7022
87016821	AptTherapy	Apartment Therapy	175742
19247844	glamourmag	Glamour	1025353
15934926	LuckyMagazine	Lucky Magazine	436134
18671559	edgarwright	edgarwright	514028
23244977	TechZader	Chris Luzader	35682
22026934	RogerWCheng	Roger Cheng	16626
9640912	sharonpianchan	Sharon Chan	4605
21817105	jennihogan	Jenni Hogan	72410
14295096	Travelogged	Liz Borod Wright	36418
14626565	therealKIMMOTT	KIM MOTT (Mance)	28253
16589148	nomadicmatt	Nomadic Matt	86344
15252589	wgold	wgold	497
460486951	msnNOW	msnNOW	30166
65139172	BrynaTweets	Bryna Corcoran	24614
25562113	MicrosoftOEM	OEM at Microsoft	14387
423546802	ITRG_Ian	Ian Alexander	115
228119703	ArethaHarden	Aretha Harden	130
353243267	ItsMeFons	Al'Lafons	610
190838884	mesngtob4	Marvinetta Clay	106
37444450	LaTonyalovett	LaTonya Lovett	721
27969588	NiColeFinklea	NiColeElan	76
15354603	Jumjums	Jumi Sakurai	286
273779084	microsoftflight	Microsoft Flight	908
11489072	amyofwindsor	Amy Windsor	6761
78613092	Staples	Staples US	308650
15811608	MomSpark	Amy Bellgardt	65855
19501656	CollegeCandy	College Candy	13611
99357063	Digitizd	Digitizd	789
94440447	faithfulmomblog	Shasta Spivey	12764
29599103	annie_wang	Annie Wang	2653
15295503	JessicaGottlieb	Jessica Gottlieb	30891
12161242	MamaPop	MamaPop	20381
14537303	mombloggersclub	Mom Bloggers Club 	92580
14179549	AudreyMcClellan	Audrey McClelland	57872
16072150	MsCareerGirl	MsCareerGirl.com	11480
19835106	kristenhowerton	Kristen Howerton	18817
44031095	realmomsviews	Real Moms Real Views	11278
17628655	twoofakind	Dee	13312
18165103	kungfujedi	The Adventure Blog	8123
20693913	collegeprepster	Carly A. Heitlinger	30291
142781954	ThisIsTSJ	The Smoking Jacket	29207
103919118	dadarocks	DaDa Rocks!	39785
211697980	collegecures	College Cures	1516
15524002	BridgetteLA	BridgetteLA	22165
13806712	colinismyname	Colin Wright	14610
32587119	byPostGrad	Erin Flynn	2821
20593866	glehel	Glen Hellman	3707
23647404	ourkidsmom	Heather Smith	38892
5438902	SteveGeb	Steve Gebhardt	693
16454936	COED	COED.com	27562
112479899	GoodMenProject	The Good Men Project	161379
84693957	YouTern	YouTern	20585
125867143	SippyCupMom	Melissa	19118
24827206	LaDolceVitaBlog	Paloma Contreras	16692
17638487	thisisglamorous	This Is Glamorous	15320
125033	tamar	Tamar Weinberg	42109
14435842	veronabrit	Veronika's Blushing	2820
16571541	cafemom	CafeMom	80489
225468671	CampusSplash	Campus Splash	1844
16044292	McLeanRobbins	McLean Robbins	5880
28281658	Hipsher	John Hipsher	617
153166309	Dance_Central	Dance Central	54207
15846407	TheEllenShow	Ellen DeGeneres	43618529
156976989	FITNESSkarla	Karla Walsh	2824
16060663	AndreaDeckard	Andrea Deckard	59381
14935281	Enderle	Rob Enderle	17095
23018333	Ali_Sweeney	Alison Sweeney	631912
26369932	selop	Stephen Elop	56715
11312652	dellhome	DellHome	101180
58561993	Dell	Dell 	486828
59414975	Halo	Halo	553533
5443002	AceyBongos	Graeme Boyd 	43320
48200629	Lawrence_Green	Lawrence Green	137
15673215	eshelman	mike eshelman	412
134293832	BenReedPro	Ben Reed	655
38887116	followjenyu	Jen Yu	1732
21084951	RoseKuo	Rose Kuo	2087
664083	eug	eugene hernandez	13919
25754624	drelly	lauren drell	12669
23379390	RobWakes	Rob Wakes 	964
14765211	_cbarnes	Chris Barnes	570
240342223	KitHennessey	Kit Hennessey	254
189928329	SkywardKing	Skyward aka Joey	390
18290444	MissCatee	Catee 	259
300879728	mhargas	Matej Hargas	80
252857250	Annaeliesebet	Liese Savage	224
14114985	Marcham93	Michael Archambault	1203
290097288	CallofDuty	Call of Duty	2756959
121268612	mwilliams1q23	Matthew Williams	319
15313351	fareastmovement	fareastmovement	361756
14440284	largehotcoffee	Jacob	4122
103407522	baraayche	Bara Ayche	43
44770583	petersmeg	Meghan Peters	10969
141637859	MooCheezy	Mohammed Sami Uddin	301
6193182	jbruin	Jenn Van Grove	27794
117404245	allfacebook	SocialTimes/Facebook	20764
14305100	Shih_Wei	Veronica Wei Sopher	5449
36980342	guarnaschelli	alex guarnaschelli	197886
13709302	drigotti	Dave Rigotti	3101
30942099	ForzaMotorsport	Forza Motorsport	100302
72970581	TwoAndAHalfMen	Two and a Half Men 	600125
13434092	BrandonWatson	Brandon Watson	13949
5541152	TommyLee	Tommy Lewis	5302
15517863	jsenior	James Senior	3721
294210173	bldwin	Build	34317
167877517	ZeroInfinite	Zero Infinite	701
5129151	ToddWasserman	Todd Wasserman	19588
7380362	alex	Alex 	43954
14269220	thevowel	Eric Neustadter (e)	49210
189912233	MelissaDLierman	Melissa Dawn Lierman	840
162067690	nick_orbe	Nick Orbe	262
18644421	talexe	Thomas Elliott	449
21899498	jconstant65	John Constant	177
46184817	himesh108	Himesh Mistry	247
18034656	TroyPattee	Troy Pattee	62627
15270978	Jentifa	Jennifer	7846
54985760	tammera111	Tammera	1277
11990542	stephenlrose	Stephen  Rose	72558
132069595	dsghi	Derek Gabriel	3618
9008052	techburgh	Andy Quayle	11931
17280132	QuirkyFusion	Quirky Fusion	5975
24983308	tinytim35	Timmie Smith	213
80069507	FLsCoutureQueen	Giveaway Queen	3101
382653	vloky	sara	1143
18710341	DownshiftingPRO	Margarita Ibbott	14729
100854371	Dadventurous	Troy Pattee	14224
18809295	DanielLaycock	Dan Laycock	1638
16570335	RobynsWorld	Robyn Wright	25314
37530046	MetsKevin11	Spinal Stenosis 	3821
103057278	FiddleDeeAsh	Ashley	4216
68964477	RalphakaSpeedy	Ralph Ndem	123
282781143	bios881	Nikitin Dmitryi	104
305827961	TechEnlightener	Stefan	210
164636519	obengdako	Kwame Obeng Dako	480
282721964	P133RO	Rusty 	302
85218612	FamilyTechZ	Sarah Kimmel	6765
31475986	JimRoton	Texan	366
14514258	GigiMRoss	Gigi Ross	10782
20710809	FoodNetwork	Food Network	2941066
177982564	GarthWorking	Garth Holsinger	1946
24837886	RachaelElaine	Rachael Odom	188
228544619	8pmWarrior	8pm Warrior	2528
2425151	facebook	Facebook	13909196
353466012	BuildWindows8	Building Windows 8	54799
5091371	jodijodijodi	jodi kogan	1539
18121810	nathansnewman	Nathan Newman	304
13326512	jennmercurio	Jennifer Mercurio	402
23139360	kiknwing	Tyler Smith	151
55812691	giarfa	Francesco Giarola	49
24340169	FindMike	Michael W. Lam	197
82945637	CameronPitt	Cameron Pitt	219
326313111	buyrl	Burahan	144
37001747	bankavarun	Varun Banka	400
75587149	AnduA	Andu	190
191113400	achiash	Achia Shaag	210
14831312	robertmclaws	Robert McLaws	2197
41754227	scottgu	Scott Guthrie	114420
75440877	stephaniechinn	Stephanie Chinn	249
135549331	TchrLv	TeacherLove.org	109
13225072	OurOrdinaryLife	OurOrdinaryLife	31080
14376953	coolhunting	Cool Hunting	325717
14326765	johnhcook	John Cook	16544
1872601	dberlind	David Berlind	8711
6070762	pcworld	PCWorld	304958
32629751	iizLiz	Liz Philips	10998
19372797	mspoonauer	Mark Spoonauer	6010
15020339	AnnZaninovich	Ann Zaninovich	1357
195742848	CarrieWChildren	Carrie McLaren	9038
17034634	windowsblog	Windows Blogs	439983
22937213	KristinaLibby	Kristina Libby	9545
15443368	mommygoggles	MommyGoggles	17539
6820932	ghc	Grace Hopper (GHC)	23971
18958468	fareologist	Bing Travel	279472
14589257	JessicaChobot	Jessica Chobot	184524
15858135	aots	Attack of the Show	202917
8161232	richardbranson	Richard Branson	5676127
94919897	BloggyMoms	Bloggy Moms Network	107874
24189983	formerlyphread	jenny eckton	1998
20598091	DigitalGeekGirl	Melissa Dawn Lierman	18392
282172973	BeABetterWoman	Amy Harman	696
19838731	kellyloubet	Kelly Loubet	9663
16153984	jylmomIF	Jyl Johnson Pattee	29869
181248242	TwitSprout	TwitSprout	23602
18818045	mceezy	Mariel Concepcion	1249
137365854	Office365	Office 365	450478
297174372	onedrive	OneDrive	883509
30139655	thurott	Paul Thurott	2432
15719962	jenspeak	Jennifer Caukin	18274
15827269	BradStone	Brad Stone	68166
19803702	socialfresh	Social Fresh	65418
48485771	therealcliffyb	Cliff Bleszinski	266485
50167971	djlanilove	Lani Love	1394
26299927	denise_kreft	denise kreft	1334
51219915	SammyHurricane	Samuel Stewart	1048
162124752	albie_alexander	Albie Alexander	1796
18107016	byalicelee	Alice Lee	3733
23725602	sarahbpowers	Sarah Beth Powers	144
18792477	geekbabe	Jean Parks	20146
55442663	robertlhawley	Robert Hawley	274
150411174	hollargram	Graham	522
221176976	kubeans	Greg Kubin	720
45271585	patty_chung	Patty Chung	525
5696992	christinewhuang	Christine W. Huang	1958
194364206	ScratchSays	Scratch (@ Viacom)	1935
180131484	WhenLadiesMeet	Miss	92
58774234	jacobbh	Jacob Brooks-Harris	298
15805579	newyorkbob	Robert S. Anthony	1015
7943872	michaelemeyers	michael e meyers	24719
62931366	305BANANAS	Shaun Pazel	426
44750448	amalinsk	Amy Malinsky	132
17029112	seanjaques	seanjaques	156
63247244	aphickson	ALLY HICKSON	699
135000502	Joelle_writes	Joelle Alcaidinho	1172
23847017	FernieZap	Fernanda Zapata	2402
48915535	jenniferepowell	Jennifer Powell	2570
18990767	kathbarna	Katherine Barna	1775
20267485	laneycrowell	Laney Crowell	3304
231951284	andersonkenny22	Anderson Kenny	80
25297590	jts	Justin Stanwix	1384
193709007	paperescapade	Paul Tuller	470
15724826	DaveyBarrett	Davey Barrett	1942
7254632	joshuanewman	Joshua Newman	10163
123360101	DYDigs	DECORATE YOUR DIGS	255
91435342	Tobolowsky	Stephen Tobolowsky	29689
27260086	justinbieber	Justin Bieber	64161949
136361303	voguemagazine	Vogue Magazine	6189225
60807261	Techlicious	Techlicious	8679
24457240	Shahendra	Shahendra	922
39568723	lindseybastani	Lindsey Bastani	290
6113642	zevmo	Zev Mo Green	2219
138494255	mryumingwu	Yu-Ming Wu	3611
9813152	YuliZ	Yuli Ziv	14335
16266542	nitrolicious	wendy lam	19541
48816337	wordgirlvicks	Vickie An	493
6498342	imnotobsessed	I'm Not Obsessed	10469
13360772	ambienttraffic	Tracie Lee	384
39790361	Tgrumet	Tobey Grumet Segal	310
14518765	stephronyt	Stephanie Rosenbloom	12295
5174191	styleit	Sarah Conley	21982
83213648	samchotiner	Sam Chotiner-Gardner	636
14983722	ramonbnuezjr	Ramon B. Nuez Jr.	4870
70781227	PhyllisPRpr	Phyllis R. London	254
8345872	micahspear	Micah Spear	1650
191547734	matthewwaldman	matthew waldman	770
54938526	littlekhole	krista freibaum	356
14294650	mominthecity	Kimberly Coleman	14288
16716129	MommasGoneCity	Jessica Shyba	29683
22779358	jgardner17	John Gardner	70
26549306	jgandco	Jessica Gold Newman	1038
47835523	RacePaceJess	Jess Underhill	17316
126482319	Ihaveyourbaby	Greg Stefano	259
21502768	gracehelbig	Grace Helbig	1039192
38974158	SugrRockCatwalk	Sugar Rock Catwalk	1968
15172801	MissWhoeverUR	Eileen \_()_/	9489
35374846	drewpsie	Drew Elliott	5666
150853391	ceo_thenewtrad	New Traditionalists	7936
239276399	MidtownChap	David Browne	229
11224152	danicalo	Danica Lo	5654
215855370	CP_Anders	Cass Anderson	301
18738020	MidtownGirl	Amy Chandra Browne	5572
24718281	AmiKealoha	Ami Kealoha	544
6362172	alywalansky	Aly Walansky	34603
250680573	AliceOglethorpe	Alice Oglethorpe	474
15740159	adriaanz	Adriaan Zimmerman	601
19730751	AdamNeuhaus	Adam Neuhaus	626
17135719	adam_dadson	Adam Dadson	534
132278362	poppin	Poppin	7804
14779520	dougthomas	Doug Thomas	913
146155608	GearsofWar	Gears of War 	208179
16037707	MichChat	Michele Chatburn	2499
11435642	jeffjarvis	Jeff Jarvis	149474
6141832	cshirky	Clay Shirky	349467
11666142	joshuatopolsky	Joshua Topolsky	152592
9534522	Pogue	David Pogue	1561716
42304252	feedfliks	FeedFliks	3586
113463854	ryangcamp	Ryan Campbell	337
14964767	thurrott	Paul Thurrott	100636
15845732	BetaChris	Chris Poirier	1534
2459371	Skype	Skype	4657342
17267391	wildfireapp	Wildfire by Google	65478
19413393	E3	E3	739555
11674822	tanis_eh	Tanis Miller	23075
15293352	StacieinAtlanta	Stacie H Connerty	127772
45756215	MommyPR	MommyPR	37857
5391882	dooce	Heather B. Armstrong	1527916
14517899	5minutesformom	5minutesformom	69307
15175819	bookieboo	Leah Segedie	135720
14868699	ScaryMommy	Scary Mommy	407568
15470403	ResourcefulMom	Amy Lupold Bair 	75560
2390651	techmama	Beth Blecherman  	33090
46787681	coolmomtech	Cool Mom Tech	30893
3825931	stevecla	steve clayton	10461
756278	ChrisPirillo	Chris Pirillo	137058
19559116	microsoftcanada	Microsoft Canada	36689
18278965	brandichastain	Brandi Chastain	45831
12032162	johnnystock	John Stockton	1309
3415861	jldavid	Jean-Luc David	6722
151222531	XboxforAll	XboxforAll	18528
64780470	HSN	HSN	65413
51737153	habituallychic	Heather Clawson	29300
14937173	JulieMPron	Julie 	11055
22074445	donmcmillan	Don McMillan	1924
18818598	chriscapossela	Chris Capossela	6134
41488578	Mariners	Seattle Mariners	284629
134009885	Msbeervendor	Kevin Zelko	2244
34784570	ChrisW_B	Chris Barry	567
30271564	MatthewPerry	matthew perry	1020434
15856435	MSN	MSN	231326
21925107	suzilevine	Suzi LeVine	630
15736190	smashingmag	Smashing Magazine	904182
164859947	msfthardware	Microsoft Hardware	80953
13058772	LinkedIn	LinkedIn	991546
28669612	RealLamarOdom	LAMAR ODOM	4233207
32959253	khloekardashian	Khlo 	14220351
784304	sxsw	SXSW	473201
117504742	artrytys	Art Gonzalez	293
15917225	bryanmishkin	Bryan	854
17838399	steven_follis	Steven Follis	584
16358678	ChunLum	Lori Lum	1688
22888444	MattMadderra	Matt Madderra	390
14816238	charohenriquez	Charo Henriquez	1600
21524095	Stevelev17	17Stephen	281
16119692	mpresley	Matthew Presley	1018
90961424	bradcbarker	Bradford Barker	1386
3462061	annatauzin	Anna Tauzin	2188
818155	caro	Caroline McCarthy	34209
813790	chrisbernard	Chris Bernard	2003
809589	steveymacjr	Stephen M	176
16887185	bizspark	Microsoft BizSpark	62469
16492009	coolmompicks	Cool Mom Picks	462351
16022682	socialmoms	Megan Calhoun	443910
14206711	ModernMom	ModernMom	222155
20770172	wiredmom	Wired Mom	120449
14345566	TheBloggess	TheBloggess	408743
4641021	RWW	ReadWrite	1624776
3829151	leolaporte	Leo Laporte	568450
930061	ginatrapani	Gina Trapani	358763
1305941	jkottke	Jason Kottke	262758
28123862	Astro_Mike	Mike Massimino	1318808
858051	dannysullivan	Danny Sullivan	464550
10454572	jennydeluxe	Jenna //\\ Wortham	564634
2384071	timoreilly	Tim O'Reilly	1927933
36823	anildash	Anil Dash	555943
15208246	WIREDBusiness	WIRED Business	815998
37774152	kaj33	Kareem Abdul-Jabbar	1707186
92892933	bowlologist	Damien Fleming	129302
8067082	biorhythmist	matt	89377
21457289	MSFTResearch	Microsoft Research	273469
16457664	bretzilewski	Laura Bretz	625
17806443	noahlsinger	Noah Singer	1321
63780670	FigurePrints	FigurePrints LLC	545
22387220	qhardy	Quentin Hardy	20518
2069711	reckel	Richard Eckel	1313
15308649	ShawnaSimpson	Shawna Simpson	1326
24727891	nokia	Nokia	1932661
15416485	ckindel	Charlie Kindel	12090
95699292	MSFTNext	Next at Microsoft	59583
5637182	ReckenRoll	Katie Recken	1157
24043639	SAP_MSFT	SAP and Microsoft	2305
849131	brandonleblanc	Brandon LeBlanc	12737
17201929	EMPmuseum	EMPmuseum	18729
131253093	southcoastplaza	South Coast Plaza	5172
21347710	ASUSUSA	ASUS North America	153988
18800370	Microsoft_Green	Microsoft_Green	18739
17193794	HP	HP	901987
65457124	Corning	Corning Incorporated	9944
148486596	Creepy95	Queen of Saigon	401
15749059	Ldub_Xbox	Lisa Worthington	854
754928	lfoy	Laura Foy	2416
20455625	esquire	Esquire Magazine	306310
22531885	joshkirschner	Josh Kirschner	436
21722666	tshakaarmstrong	Tshaka Armstrong	3183
145716301	Hip2Housewife	Nancy Friedman	4618
14325249	beccasara	Rebecca Levey	6594
6811802	scrappinmichele	Michele McGraw	19064
27250474	TechDadCentral	Ron Remy	209
10814422	MomCentral	Mom Central	95768
19601111	MicrosoftPress	Microsoft Press	161039
91396874	BenThePCGuy	Ben Rudolph	36722
38693878	cbeilinson	Craig Beilinson	412
79543	jowyang	Jeremiah Owyang	161610
34095683	angelicambio	 Angelica Ruiz	8186
15647839	jake_grey	jake_grey	846
711303	steverubel	Steve Rubel	90283
231565867	ChetLogo	Chet Logothestian	632
33794839	Microsoft_Hires	Microsoft is Hiring!	5480
14948946	sandraleduc	sandraleduc	1217
49465463	maryjofoley	Mary Jo Foley	103801
18715546	markmurray98119	Mark Murray	1557
227807605	Desenfrenad0_	Efrn.	3717
770729	lizgannes	Liz Gannes	71773
37570179	arrington	Michael Arrington	198044
989	om	Om Malik	1479100
5763262	karaswisher	Kara Swisher	1034838
6708952	SteveCase	Steve Case	739415
20180686	MSFTissues	MSFT on the Issues	22185
17826187	Microsoft_EDU	Microsoft Education	109932
16444606	KatieBoehret	Katie Boehret	40591
14090245	swildstrom	Steve Wildstrom	4509
814253	Rafe	Rafe Needleman	50345
818340	marshallk	Marshall Kirkpatrick	58563
229523	jeffsand	Jeff Sandquist	27860
26589486	Carrie_Morris	Carrie Morris	709
15876737	scottporad	Scott Porad	7767
14463704	jpszambelan	JP Szambelan	911
22224737	bwishan	Brian Wishan	546
9409072	NatashaAvery	Natasha Avery	3436
10345822	janellep	janellep	840
14209658	ErikaBitzer	Erika Bitzer	1450
9460662	kipkniskern	Kip Kniskern	2373
5015281	seattlegirl	Marty Taylor Collins	2846
14532173	thatrobguy	Rob Wolf	5728
59889953	VerizonWireless	Verizon Wireless USA	1593401
9324442	rossrubin	Ross Rubin	9072
13055	digitaldad	Pete Bernard	369
7745472	JoannaStern	Joanna Stern	73021
8477102	EricHicks	Eric Hicks	419
12199652	edbott	Ed Bott	38041
4405241	bittermelon	Scott Hillis	396
15108910	rpesce	rich pesce	2982
14865169	billcox	Bill Cox	7705
199526100	MonsterAbelART	Gaga	1945
14199378	smithsonian	Smithsonian	1789470
183702229	Keanu_808	Keanu Shrinski	276
42109921	RobynJaneRox	Rob Awa	3628
5392522	nprnews	NPR News	3614506
839321	charleneli	Charlene Li	99683
972651	mashable	Mashable	5316032
9460682	ch9	Microsoft Channel 9	246412
17919972	taylorswift13	Taylor Swift	58011180
17944084	pmsmrsmoose	pms mrsmoose--Nikki	779
16966580	MichaelGillett	Michael Gillett	4643
20195643	dimdom	Dominic Langmead	975
104219744	svnbln	svnbln	445
10228272	YouTube	YouTube	51167428
13687132	joystiq	Joystiq	363092
12611642	thinkgeek	thinkgeek	970901
177299474	BloggingAngels	Blogging Angels	1509
22677790	Jon_Favreau	Jon Favreau	1849645
69414440	girltalk	Gregg Gillis	53645
9831152	shivsingh	Shiv Singh	35460
7392512	marioarmstrong	Mario Armstrong	18606
17029943	annechahal	Anne 'Ani' Chahal	4720
7212562	SouthwestAir	Southwest Airlines	1856187
16409781	MicrosoftStore	Microsoft Store	798261
78081806	msftcitizenship	MicrosoftCitizenship	50090
14279256	Hasselbeck	Matthew Hasselbeck	183486
24742040	Xbox	Xbox	5340109
16190898	RyanSeacrest	Ryan Seacrest	13494838
1459761	robinr	robin raskin	3758
16177296	TheOnlineMom	Monica Vila	55514
14389615	JenSinger	JenSinger	13285
13535762	fxshaw	Frank X. Shaw	24665
28420827	FINALLEVEL	ICE T	537140
15495117	SelfishMom	SelfishMom	24520
19955454	fromthefrontrow	Leah Bourne	6696
18155171	c2cmom	Coast2CoastMom	5569
19111507	GirlGoneTravel	Carol Cain	21327
25240392	naughtybynature	Naughty by Nature	56821
14155052	crecenteb	Crecente	31580
15141908	nategarvis	Nate Garvis	5339
87798068	Techland	Techland	108461
28947545	imaginecup	MSFT Imagine Cup	45301
23651080	kunur	Kunur Patel	6216
15376225	MicrosoftEMEA	Microsoft EMEA	21009
55655811	BluePhaze_24x7	BluePhaze 24x7	2040
20819431	officeformac	Office for Mac	22308
15210389	chrisdannen	chris dannen	4519
50393960	BillGates	Bill Gates	22244448
8315692	GlennF	Glenn Fleishman	17145
16002751	dvice	DVICE	19602
17548445	GFWL	Games for Windows	9366
14445542	cheeky_geeky	Dr. Mark D. Drapeau	28864
14800257	MelCarson	Mel Carson	10572
15517570	BingAds	Bing Ads	45422
63823019	MicrosoftBr	Microsoft Brasil	161943
16692594	jenwag57	Jennifer Wagner	7128
58580962	MSFTWEB	Windows Embedded	23443
788673	johnbiggs	John Biggs	28688
16335435	TechEd_NA	TechEd NorthAmerica 	29297
14733000	ianfogg42	Ian Fogg	2110
7905122	guardiantech	Guardian Tech	2415290
14293310	TIME	TIME.com	7425021
807095	nytimes	The New York Times	16889324
428333	cnnbrk	CNN Breaking News	26873406
20536157	google	Google	11183582
16711478	MacTrast	MacTrast	177037
16569530	clatko	Chris Latko 	446680
13416712	adamlashinsky	Adam Lashinsky	34699
19115745	WPRetailInsider	WP Retail Insider	8774
18460724	microsofttag	Microsoft Tag	21337
15434432	WinObs	Richard Hay	19195
174853	Gartenberg	Michael Gartenberg	23479
18636529	gmanolatos	Gerry Manolatos	1099
18164662	usatodaytech	USA TODAY Technology	154535
13348	Scobleizer	Robert Scoble	454544
15705437	Lookout	Lookout	52218
10350	Veronica	Veronica Belmont	1746632
657863	kevinrose	Kevin Rose	1571121
19476868	nickwingfield	Nick Wingfield	14234
6206612	MikeSnider	Mike Snider	10199
24953891	BrierDudley	Brier Dudley	6220
14372486	engadget	Engadget	1353853
34442755	PatrickSeitz	Patrick Seitz	798
1295561	ChrisNuttall	Chris Nuttall	15370
6642152	dinabass	Dina Bass	11922
11998942	stevebaker	Stephen Baker	8612
34313933	MintzAP	Jessica Mintz	903
10668202	intlCES	International CES	117476
8265732	noahr	Noah Robischon	9121
8362412	blam	Brian Lam	26062
27939638	wjrothman	Wilson Rothman	14621
16494777	tartakoff	Joseph Tartakoff	2151
16500799	TechFlash	TechFlash	7887
60380165	devinleonard	devin leonard	788
18453278	darlin	Damon Darlin 	8152
808627	StevenLevy	Steven Levy	90479
15740422	GameLife	GameLife	4994
11518842	gadgetlab	WIRED Gadget Lab	1851733
1344951	WIRED	WIRED	4575101
24206756	AppleScoop	AppleScoop	169
5746452	waltmossberg	Walt Mossberg	718646
33993984	njeaton	Nick Eaton	3594
20439140	EverythingMS	Everything Microsoft	195034
78083564	Microsoft_Feed	Microsoft Feed	6129
17338082	TMobile	T-Mobile	506095
59602642	Verizon	Verizon	286351
14626738	sprint	Sprint	277553
15298399	sprintnews	Sprint News	68351
14620190	ATT	AT&T	660225
17906428	ATTBusiness	AT&T Business	81009
75200167	mobere	Mobere	2596
78537132	MyWinPhone	Windows Phone MY	676
15956067	joseiswriting	Jose Antonio Vargas	55445
18195227	khohannessian	Kevin Ohannessian	949
7301572	robpegoraro	Rob Pegoraro	15234
816653	TechCrunch	TechCrunch	5138742
1068831	slashdot	Slashdot	144370
14074856	AlexPham	Alex Pham	4404
862681	ryan	Ryan Block	84739
18285245	notwen	Marc Whitten	14091
19595287	aarongreenberg	Aaron Greenberg	23431
14835752	laptopmag	Laptop Magazine	17754
14539324	Computerworld	Computerworld	175061
18604069	ComputerUsers	ComputerUser Mag	2110
7019912	computershopper	ComputerShopper.com	7071
21763777	CEScoop	consumer electronics	3027
24281031	ffishkin	Fred Fishkin	778
732073	joeljohnson	Joel and 9 others	13038
4812381	robinyang	Robin Yang	4557
2986	DanPatterson	Dan Patterson	10506
253973	joewilcox	Joe Wilcox	4018
3840	Jason	jason	228665
1422311	peterrojas	Peter Rojas	32790
16120265	inafried	Ina Fried	69212
3028161	ojezap	Julio Ojeda-Zapata	15993
15658980	AndreaSmith	Andrea Smith	8154
15006743	zpower	Chris Ziegler	34608
8632922	xtinatynanwood	Christina Tynan-Wood	2181
32277346	ericbendy	Eric Benderoff	1450
20164541	SuzanneKantra	Suzanne Kantra	3382
9641832	shansell	Saul Hansell	18285
14256759	sethporges	Seth Porges	8903
18953834	seandalypoplife	Sean Daly	3535
14313712	mattbuchanan	matt	18338
1536811	markoff	John Markoff	55238
7471152	markhor	Mark Horowitz	2839
15716329	lomrantz	TraceyLomrantzLester	2664
31431199	lizkiernan	liz kiernan	40
16723037	kyhenderson	Ky Henderson	2376
14497487	SINTUMUANG	Kevin Sintumuang	3446
2311921	gderene	Glenn Derene	666
15301803	frankrose	Frank Rose	5748
34739967	ehsieh1	Emily Hsieh	288
1010181	dsilverman	dwight silverman	22547
18320578	dianavilibert	Diana Vilibert	3058
21225119	CrispyEvan	Crispy Evan	45
14247636	Cat_Schwartz	Cat Schwartz	12983
1064051	bjdraw	Ben Drawbaugh	4354
18796686	MSAdvertising	MicrosoftAdvertising	36706
16425197	Lumia	Lumia	1927754
21025198	mspixelsense	Microsoft PixelSense	32840
16334724	wpdev	Windows Platform Dev	178851
14874480	bing	Bing	671528
19315174	IE	Internet Explorer	772360
16265198	messenger_dummy	Messenger	28712
17800797	windowslive	windowslive	63603
22209176	Office	Office	1122409
55338862	XboxEntertain	EntertainmentForXbox	113761
17029324	brianseitz	brianseitz	3426
15913	majornelson	Larry Hryb	810505
31959965	WindowsGamer	WindowsGamer	20692
24741685	MSFTnews	Microsoft News	770118
15670515	Windows	Windows	5160683
