117445602	Atlantic_LIVE	AtlanticLIVE	6376
14406923	ryanga	Ryan Galgon	149
11155602	Redbullairrace	Red Bull Air Race	25093
49409854	KirbyChambliss	Kirby Chambliss	7500
106419866	brbarrett	Brian Barrett	5259
14208474	windowscentral	Windows Central	234079
2616024884	MSFTAzureMedia	Azure Media Services	182
2917903676	StevenHauschka	Steven Hauschka	9156
54645160	DARPA	DARPA	107616
106535707	cmileswhite	Christopher White	33
35818441	promujer	Pro Mujer	4488
564069706	KellyMaryLouise	Mary Louise Kelly	765
294210173	bldwin	Build	34313
81277268	ExpertZone	Microsoft ExpertZone	27945
19306563	mitentforum	MIT Enterprise Forum	10643
48275072	MITEFnw	MITEF Northwest	2079
21944889	sidhantgupta	Sidhant Gupta	205
159473225	DanKedmey	Dan Kedmey	222
28306402	danyoel	Dan Liebling	340
2463677318	MSFTChicago	Microsoft Chicago	2206
571202103	Medium	Medium	1227516
2896124082	KristinLauter	Kristin Lauter	82
21285117	WorldWideWong	Curtis Wong	137
47786101	RobertDowneyJr	Robert Downey Jr	4601495
3018700098	ConnectedCamps	Connected Camps	169
21361624	iheartSAM	SAM	57062
489375366	glenweyl	E. Glen Weyl	1013
2888791140	microsoftband	Microsoft Band	11871
20646711	UNESCO	UNESCO	759899
20370620	sfbayrane	Rane Johnson	1002
1648282604	ShaleneGupta	Shalene Gupta	1102
33474655	Cambridge_Uni	Cambridge University	186032
6595682	stshank	Stephen Shankland	26117
17022627	richsommer	Rich Sommer	25749
36515907	etzioni	Oren Etzioni	2668
297174372	onedrive	OneDrive	883479
2983253162	MSPowerMap	Power Map	224
2422622682	AAAIConference	AAAI-2015 Conference	229
2400631	yayitsrob	Robinson Meyer	7384
5548952	AdrienneLaF	Adrienne LaFrance	6524
141335663	TheAtlanticTECH	The Atlantic Tech	20272
2979430185	HoloLens	Microsoft HoloLens	73334
205083867	WinBetaDotOrg	WinBeta	10180
14841047	refikanadol	Refik Anadol	1717
34365420	ktakeda1	Kenji Takeda	713
117749569	redjbishop	Judith Bishop	78
458619342	MSFTEnable	MSFT Accessibility	7733
2483849546	Biofabricate14	BIOFABRICATE	469
2411670552	RanveerChandra	Ranveer Chandra	15
216939636	AndrewYNg	Andrew Ng	33769
54946618	kvanhemert	Kyle VanHemert	3311
61195136	SN817	Sarah Needham	97
8373852	MLatMSFT	MLatMSFT	1636
447335163	rhhackett	ROBERT HACKETT	1743
92598387	NVIDIATesla	NVIDIA Tesla	13482
430995737	GirlsWhoCode	Girls Who Code	112034
57172253	reshmasaujani	Reshma Saujani	21471
817288	gaberivera	Gabe Rivera	54362
1769191	mims	Christopher Mims	38093
74130577	emilychangtv	Emily Chang	60268
121817564	ThisIsFusion	Fusion	168873
14067811	sbathiche	Steven Bathiche	673
80961712	PKUChina	Peking University	1078
2485229282	josephsirosh	Joseph Sirosh	1670
53514472	Awfidius	Andrew Fitzgibbon	106
1912110366	MSFTGarage	The Microsoft Garage	947
42443683	talktovishal	vishal chowdhary	18
167169119	strataconf	O'Reilly Strata	24638
46241448	MorganSpurlock	Morgan Spurlock	151305
16681542	richardquest	Richard Quest	221002
2854617612	krystasvore	Krysta M Svore	247
2599727496	MSPredictLab	MSFT Prediction Lab	104
9541832	dggoldst	Dan Goldstein	2236
17131720	ssuri	Siddharth (Sid) Suri	1421
18249084	dominicbasulto	Dominic Basulto	2026
2467791	washingtonpost	Washington Post	4407069
384955373	1andrewb	Andrew Baumann	19
17514022	SamuelGibbs	Samuel Gibbs	33917
2839704931	igalenhunt	Galen Hunt	39
14826566	emrek	Emre Kiciman	281
255903327	hrvojebenko	Hrvoje Benko	151
872344760	ACMUIST	ACM UIST	524
16955870	UpshotNYT	The Upshot	123410
348352704	RAEngNews	RAEng	9656
747836472	BetaBoston	BetaBoston	12536
104237736	Bloomberg	Bloomberg LP	414303
118263124	stanfordnlp	Stanford NLP Group	12156
67700256	EdTech_K12	EdTech K12 Magazine	77982
17021196	DFrank	DFrank	644
91560105	CompAtSch	Computing At School	11095
8727082	chrisvelazco	Chris Velazco	7831
29548766	eceILLINOIS	ECE ILLINOIS	3106
10226092	siggraph	ACM SIGGRAPH	23472
1637181	mstem	Matt Stempeck	4774
77693037	szeliski	Richard Szeliski	48
2583516397	JPKopf	Johannes Kopf	394
173986348	SuperBahl	Victor Bahl	118
11666142	joshuatopolsky	Joshua Topolsky	152590
15018214	Tim_Stevens	Tim Stevens	26901
1501471	LanceUlanoff	Lance Ulanoff	78628
817268	harrymccracken	Harry McCracken	79495
211004186	franciediep	Francie Diep	1582
14994686	pedrohernandez	Pedro Hernandez	654
18549180	ericlimer	eric limer	2043
23493978	mariojoze	:simple_smile:	3248
372548499	gigabarb	Barb Darrow	10073
16168119	nealunger	Neal Ungerleider	7332
12922082	ctrlzee	Mark Wilson	9373
40458858	pelikhan	Peli de Halleux	405
26792275	ForeignPolicy	Foreign Policy	644300
305238874	MikeCalcagno	Mike Calcagno	563
39542611	UMBC	UMBC	6091
13086582	vikman	Vikram Dendi	527
2639040324	arjmandsamuel	Arjmand Samuel	16
14985126	Healthline	Healthline	15873
14441010	JohnsHopkins	Johns Hopkins	48145
17814986	DrexelNews	Drexel U. News	10469
17268874	benbendc	Ben Shneiderman	5517
15913	majornelson	Larry Hryb	810478
17275280	tanzeemc	tanzeem	374
10955762	petecashmore	Pete Cashmore	68719
310630578	jeffraikes	Jeff Raikes	19865
47539748	Bill_Gross	Bill Gross	141754
6730222	hblodget	Henry Blodget	124676
2596681266	jcarlsonmsr	Jonathan Carlson	9
18876057	sumitsumit	sumitsumit	339
93598339	astrojonathan	Jonathan Fay	416
46158711	iasociety	Int. AIDS Society	7774
298119918	EmoryVaccineCtr	Emory Vaccine Center	488
44991025	larry_heck	Larry Heck	58
58668083	erinsolovey	Erin Treacy Solovey	772
12241142	abegel	Andrew Begel	523
16147557	mysocnet	Keith N Hampton	2713
25864331	marylgray	Mary L. Gray	1569
20647032	WSNBlog	WSN Blog	1977
2589079748	MrJieLiu	Jie Liu	4
77333869	mstranslator	Microsoft Translator	20745
2573466488	johnplattml	John Platt	1911
1613648400	BuzzFeedBooks	BuzzFeed Books	52693
9532402	BuzzFeedBen	Ben Smith	208496
4071001	rachelmetz	Rachel Metz	7639
7380362	alex	Alex 	43956
23467560	blogCACM	CACM Editor	2014
20562637	businessinsider	Business Insider	1082378
60642052	VentureBeat	VentureBeat	498904
19402238	ScienceNews	Science News	1338488
10433782	mercnews	Mercury News	55836
19722699	PopSci	Popular Science	507007
14776670	idg_news	IDG News Service	911
2890961	Gizmodo	Gizmodo	1395846
16438248	DNews	Discovery News	327332
23962323	DiscoverMag	Discover Magazine	804522
12273252	tomwarren	Tom Warren	52556
18415109	jamnhen	Jamala Henderson	1115
189623285	celiagorman	Celia Gorman	224
14820814	nickjb	Nick Barber	1561
42480399	derrickharris	Derrick Harris	11799
76186310	curtwoodward	Curt Woodward	2707
21066583	CadeMetz	Cade Metz	4474
6642152	dinabass	Dina Bass	11916
22685341	stratnews	Strategic News 	921
317743630	edbutler2	ed butler	187
19802879	NASAJPL	NASA JPL	760747
16862971	alteracorp	Altera Corporation	11269
84404991	CACMmag	Web Editor	1877
11348282	NASA	NASA	10230065
18274904	lggreenemeier	Larry Greenemeier	1561
14577594	MattRosoff	Matt Rosoff	8690
19658826	newscientist	New Scientist	1663169
1433333934	EssJayD	Sara-Jane Dunn	70
11107172	alexismadrigal	Alexis C. Madrigal	179089
6439702	tmyerson	Terry Myerson	6808
817386	Techmeme	Techmeme	248001
14244412	roblemos	Rob Lemos	3579
13972932	bobmcmillan	Robert McMillan	11438
78012548	TheRegister	The Register	40654
26057108	HPCwire	HPCwire	9956
15636998	harryshum	harryshum	446
83257777	dcburger	Doug Burger	153
40684912	lazowska	Ed Lazowska	1817
16877220	BostInno	BostInno	60269
69687111	Cognizant	Cognizant	139031
29558949	Salavon	Jason Salavon	336
4503491	jason_pontin	Jason Pontin	24099
5943622	pmarca	Marc Andreessen	323858
7537892	johnmccrea	John McCrea	4457
951541	rozzie	Ray Ozzie	7812
237845487	GeorgeTakei	George Takei	1645864
16915269	JeffPR	Jeff Roster	4353
8841372	SAI	BI Tech	1341216
287884272	LisaEadicicco	Lisa Eadicicco	2361
2459371	Skype	Skype	4657218
995193054	RepDelBene	Rep. Suzan DelBene	6185
18601763	Amirmizroch	Amir Mizroch	9883
58928690	RepAdamSmith	Rep. Adam Smith	9497
109323518	marypcbuk	Mary Branscombe	6089
182180926	bassettandptnrs	Bassett & Partners	1506
7328962	noakes	karl noakes	748
481514274	Connecting	Connecting	532
227829587	MSPowerBI	Power BI	56338
102700680	Davos	World Economic Forum	334394
2306403086	SmashDawg	Jeremy Kaplan	1064
17874544	Support	Twitter Support	3939031
66993	sbisson	Simon Le Gros Bisson	6951
9866582	film_girl	Christina Warren	68966
14803701	TweetDeck	TweetDeck	2546695
2381468161	MarkovMickens	Markov James Mickens	620
28023334	GinnyTerzano	Ginny Terzano	655
26246606	danielas_bot	Daniela Hernandez	2804
96002560	PredictWise	PredictWise	3007
24311977	janettu	Janet Tu	2834
214472493	theoriginalsuki	Lisa Clawson	103
14116807	ShareThis	ShareThis	1958386
14763734	DigitalTrends	Digital Trends	138359
67700991	EdTech_HigherEd	EdTech Higher Ed	16636
289072583	MPAA	MPAA	7199
22387220	qhardy	Quentin Hardy	20516
50033265	MicrosoftLatam	Microsoft Noticias	42270
1536811	markoff	John Markoff	55236
15283643	tracy_staedter	Tracy Staedter	1411
34684077	markhachman	Mark Hachman	4290
35000660	cliffkuang	Cliff Kuang	11493
15862891	NatureNews	Nature News&Comment	892933
267232539	Creativity_Con	CreativityConference	676
1468151	wroush	Wade Roush	7839
19387570	tsimonite	Tom Simonite	5478
20155760	USAScienceFest	USASEF	11704
19707850	RichTaylorBBC	Richard Taylor	6111
312239157	DrewPurves	Drew Purves	1172
10685262	slashgear	SlashGear	34369
16566551	wmpoweruser	wmpoweruser	61294
14357338	NeowinFeed	Neowin	25130
1290351	nancybaym	Nancy Baym	6162
16871339	johnkwaters	John K. Waters	4518
16941174	picklesnumber1	Kati London	1544
1653632466	jennhaas10	Jennifer Haas	263
757891106	DotNet	.NET Team	70630
33998183	whitehouseostp	The White House OSTP	495997
19968025	katecrawford	Kate Crawford	12758
15856164	eWEEKNews	eWEEK	17446
15492359	TEDTalks	TED Talks	5441998
20571756	satyanadella	Satya Nadella	431959
17034634	windowsblog	Windows Blogs	439983
67331057	MicrosoftSV	MSFT Silicon Valley	7746
14445920	michaelterpin	Michael Terpin	29686
867089312	HereHereNYC	HereHere NYC	6
2261261	jtemple	James Temple	9963
2244340904	Recode	Re/code	163541
46236831	THSEA	Town Hall Seattle	13003
114820127	koduteam	Kodu Team	2452
17768938	Fredhum	Frederick Humphries	834
19131178	photosynth	The Photosynth Team	2347
392802028	WWTAmbassadors	WWT Ambassadors	108
30290965	museumofscience	Museum of Science	25993
403163083	Society4ConBio	SCB	2791
243380626	MicrosoftIP	Microsoft IPG	2882
16675569	smh	smh.com.au	408016
257618993	ACM_CSCW	ACM CSCW	1346
850107536	codeorg	Code.org	140810
95431448	BostonGlobe	The Boston Globe	380982
207672751	callumborchers	Callum Borchers	1589
9737032	NetworkWorld	Network World	76303
14647570	sciam	Scientific American	1055426
380700305	IHubRadio	Innovation Hub	3045
4641021	RWW	ReadWrite	1624705
17631078	CarnegieMellon	Carnegie Mellon	30695
18751963	megangarber	Megan Garber	12033
35773039	TheAtlantic	The Atlantic	1000483
24742040	Xbox	Xbox	5339452
89250664	flipthemedia	Flip The Media	2338
29881875	Xconomy	Xconomy	19286
2893971	gigaom	Gigaom	300829
85648537	kdd_news	ACM SIGKDD KDD'15 	3110
1327897044	NCWITAIC	NCWITAIC	949
280716675	FastCoExist	Co.Exist	182979
18591758	csenews	UW CSE News	1559
91478624	Forbes	Forbes	5378511
6576492	WNYC	WNYC	102394
12137172	KUOW	KUOW Public Radio	11818
22865552	SCFG	ScienceClubforGirls	3635
436913317	NBCNewsScience	NBC News Science	7668
108977933	DavMicRot	David Rothschild	2787
522901844	sheplusplus	she++	5442
54290504	IEEEorg	IEEE	113689
339792509	TouchDevelop	TouchDevelop	985
101908434	windowsstore	Windows Store	73840
90718122	MicrosoftAfrica	Microsoft Africa	14503
612076511	surface	Surface	452040
1157784678	msdev	Microsoft Developer	100229
264501255	erichorvitz	Eric Horvitz	1819
45036289	OpenAtMicrosoft	Open at Microsoft	41858
18304521	summerscience	Summer Science	3342
420744674	QMEECS	QMUL School of EECS	973
15924408	DesneyTan	Desney Tan	5585
30261067	CNET	CNET	979527
9420322	MaRSDD	MaRS	40787
64331621	SQLServer	Microsoft SQL Server	181197
376351324	GlacierWorks	GlacierWorks	1462
425255744	Seattle_SciFest	Seattle Science Fest	475
555239997	Mario_Livio	Mario Livio	4730
196863241	netgadgeteer	.NET Gadgeteer	1071
12995332	liveside	LiveSide 2006-2014	5652
17797390	5harad	Sharad Goel	686
18805477	jakehofman	jake hofman	4445
8320432	AdlerPlanet	Adler Planetarium	20227
32372834	sciencemagazine	Science Magazine	483033
762093631	sig_chi	ACM SIGCHI	3468
275686563	verge	The Verge	889544
23585726	DrexelCCI	DrexelCCI	1557
10876852	TheNextWeb	The Next Web	1537464
127874471	TNWmicrosoft	TNW Microsoft	3525
14984090	radar	O'Reilly Radar	31533
16878633	jessleber	Jessica Leber	5554
44196397	elonmusk	Elon Musk	2145519
900713370	WWTelescope	WorldWide Telescope	1356
158865339	FastCoDesign	Co.Design	357462
27746429	catmark	Chris Talbott	986
16913772	VisualStudio	Visual Studio	269820
11069462	OReillyMedia	O'Reilly Media	75675
15921173	edyson	Esther Dyson	52479
252889035	MicrosoftIPC	Microsoft DC	1307
212771854	mhealthsummit	mHealth Summit	13873
14615871	EPA	U.S. EPA	288745
50393960	BillGates	Bill Gates	22242268
174331528	IntelFreePress	IntelFreePress	4785
784304	sxsw	SXSW	473185
115763683	TheOfficialACM	Official ACM	24758
82364810	MIT_CSAIL	CSAIL at MIT	10200
73147282	HuffPostTech	HuffPost Tech	341411
25663453	dsyme	Don Syme	4420
23792365	ComputerHistory	Computer History 	19003
113429308	HealthTech2day	Health Tech Today	177
57046779	wasbuxton	Bill Buxton	8575
6820932	ghc	Grace Hopper (GHC)	23964
117171240	SCSatCMU	CMU Computer Science	13803
14344319	MicrosoftJobs	Microsoft Careers	59149
15825547	IEEESpectrum	IEEE Spectrum	87737
21150375	MicrosoftIW	Microsoft IW	6066
8093472	officelabs	Office Labs	3565
26829176	NCWIT	NCWIT	14837
196704627	pennockd	David Pennock	1015
26000689	duncanjwatts	Duncan Watts	9448
17296792	novapbs	NOVA	107313
5988062	TheEconomist	The Economist	8619343
6070762	pcworld	PCWorld	304939
807095	nytimes	The New York Times	16887536
15808647	techreview	MIT Tech Review	396122
167089528	peteratmsr	Peter Lee	1812
375699765	EngadgetDistro	Engadget Distro	2973
16425197	Lumia	Lumia	1927710
22363802	WiredUK	Wired UK	235258
17000457	Azure	Microsoft Azure	332415
308635786	MicrosoftCP	Computational Photog	1062
13058232	noaheverett	Noah Everett	4158694
12925072	TwitPic	TwitPic	8625533
95524371	MicrosoftDCU	Digital Crimes Unit	10501
403655730	KinectWindows	Kinect for Windows	8530
16742881	AlexJenkins	Alex Jenkins	578
81722116	fuselabs	Microsoft FUSE Labs	18409
12491902	ThinkingDigital	ThinkingDigital Conf	9891
19315174	IE	Internet Explorer	772352
22209176	Office	Office	1122354
116285769	msftsecresponse	Security Response	88200
11009852	benparr	Ben Parr	64308
125735031	WPdesignteam	Windows Phone Design	1926
13521702	DavidKirkpatric	David Kirkpatrick	29143
47518210	Publicyte	Publicyte	1447
18460724	microsofttag	Microsoft Tag	21337
191068269	MSFTResearchCam	Microsoft Research	4299
2735591	FastCompany	Fast Company	1796606
10032112	sorayadarabi	Soraya Darabi	396302
5746402	allthingsd	AllThingsD	187119
19795404	MSFT4Work	Microsoft for Work	134708
1294741	ruskin147	Rory Cellan-Jones	151588
17004618	NickKristof	Nicholas Kristof	1607886
239423746	Sabine_Hess	Sabine Hess	203
42226885	vkhosla	Vinod Khosla	447121
2195241	fmanjoo	Farhad Manjoo	99696
5668942	sarahcuda	Sarah Lacy	101470
2172	LaughingSquid	Laughing Squid	583223
62316970	SteveLohr	Steve Lohr	11551
8962882	Jessicalessin	Jessica Lessin	56832
818155	caro	Caroline McCarthy	34211
37048677	gaganbiyani	Gagan Biyani	6029
37570179	arrington	Michael Arrington	198043
7161172	Zee	Zee M Kane	38248
125481462	RealRonHoward	Ron Howard	992780
14293310	TIME	TIME.com	7424627
3194221	benjamingauthey	Benjamin Gauthey	12273
255784266	geekwire	GeekWire	34387
8265732	noahr	Noah Robischon	9121
11518842	gadgetlab	WIRED Gadget Lab	1851598
7905122	guardiantech	Guardian Tech	2415233
12019742	nikhilk	Nikhil Kothari	11031
3108351	WSJ	Wall Street Journal	6384998
3819701	ZDNet	ZDNet	231952
12460982	ldignan	Larry Dignan	23934
19278166	kailawl	Kaila Wyman Lightner	272
89517005	MSCloud	Microsoft Cloud	456766
125480328	BrianGrazer	Brian Grazer	33356
51396230	lucagrandicelli	Luca Grandicelli	520
32118516	GeriatricMedRes	Geriatric Med Res	1386
2069711	reckel	Richard Eckel	1313
43143007	bingmaps	Bing Maps	13276
109281748	nprdesign	NPR Design	6775
14062180	NPR	NPR	484019
13783772	nprfreshair	Fresh Air	203167
5392522	nprnews	NPR News	3614324
19929890	BDUTT	barkha dutt	2243286
147621481	projectemporia	Project Emporia	353
23614766	OfficeDev	Office Developer	11833
163979129	Jon_Roskill	Jon Roskill	3949
14865169	billcox	Bill Cox	7706
9460682	ch9	Microsoft Channel 9	246402
1000591	fredwilson	Fred Wilson	391942
22255654	johndoerr	John Doerr	254932
14669455	joemarini	joemarini	2708
19595287	aarongreenberg	Aaron Greenberg	23429
14434070	nytimesbits	NYTimes Bits	249402
12449312	smarx	Steve Marx	5849
14964767	thurrott	Paul Thurrott	100634
19559116	microsoftcanada	Microsoft Canada	36690
27939638	wjrothman	Wilson Rothman	14622
5959342	charlesarthur	Charles Arthur	63023
2529971	cdixon	Chris Dixon	177007
14532173	thatrobguy	Rob Wolf	5729
134939359	docs4fb	Docs	638
13475802	JohnPaczkowski	John Paczkowski	31052
652193	mgsiegler	M.G. Siegler	161389
818340	marshallk	Marshall Kirkpatrick	58562
81961201	valleyhack	Ashlee Vance	17158
862681	ryan	Ryan Block	84737
15827269	BradStone	Brad Stone	68165
14372486	engadget	Engadget	1353795
16832672	mixonline	MIX Online	6328
15673103	Faiz_R	Faiz Rehman	1550
19907538	Kiteaton	Kit Eaton	14061
14085662	triciad	triciad	9650
15376225	MicrosoftEMEA	Microsoft EMEA	21010
15909010	cnnjohncouwels	John Couwels CNN	6955
17911562	CNN_Oppmann	Patrick Oppmann CNN	10711
15829144	NYTimesComm	NYTCo Communications	24458
50360181	TimesTalks	TimesTalks 	18663
17001646	JohnTierneyNYC	John Tierney	11145
18486446	jilleduffy	Jill e Duffy	4189
15416485	ckindel	Charlie Kindel	12090
173923370	sparklrme	Sparklr	2456
27710376	manomenezes	Mano Menezes	3321124
21451819	msuspartner	Microsoft US Partner	29049
814253	Rafe	Rafe Needleman	50345
23075847	CooneyCenter	Cooney Center	12018
14368074	craignewmark	craignewmark	73268
612473	BBCNews	BBC News (UK)	4187257
14801717	thebuddygroup	thebuddygroup	1326
18195004	MSFTHost	Microsoft Hosting	3605
13370272	aza	Aza Raskin	25137
17868090	timohannay	timohannay	2452
113425681	toptweets	Top Tweets	3628326
58179512	BeingDisruptive	Disruptivator	2897
17041136	GFritchey	Grant Fritchey	7058
28448857	hameroff	Ian Hameroff	850
26077026	USATODAYhealth	USA TODAY Health	276259
25535320	wertandcompany	Wert & Co.	2299
15781536	MITX	MITX	8470
34576313	ic_uk	Imagine Cup UK	80
1981691	santoshmaharshi	Santosh Maharshi	29401
19035253	iSchoolSU	Syracuse iSchool	8306
7692462	BrianGroth	Brian Groth	1902
30142130	merrierm	Merrie Ringel Morris	1756
14885549	ForbesTech	Forbes Tech News	2033849
80446199	susan_dumais	Susan Dumais	389
17031518	dionhut	DionHut	153
19688578	courtneyBolton	COURTNEY BOLTON, UX.	6153
245851642	TaluFr	Sebastien Talukder	56
19552465	visitmix	Mix	135
19476868	nickwingfield	Nick Wingfield	14233
18446829	Darren_Huston	Darren Huston	2146
9460662	kipkniskern	Kip Kniskern	2373
5402612	BBCBreaking	BBC Breaking News	15406899
8963722	WIREDScience	WIRED Science	1485161
17448186	MSExpression	MSExpression	7979
5513942	JesseLiberty	Jesse Liberty	12244
78813	OmarShahine	Omar Shahine	4486
62889225	numbercrunching	Danny Tarlow	1441
30318595	project	Microsoft Project	13599
14053240	mdreid	Mark Reid	3353
17740547	livebetas	livebetas	1325
14562671	viborc	Vibor Cipan	4531
8410922	microsoftsubnet	microsoftsubnet	1795
49509687	yporrasv	Yuri Porras	266
22113751	fkiller	Won Dong	430
138143626	adpead	Allan Pead	407
255152430	ThomasVidalUX	Thomas Vidal	208
16053116	bahree	Amit Bahree	557
15728052	jsankar	jsankar	361
251653610	mcmahanl	Linda McMahan	190
202565271	tclouds_project	TCLOUDS Project	172
788498	rbanks	Richard Banks	1746
66444512	oreillyanswers	O'Reilly Answers	4997
132599038	OReillySchool	O'Reilly School 	1772
10822612	shanesteele	Shane Steele	7674
14600116	johnbattelle	John Battelle	277337
12798452	erickschonfeld	Erick Schonfeld	76580
8834882	jessiwrites	Jessi Hempel	27651
15158441	pakman	David Pakman	254637
828991	VCMike	Mike Hirshland	24399
29795220	erichippeau	Eric Hippeau	25474
17029640	JuliaAngwin	Julia Angwin	16659
17756198	Akhtarbad	Akhtar Badshah	3328
2148071	danielbru	Daniel Brusilovsky	515869
13787352	NPRHealth	NPR Health News	631716
14075928	TheOnion	The Onion	7503708
34713362	business	Bloomberg Business	2257863
64823914	RoomtoRead	Room to Read	637743
15736190	smashingmag	Smashing Magazine	904161
10174552	iceboundrock		430
14107662	bsb	Todd Buckley	1539
113097921	aspencountry	Michele Waldorf	5818
56125732	kerberpr	C Kerber Spellman	536
16547411	MVPAward	MVPAwardProgram	32025
15448350	jimwooley	Jim Wooley	2116
16325137	waki	Motoaki Nishiwaki	98256
33602454	LucianoLimaSec	Luciano Lima	1525
23869810	marcusamaral	Marcus Amaral	137
3688951	misrael	Marc Israel	233
164634125	WhichConvo	Which? Convo	8210
60884413	nithinmohantk	Nithin Mohan T K	555
231845623	acmeducation	ACM Learning Center	1051
155503151	TechItTweets	TechIt.in	197
15175800	ryan_brockey	Ryan B	72
27157618	kirstenverity	Kirsten Verity	182
15434432	WinObs	Richard Hay	19195
22852950	CloudSolutions	Cloud Solutions	1779
16731644	sempf	Bill Sempf	2793
17618425	maartenballiauw	Maarten Balliauw	4766
54143426	rkttu	 (Jung Hyun, Nam)	534
7469032	maedi	maedi	851
17431963	lancelarsen	lancelarsen	506
20257157	amydstephenson	Amy D Stephenson	579
28947545	imaginecup	MSFT Imagine Cup	45301
106155830	msdevUK	Microsoft Developer	10418
974411	zorbadgreek	George Perantatos	506
83950114	Trifilm	Trifilm, Inc.	4142
164457546	WindowsCanada	Windows Canada	12894
49236221	SQLSoldier	Robert L Davis	4780
14169727	RockyH	RockyH	640
22529317	EricLigman	Eric Ligman	9252
147608369	SharePoint_24x7	James Waymire	209
154439139	MaryPerisic	Mary Perisic	484
15517570	BingAds	Bing Ads	45418
229311774	Microsoft_SG	Microsoft Singapore	4592
16560237	robmargel	rob margel	798
11555722	vasudevg	Vasudev	4860
18796686	MSAdvertising	MicrosoftAdvertising	36707
37942193	MicrosoftIndia	Microsoft India	91192
37838878	davidgadarian	David Gadarian	3133
100796585	wfschultz	Bill Schultz	203
12507132	joxley	John Oxley	789
16966580	MichaelGillett	Michael Gillett	4642
91396874	BenThePCGuy	Ben Rudolph	36723
116964991	edbutar	Edwardo Butar	1166
16377511	rickasaurus	Richard Minerich	5163
14352556	seattletimes	The Seattle Times	180796
19867859	SaadASharif	Saad Ahmed Sharif	266
15670515	Windows	Windows	5160490
5773152	joshholmes	Josh Holmes	5049
82249731	cafbear	jack bear	2051
754979	fumikoku	Fumiko Kusuhara	1360
7714392	mblafkin	Mark David Blafkin	390
18773040	rishumehra	Rishu Mehra	1485
15919138	toddnelmes	Todd Nelmes	2437
11994822	ronald_armas	Ronald Armas	1278
101030416	JMWoodyear	Jeannine Woodyear	634
143667822	Xavier_Ho	Xavier Ho	982
11031402	TAC_NISO	Todd Carpenter	2950
10814652	garthobrien	Garth O'Brien	93838
74286565	Microsoft	Microsoft	6539842
19418786	mvdgender	Marcel vd Gender	477
19944944	mkarich	Martin Karich	809
15269510	mdonlan	mdonlan	101
20476828	michaelrnorris	Michael Norris	1017
14341596	GypsyRaven	Gypsy Raven	1378
172334808	WindowsSrbija	Windows Srbija	859
7909492	energizedtech	Sean Kearney	3099
5801292	dhamdhere	Aashish Dhamdhere	826
222208520	Ken2615	Ken Owsley	23
89513532	vfiorg	VoicesforInnovation	1069
47503649	hyoseokY	Hyoseok Yoon ()	389
12226212	manan	Manan Kakkar	3562
42373	baxiabhishek	Abhishek Baxi	8852
21964921	heatherannzink	Heather Zink	497
232351349	plopesresearch	Pedro Lopes	652
19601111	MicrosoftPress	Microsoft Press	161038
14198011	surflightroy	Roy Mitsuoka	902
104222894	MSEurope	Microsoft Europe	14923
16477920	davidsancar	David Sanchez	5708
7195292	tosolini	Paolo Tosolini	3313
10696752	ambroselittle	Ambrose Little	2330
8878512	drice	David Rice	461
14607509	way0utwest	Steve Jones	5119
94652118	simon_h_r	S Hamilton Ritchie	112
23848279	dynamicserp	Brandon George	3418
142513015	ICT4DJamrock	ICT4D Jamaica	543
57970826	jdwangnet	John Wang	413
155665434	cassiodias25	Cassio	272
5569612	nzigel	Nigel Parker	2288
13598032	vincentwehren	Vincent Wehren	402
17448440	harson_29	Harmesh	555
17306083	hansbos	hansbos	1161
69356223	futurecast	FutureCast	483
20192882	mikewhitmore	Mike Whitmore	112800
14657961	dgkanatsios	Dimitris Gkanatsios	1701
60602224	KerryDesignWeb	Kerry Richardson	765
14445542	cheeky_geeky	Dr. Mark D. Drapeau	28864
207138211	kapros_p	Panagiotis Kapros	43
28779959	m0sa	m0sa	290
71072002	cristiancasado	Cristian Martinez C.	105
16265825	csturdevant	Cameron Sturdevant	801
17902130	adamoxford	adamoxford	2146
271028314	justingorham	Just Go	368
257287549	1Al3noud	Al 3noud	252
17587913	AmaanP	Amaan Penang	399
243838291	mattdusekwho	Matt Dusek	11075
14538310	jamiemcquay	Jamie McQuay	590
115065221	MadrinPROP	Madrin PROPIEDADES	7607
103945496	joe_mahaffey	Joe Mahaffey	227
51453518	fahimpatel85	Fahim Patel	102
39134584	MaiMedhat	Mai Medhat	38233
130929338	tomherdez	Tomas Hernandez	1013
18082213	avishnyakov	avishnyakov	1059
14874480	bing	Bing	671524
6708952	SteveCase	Steve Case	739410
229523	jeffsand	Jeff Sandquist	27860
2730791	mkapor	Mitch Kapor	102256
112483658	krisatmsft	Kris Gedman	75
105939946	dahatake	Daiyu Hatakeyama	588
11356	rafaelsidi	Rafael Sidi	963
806545	Stew	Euan Adie	1691
17564905	moustafaghanem	Moustafa Ghanem	2435
14896045	willynet	willynet	869
62098160	plimantour	Philippe Limantour	434
166545860	jaskaran78	Jas Singh	300
161000289	Broadview_	Broadview Networks	614
15770898	chgeuer	Chris Geuer-Pollmann	285
49465463	maryjofoley	Mary Jo Foley	103800
24741685	MSFTnews	Microsoft News	770101
113031906	TEDxCaltech	TEDxCaltech	1076
209258182	getmontage	mymontage.com	544
16841687	PARCinc	PARC, a Xerox co.	7284
95699292	MSFTNext	Next at Microsoft	59584
198964053	webngram	Microsoft Web N-Gram	182
78081806	msftcitizenship	MicrosoftCitizenship	50091
13535762	fxshaw	Frank X. Shaw	24666
140570630	twahpic	MSR Twahpic	137
158174406	RooseveltSchool	Roosevelt Elementary	141
3825931	stevecla	steve clayton	10461
43343580	MSRNE	MSR New England	518
15439395	stephenfry	Stephen Fry	9845230
20515288	Xbox360_News	Xbox 360 News	30066
633	zephoria	danah boyd	108744
30533336	carolsays	Carol Allen	42
15906468	paulepps	Paul Epps	530
886491	moon	paul mooney	13344
31360795	orinthomas	Orin Thomas	1461
14438014	brian_henderson	Brian_Henderson	4156
14701718	nirmalpatel	Nirmal Patel	742
1195691	kleneway	Kevin Leneway	2604
14764408	RBenkov	Richard B	248
33409253	Softvative	Softvative	761
15944875	Joe	Joe N	24231
16970852	Peter_R_Casey	Peter Robert Casey	46790
14497589	RichardLegg	RichardLegg	7914
14862723	donalddotfarmer	Donald Farmer	10394
38422189	toddlear	Todd Lear	199
30569236	TrifectaBG	Trifecta Backgrounds	7582
17969968	UmangPatel	UmangPatel	109
37910383	jhcosta	Jos Henrique Costa	154
6854422	mvisser	Maarten Visser	1893
16452686	cristianhofmann	cristianhofmann	25
38400460	yinster26	Don	12
14622480	Momoko__	Momoko	546
29954690	mytestbox	MyTestBox.com	999
38125318	allybluebird	Aalia Amin	65
14461312	underwood	Scott Underwood	368
18759324	debbieyu	Debbie Yu 	156
787795	brianjo	Brian Johnson	902
15947185	TweetSmarter	TweetSmarter	398349
25344447	AFasterPC	A FASTER PC	175355
11639432	strazzulla	Daniel Strazzulla	294
15965271	m3sweatt	M3 Sweatt	3201
16734192	paulineprice	paulineprice	2610
38193183	HighStakesTraff	High Stakes Traffic	597
18735684	periklis13	Periklis Andritsos	426
32503468	IILBrasil	IIL Brasil	284
37612699	anilmujagic	Anil Mujagi	298
18018138	Sarimk	Sarim Khan	3145
33155167	johnsonyip	Johnson Yip	1314
37947544	ThinkingCap	Thinking Cap	513
14094114	elninio	Sofia Kyr	175
38175941	DogFromBeyond	Doozle	2274
7706292	devarispbrown	devarispbrown	1135
25363590	simcllc	SIMC LLC	873
15020935	stacyDraper	Stacy Draper	2142
14341094	gonzalogarcia	gonzalo garcia	258
14360646	markusweimer	Markus Weimer	339
38152185	ConcreteChen	Cheng Chen	99
18237505	vijayshankarv	Vijay Shankar V	216
25075920	fcournut	Frdric COURNUT	9
19282683	eugene17	eugene fabian	883
38121042	giovanniperini	Giovanni Perini	112
15242000	shrutijkulkarni	shrutijkulkarni	21
25374980	TheChadR	Chad Rainey	55
15216326	livehua	Liang	32
15030098	powerpoole	Ryan E. Poole	42206
17641330	AlessandraCo	Alessandra Colaci	31136
21418476	ccherubino	Claudio Cherubino	1838
36886588	GardenOfFlowers	Flower Gardens	3573
22197124	laputean	Laputean Solaris	472
19797964	orisasson	Ori Sasson	11205
16834839	CerebralMisjif	Cerebral Mischief	578
17369902	okoyec	Chuka Okoye	358
15465576	v4us	Nikolay Degtyarev	260
16521147	eugwinter	eugene winter	779
31593845	capitalcoder	Bill Miller	116
11693142	jcazevedo	Joao Azevedo	650
7047	TMorais	Tito de Morais	7045
24463575	wcfinlay	Wayne Finlay	116
16039227	gelei	gelei	355
16729337	lppapc	Lus Pedro Carvalho	168
36702741	hamiltonsteel	HAMILTON STEEL SRL	303
30767280	kistnerconsult	Wayne Kistner Conslt	402
25996188	wkistner	Wayne Kistner	473
34977164	Alltopstartups	Thomas Oppong	59575
14101505	lynndombrowski	Lynn Dombrowski	428
18930293	speront	Stephen Peront	163
14437718	MusingWithMitch	Mitch Kobriger	2268
12550352	brockton	brockton	445
34706101	noamnisan	noam nisan	53
36757012	heap_	heap 	60
17383566	CalliopeCo	Penny M	5312
30102867	CICLOFormacao	CICLO Formao	98
16298939	fitchix_sabrina	fitchix_sabrinarenee	18642
37098558	alent1234_tech	alen teplitsky	72
37116828	competentgirl	Julie Baumler	747
14311992	jerell	Jerell Klaver	85721
31250030	JoeyEngland	Joey England	2129
20432549	PositiveClicks	PositiveClicks	11632
9753672	meteorit	Meteor IT	74670
17176858	lloydfaulkner	Lloyd Faulkner	450
10828722	MattSapaula	Money Smart Guy	21066
20585553	alexwade	Alex Wade	474
16580890	alicialyttle	Alicia Lyttle	66897
33588650	_Archie	Archie Johnson	13002
16513478	pidusd	Sudip Datta	98
15206692	joeboutte	Joe Boutte	775
15326376	rouli	rouli	335
18773467	robertomazzoni	Roberto Mazzoni	88220
14087619	tkunau	Timothy Kunau	733
18947610	IamPeterRuppert	Peter Ruppert	6245
10491732	willfrancis	Will Francis	57484
18200620	cjdunnav	cjdunnav	35
9343162	sergeykapustin	Sergey Kapustin	437
23381639	ecoficial	ecoficial	3580
15648584	skjekkeland	Atle Skjekkeland	3824
15831093	patrickdixon	Patrick Dixon FUTURE	43293
14191523	mmmattos	Miguel M. de Mattos	710
18621012	faizanshaharyar	Faizan Shaharyar	874
22346280	Tetsuya_Hara	Tetsuya Hara	5136
34604093	my2010	Fresh Thinking Coach	684
22170867	t_talk	ttalk	1042
23292585	dj247	Deepak Jagdish	545
748433	profpeter	Dr. Alexander Peter	404
18238282	SeanMalarkey	Sean Malarkey	160845
32767015	forrestdean	Forrest Dean	3504
27894500	danpritts	dan pritts	16
18384709	sprost	Spencer Prost	65
37150913	NathalieMolina	Nathalie Molina Nio	2165
6355402	kberberi	Klaus Berberich	448
37419497	Lindgren_M	Matthew Lindgren	6
23277308	terrymacdonald	Terry MacDonald	23
17748480	RoyaAZ	Jo Ann Doyle	51
37973794	marenca	Encarna Pastor	11
1712541	alanctai	Alan Tai	156
14666401	AviatorShow	Eric The Aviator	27141
16501971	CDW_Jessica	Jessica Longly - CDW	4335
35290570	ZeroBugBounce	Richard Lowe	603
37337564	Sheryl_Flynn	Sheryl Flynn PT, PhD	665
31707922	AlanusLino	Alain	101
19995562	ESS_BILBAO	ESS BILBAO	260
14107986	ebosrup	Erik Bosrup	271
37485550	czimmerman19	Charles Zimmerman	98
16244924	jdonelan	James Donelan	431
11976602	unnitallman	Unni	702
16090263	ESLundquist	Eric Lundquist	2415
23391259	DataArtist	todd.knudsen	1430
17021413	jjarmoc	Jeff Jarmoc	2962
7088762	SafariAl	SafariAl	343
16056406	regillo	Regillo Consulting	66155
36052473	WEBMASTER_	John Danial	1587
35396290	avatarbookkeep	Colleen Gee	166
30064447	iChaib	Ismail CHAIB	7665
1527461	ssn	Srgio Nunes	773
20994486	cososys	CoSoSys	795
801282	chl	Christian Langreiter	801
17682100	timmsc	Sean Timm	290
19705819	barog	Simon Barratt	3998
15295207	joeolsen	Joe Olsen	1398
37622780	BeachleyMain	Beachley Main	23
30411635	yurial	Yuri Alkin	247
17899109	gatesfoundation	Gates Foundation	1476766
37716416	keshavap	Keshava Pokkuluri	21
14279957	bluevincent	Vicente Ordonez	846
9831942	_aakash	Aakash Bapna	936
14185424	msquihuis	Margarita Quihuis	2109
37224164	mattj123	Matt Jones	443
19100223	istweetingcool	Chaitanya M	85
13002342	jrecursive	uniformly rando	2138
37044208	DustinBailey	Dustin Bailey	82
34718083	RandDMagazine	R+D Magazine	8082
17349603	Policani	Marc Policani	29457
22477880	sforkmann	Steffen Forkmann	1838
36769970	RRResearchDiva	Gail Doherty	82
15330930	kellyverge	Kelly Verge	20859
23024823	Yang_Cai	Yang Cai	46
14270387	mjoza	Michael Jozaitis	929
17706009	Jonlevy77	Jonathan Levy	297
17645971	philpursglove	Phil Pursglove	993
18993184	swschilke	swschilke	111
19528066	RobertUmpleby	Robert Umpleby	11262
14164020	SQUaC	SQUaC 	49
27096705	lbeltrao	Lauro Costa	112
16675790	mnemonija	Nikola Jevtic	13
29892472	alexko3	Alex Kosorukoff	583
5197771	smshuja	Shuja Shabandri	393
20265388	_cloudguy	Mahesh Thiagarajan	168
15856080	Mhedman	Megan Adams	918
18752591	NoeticsLabs	NoeticLabs	221
29342835	keroin	Keroin	416
14339914	andysmith77	Andrew Smith	843
19730627	jsampsonjr	John Sampson	384
23371727	IAMJOKER	JON SAUNDERS	616
25595769	jasonbeaudette	Jason Beaudette	149
22471002	3DRealtime	ian morton	784
14769047	Moontown	Moontown Foundation	813
33653520	tweetsophia	Sophia Farina	545
35475501	dandrai	dan drai	105
21013461	tomheston	Tom Heston	88547
15602235	jaimesanchez	jaimesanchez	3239
35563742	danhoeger	Dan Hoeger	30
18559371	philmoore	Phil Moore	30
14723025	swiderek	swiderek	7152
12120362	nbalba	Nikolai Balba	1140
17853599	WDayRay	Ray Horner	1762
14598745	br1an	brian glassman	48
26575021	Objector	Objector	59
35257937	freddy91761	Wilfredo Perez	22
14116024	Chillami	Chris	51283
26138383	audioconexus	Jonathan Stanley	6159
36492199	appldev	Applications A/S	370
29940636	man_mohan	MANMOHAN MEHTA	753
27948657	ProArticle	Neil Bartlett	1885
8798492	bukephalas	Kate Tsoukalas	453
13457722	jasontryfon	Jason Tryfon	29615
27560475	healthyalgo	Abraham Flaxman	536
36781427	HatefulStar	liquid schwartz	168
16266663	JackWeinzierl	Jack Weinzierl	36203
11343182	akhileshss	akhileshss	366
8745212	CRMWatcher	CRM Watcher	3653
18591276	ArticlesBin	Pat & Gina Gunning	45921
20652670	JoeSimonetta	Joe Simonetta	1297
36098839	philosophil	Philippe Lavoie	35
35985422	RobbyRobertson	Robby Robertson	762
14784579	mark_bennett	mark_bennett	136
15298147	martinwalsh	Martin Walsh	4074
14300009	langdon	Langdon	307
15338858	DevonStrawn	Devon Strawn	209
15773297	Mel_White_	Mel White	28090
34490356	robertocoelhoTI	Roberto Coelho	125
9000502	jedifreeman	Ben Evans	635
9573202	rbazinet	Rob Bazinet	7337
30472527	climateapps	Climate Changer	15204
8832272	s0apy	Richard De St Croix	240
19809533	seanbmarketing	Sean Browne	7043
21281558	msdev_de	Microsoft Developer	8130
17913181	darrenmonroe	Darren Scott Monroe	62383
17491102	3DThinking	Stephan Stavrakis	113410
15991049	perrybelcher	Perry Belcher	93686
15020298	melquintanilha	Melissa Quintanilha	287
6108862	joelcomm	Joel Comm	83062
36419599	victorspivak	Victor Spivak	156
35390720	paulkillick	Paul Killick	12
15192462	darrenwilliger	Darren	179014
35385810	kimballdog	Kimball Dog	107
33868799	Kamran_Syed	Kam Syed	118
26962455	ebookwebdesign	Alexei Kouleshov	2857
5717992	keithdsouza	Keith Dsouza	3020
36116712	brian_carter	Brian Carter	143
14666714	muppetaphrodite	Cheryl Platz	1203
25336022	sonyisme	Yang Song	41
30408178	xosfaere	Bent Rasmussen	100
822403	paulmanac	Paul	30
24683700	ahmdmuhajir	Ahmad Muhajir	376
11701412	timepilot	timepilot	779
18196463	swervinErv	Evan Johnston	394
33970089	kevynct	KevynCT	101
36087922	Robert_Bradley	Robert Bradley	14
15150903	jmoberg	John Moberg	1482
748453	yubo	Bo Yu	102
19943731	Gerew	William Gerew	21
34575463	nguyenhoangvk	Hoang Nguyen	388
34378396	InterKnowlogy	InterKnowlogy	237
1799451	joseh	Jose Hernando	89
33031886	wealthinfo	John Joseph	2861
16845882	ParisAmorim	menina paris	4693
22834057	XmentalX	XmentalX	193
31485076	grannyishere	Susan Graham	880
35981488	arikf	Arik Friedman	44
36298315	ginza23	Simon Sproule	67
27611460	mliyanagamage	Migara Liyanagamage	82
14601657	codemangler	Dharampal	237
6141882	aaronlerch	Aaron Lerch	802
36487132	telablue	Telablue	597
16354944	ryankajiura	Ryan Kajiura	85
755001	evejou	(^) alice 	625
14572506	leeflannery	Lee Flannery	352
24383804	WmMusgrave	Bill Musgrave	203
34737916	rmanik	Ravi Manikundalam	15
13470	twleung	Ted Leung	2809
14888896	jaytempleton	Jay Templeton	639
19013030	Gossack	Gossack	740
36630982	Tamantafamiglia	Christian Porri	531
36674321	Jlinssen	Jack Linssen	68
17134985	Campsterguy	CampsterGuy	44197
20277038	bencirrus	Ben Cirrus	189
15454583	donnawoot	Donna Woot, (28,F)	150
20900301	Semetis	Semetis	980
8612392	sam33r	Sameer Ahuja	364
18148292	dennisappelt	Dennis Appelt	189
7391682	julian9	julian9	169
20970559	Bengaul	Ben	137
34567430	CGInnovationUSC	InnovationROI	1216
25787030	ecosection	ECO Environmental	20998
20404884	tintedGreen	Mike Lovell	1502
28654063	jusfox	Justin Fox	5140
18254005	minigarden	Mini Garden	28126
5038461	justgrimes	Justin Grimes	2827
27270787	energysection	Energy Section	54104
20007155	socialmediamind	Social Media Mind	166320
1952751	Julio_Valentim	Julio Valentim	12310
16875556	alparker	Allison Parker	537
22496661	psilvestri	Philip Silvestri	465
16270186	rohitanand	Rohit Anand	68
27084790	Max_Hemingway	Max Hemingway	379
19243929	sarikapunjabi	Sarika Punjabi	1413
15316269	ebretherick	Emma Frost	431
36177178	Virtualn	Luis Marques	20
24749877	jalvarado77	Juan Alvarado	183
16319797	IBMResearch	IBM Research	69330
33838201	googleresearch	Google Research	854074
32342562	liaochengxuan	Liao Chengxuan	17
18814199	geekygreen	Sean Whetstone	1164
36102686	kullbom	Johan Kullbom	14
34947427	LANSystems	Mary Hester	6085
9114052	sgilmer	steve gilmer	41
25928642	alienguide	Alien Guide	11469
22236279	PhilipWheeler	Philip Wheeler	570
14559961	Office_Live	Microsoft OfficeLive	17669
26786440	juansmith	Juan Smith	2684
7822382	danwegner	Dan Wegner, MN SEO	18351
15021099	caseywright	Casey Wright	100977
29375135	mindsatori	Mind Satori	14246
16259573	TimNebergall	Tim Nebergall	9601
25782378	allthingsrock	Carl J Woods	4672
31814688	mohitsinghr	Mohit	72
25981250	TigerHasse	Hans Sterby	493
24382800	marswulf	Martin Voss	20
30696036	mixturecar	Mixture Car	6746
5987512	sveinar	Sveinar Rasmussen	144
33863843	Target_Business	Raghuvir	68
30239418	weitsang	Wei Tsang Ooi	253
33592168	Qwerty_Keyz	Claudia Maida	62
15115401	tadejtadej	Tadej Stajner	592
11117152	peoplesrecords1	peoples records	3798
13406702	TheBigKlosowski	Allen Klosowski	70179
14307303	kiernon	Kiernon Reiniger	40
21718984	Tweeplez	Michael Wayne	1447
18434436	dotanc	dotanc	158
27323829	golfingmaven	Golfing Maven	5660
25625764	houzhitao	Zhitao Hou	23
16487809	dianewebster	dianewebster	1313
14968996	Michael_Corey	Michael Corey	1855
20627762	yandongliu	Yandong Liu	57
14588151	socialtoo	SocialToo	13899
26248327	cleardreaming	Clear Lucid Dreaming	16273
27427474	beemotivated	Bee Motivated	13084
34787179	michael_muller	Michael Muller	452
33334099	www2009	WWW2009 Madrid	171
14511951	HuffingtonPost	Huffington Post	5738103
34966194	romancisneros	@Roman.Cisneros	35
14669398	BradHoward	Brad Howard	112921
26115250	AndrewGrose	Andrew Grose	553
34772646	NortecComm	Nortec  	130
16304130	sqljohn	John Walker	494
21466461	bodieslanguage	Bodies Body Language	18254
9316452	xamat	Xavier Amatriain	5403
792563	randyholloway	Randy Holloway	1213
8529152	centr0id	centr0id	122
18350514	Retweetist	The Retweetist	3533
29354964	foreigntea	Foreign Tea	10496
15010785	RalphJodiceJr	Ralph Jodice Jr	610
5879482	JoeHobot	Joe Hobot	118567
17278046	RobertHogg	Robert Hogg	399
20140223	AdamStratcon	Adam Collins	114
16392521	sjstone	sjstone	85
19072809	kpdavis	Kevin P. Davis	228
16854695	thomascriscione	Thomas Criscione	72
14861906	AdamRochon	Adam Rochon	831
13478612	davidjustice	David Justice	619
18624306	reelmccoy	Daniel McCoy	1168
29484688	MelMaximumASP	Melisa	227
2720181	scottdensmore	Scott Densmore	1136
17613558	MicrsftTech4All	MicrsftTech4All	3094
32652654	rich_bowen	Rich Bowen	636
9196162	HilaryP	HilaryP	791
8206942	virtualization	virtualization	19347
22961035	TheDhaliwals	Jas Dhaliwal	242
14353407	chris_morton	Chris Morton	1520
29749354	jenniferchayes	Jennifer Chayes	472
32738834	cborgs	Christian Borgs	76
23560596	ddfay	Dan Fay	200
23662214	OEMPartner	OEM PartnerCommunity	3976
12699642	mattpodwysocki	 Calrissian	4375
13076512	luisdans	Luis Daniel Soto	7536
15163466	digg	Digg	1523578
20329165	Twitalyzer	Twitalyzer	6486
23973197	EDUCTO	Cameron Evans, USCTO	1686
27431051	poka00	Paul Oka	145
32299706	WLVideoMessages	WL Video Messages	694
8069572	shelisrael	shel israel	29042
16191380	dmlComp	DML Competition	4706
3611041	danzarrella	Dan Zarrella	73960
15865878	NiemanLab	Nieman Lab	190130
717313	arstechnica	Ars Technica	944985
972651	mashable	Mashable	5315934
14761795	TEDchris	Chris Anderson	1703374
5697162	mrelph	Mark Relph	3083
10883722	alfredtwo	Alfred Thompson	5761
15026770	communicating	Christopher	1796
14392797	andresmh	Andrs Monroy	3588
16558209	dswebandapp	Daniel Steiner	130
1344951	WIRED	WIRED	4574952
20032100	TED_Tweets	TED Tweets	365965
9534522	Pogue	David Pogue	1561715
17983307	webinno	Web Innovators Group	4749
19312845	MSLearning	Microsoft Learning	309602
18800370	Microsoft_Green	Microsoft_Green	18739
17220934	algore	Al Gore	2772948
15771803	val_green	Valerie Greenhill	2714
5746452	waltmossberg	Walt Mossberg	718640
1173281	lilich	Lili Cheng	3877
2384071	timoreilly	Tim O'Reilly	1927924
21025198	mspixelsense	Microsoft PixelSense	32840
22990111	doctorofrock	Dan Morris	130
24860713	bbuderi	Robert Buderi	3753
24028758	MSNewEngland	Microsoft NewEngland	9289
14505546	BradSmi	Brad Smith	7908
17826187	Microsoft_EDU	Microsoft Education	109930
20180686	MSFTissues	MSFT on the Issues	22186
14847903	BBJTechDesk	BBJ Tech Desk	15899
989	om	Om Malik	1479098
1528701	lewisshepherd	Lewis Shepherd	5861
174853	Gartenberg	Michael Gartenberg	23479
3839	davewiner	Dave Winer 	66371
1010181	dsilverman	dwight silverman	22548
16095572	toddbishop	toddbishop	19890
16120265	inafried	Ina Fried	69213
253973	joewilcox	Joe Wilcox	4018
11690042	RBLevin	RBLevin	20787
813887	longzheng	Long Zheng	12328
7301572	robpegoraro	Rob Pegoraro	15234
5763262	karaswisher	Kara Swisher	1034836
14090245	swildstrom	Steve Wildstrom	4509
756278	ChrisPirillo	Chris Pirillo	137059
13348	Scobleizer	Robert Scoble	454546
816653	TechCrunch	TechCrunch	5138616
6149912	LiveEarth	Live Earth	93147
