569247858	Astro_Kimiya	 Kimiya.Yui	23382
26572460	AFSpace	AF Space Command	22831
1533844754	AstroAnnimal	Anne McClain	4964
2316155956	AstroDuke	Nicole Mann	2271
1024391197	VicGlover	Victor Glover	3859
198597135	NASASMAP	NASA SMAP	7913
386915587	Astro2fish	Jack Fischer	18041
2889490750	Outpost_42	Outpost_42	2023
2819046883	NASA3DPrinter	NASA3DPrinter	4586
208442526	Philae2014	Philae Lander	367177
174083824	CSIROnews	CSIRO	38469
1451773004	Space_Station	Intl. Space Station	139020
1580735160	NASASolve	NASA Solve	2530
537588875	Astro_Maker	Scott D. Tingle	11822
2734713482	NASANewHorizons	NASA New Horizons	30757
2734381938	NASAAero	NASA Aeronautics	10166
253536357	ESA_Rosetta	ESA Rosetta Mission	306161
391494900	Msuraev	 	13977
437520768	Thom_astro	Thomas Pesquet	22798
1227517303	Astro_Sabot	Mark T. Vande Hei	3448
2562509436	Astro_Jeanette	Jeanette J. Epps	7022
135275592	NASA_NEEMO	NASA_NEEMO	20858
2459541229	OlegMKS	Oleg Artemyev	28807
197137764	NASA_OSBP	NASA Small Business	3623
27950021	NASALaserComm	NASA LaserComm	3748
115689109	Sciencegov	Science.gov	7908
2543629379	Chief_Astronaut	Bob Behnken	20083
2414313589	NASAsolutions	NASA Tech Transfer	3629
2317370365	ESA_History	ESA space history	6739
390287262	Astro_Alex	Alexander Gerst	211390
2362715876	asteroidgc	asteroidgc	2087
2325202999	AntonAstrey	Anton Shkaplerov	38359
2306083502	fka_roscosmos		26330
1006223725	NASA_AQAST	NASA AQAST	1879
87985010	NASA_TDRS	NASA TDRS	4862
242828495	45thSpaceWing	45th Space Wing	5069
2256638162	ISSNobelPrize	ISS Nobel Prize	2569
2228734814	DavidWeaver	David Weaver	11717
160946337	FAANews	The FAA	104489
351640699	Astro_Jeremy	Jeremy R. Hansen	37943
1081962504	Astro_Wakata	Koichi Wakata	120207
18774477	MAVEN2Mars	NASA's MAVEN Mission	73371
1467609360	NASAGISS	NASA GISS	5567
1506369180	AstroClass2013	2013 Astronaut Class	7828
543582293	AstroIllini	Mike Hopkins	69711
541158674	AstroRM	Rick Mastracchio	77370
330921167	astro_reid	Reid Wiseman	382131
1115148079	AstroTerry	Terry W. Virts	189990
35877766	astro_kjell	Kjell Lindgren	14054
351621695	Astro_DavidS	David Saint-Jacques	21936
95205463	AMSISS	AMS-02	5937
488808813	VisitNASA	NASA Visitor Centers	2502
1299995892	AstroKarenN	Karen L. Nyberg	114456
443818797	NASA_TV	NASA Television	8994
1136908292	NASA_HQEM	NASA HQ Emrg Mgmt	2269
145645192	NASARMC	NASA Robotic Mining	7237
36711678	NOAASatellites	NOAA Satellites	87137
997540122	NASAJSCStudents	NASA JSC Students	5410
14848513	airandspace	SmithsonianAirSpace	90129
225096128	NASAiSWA	iSWA Space Weather	2486
523676772	NASASpaceWxCtr	NASAGoddard Space Wx	2461
49012699	NASASolarSystem	NASA Solar System	50947
402805486	NASA_Supercomp	NASA Supercomputing	9763
204337132	VanAllenProbes	The Van Allen Probes	5332
407387443	NASAInSight	NASAInSight	11282
32177485	InsideJSC	InsideJSC	4658
244208830	MorpheusLander	Morpheus Lander	13004
17337554	AngryBirds	Angry Birds	635507
390455433	Aki_Hoshide	  (JAXA)	67319
537555179	Astro_Suni	Sunita Williams	36160
15293735	NASAPrize	Centennial Challenge	15640
429323592	NASAScienceCast	NASA ScienceCasts	7715
467739426	NASA_SLS	NASA_SLS	26362
492253390	WomenNASA	Women@NASA	10447
347420129	NASA_es	NASA en espaol	108819
14342564	NOAA	NOAA	370366
374517706	NASApeople	NASA People	5914
516982665	NASAHumanHealth	NHHPC	2327
484991854	SciAstro	John Grunsfeld	24255
369505837	WHLive	White House Live	242814
459567050	ISSCASIS	ISS CASIS	3242
403550586	NASASCOOL	NASA S'COOL	3114
408037622	NASALangleyAESP	NASA Langley AESP	2765
186154646	Cmdr_Hadfield	Chris Hadfield	1355090
132739600	SpaceAustralia	Australian Space	6510
23802472	NASATechBriefs	NASA Tech Briefs	12868
299873174	OrbieAstronaut	OrbieTheAstronaut	1856
80613575	scijinks	SciJinks	5152
54626053	nasaspaceplace	NASA Space Place	11114
86352195	NASABeAMartian	Be a Martian	5048
193336046	nasa_eyes	: NASA_Eyes	39922
229201135	J2XEngine	J-2X Engine	2478
19668026	LaRCTechGateway	TheTechnologyGateway	8399
310804819	astro_Pettit	Don Pettit	18539
394246259	AstroMarshburn	Thomas H. Marshburn	44626
370343849	openNASA	openNASA	3339
370344674	NASAdata	data.nasa.gov	2676
375432180	spaceapps	Space Apps Challenge	12156
20610232	SphereNASA	Sphere News at NASA	3995
257126470	NASAViz	NASA Viz	13887
137508423	nasagogblog	Geeked On Goddard	1700
300418156	NASA_SatServ	NASA SatServicing	7351
329865729	NASA_Rain	GPM & TRMM Missions	13138
318444623	NASA_NCCS	NCCS User News	4061
243362336	NASA_MMS	NASA MMS #MagRecon	8926
42826039	NASAnebula	NASA Nebula	10467
222368253	NASA_eClips	NASA eClips	11533
180200031	NASAVoyager	NASA Voyager	234555
433848788	ThirdRockRadio	Third Rock Radio	6678
430947942	NASASwift	NASA Swift mission	4615
425404298	NASANuSTAR	NASA NuSTAR mission	11889
376819015	Commercial_Crew	NASA Commercial Crew	30313
41121600	CNES	CNES	32857
290876018	astro_luca	Luca Parmitano	168920
297985585	ESA_nl	ESA Nederland	6546
19766517	ESA_de	ESA auf Deutsch	20238
86070159	DLR_en	DLR - English	17479
21436960	esa	ESA	377219
337886919	AstroSamantha	Sam Cristoforetti	514481
336179304	AstroAcaba	Joseph M. Acaba	21932
82128258	TEDxNASA	TEDxNASA	8106
15921684	NASA_LSP	NASA_LSP	36885
277020058	AstroCoastie	Dan Burbank	11001
275710913	Astro_Doug	Col. Doug Hurley	14989
274151347	Astro_Ferg	Christopher Ferguson	28110
284616690	Astro_Rex	Rex J. Walheim	17074
174784400	MeteorScientist	Bill Cooke	2851
266464616	astro_andre	Andr Kuipers	401736
86977818	NASA_Dawn	NASA's Dawn Mission	82641
15433973	NASAenvcomm	Environmental topics	4811
207878118	Astro_Satoshi	 Satoshi Furukawa	103483
225411266	astro_aggie	Mike Fossum	42485
168537920	NASANPP	Suomi NPP Satellite	10410
219070649	NASA_Landsat	NASA Landsat Program	25373
211303345	NASAWhatonEarth	NASA_WhatonEarth	8036
143491086	NASA_GESDISC	GES DISC	5819
80660928	NASAUniverseEdu	AstrophysEdu@Goddard	8307
39832918	Cool_Cosmos	NASA IPAC	18405
133067266	NASAspitzer	NASA Spitzer	50628
19789439	NASAJuno	NASA's Juno Mission	132340
236943811	NASA_NSSC	NASA NSSC	6004
178526634	NASA_Airborne	Airborne Science	10462
34279124	SunEarthDay	Sun-Earth Day (NASA)	8290
16029857	MESSENGER2011	MESSENGER	65221
93714983	csa_asc	CanadianSpaceAgency	208077
103865085	esascience	ESA Science	132730
17384099	esaoperations	ESA Operations	127233
18949742	NASAgreenspace	NASA_Greenspace	4390
238285207	NASAedu	NASA Education	35853
104989762	JAXA_en	JAXA Web	48296
173116059	astro_paolo	Paolo Nespoli	111853
190900848	TEDxNASAJSC	TEDxNASAJSC	1774
216548653	NASA_OOREOS	NASA O/OREOS	2944
188046098	ISS_CASIS	ISS National Lab	72584
189253902	ISS_Research	ISS Research	224401
52758395	NASASocial	NASA Social	177839
76786777	NASA_Images	NASA Images	29653
183672041	AstroIronMike	Col. Mike Fincke	32761
150669405	NASAcio	NASA OCIO	4958
161760542	AstroRobonaut	Robonaut	69470
159588456	NASA_Technology	NASA Technology	444075
153784150	NASAhistory	NASA History Office	225319
33998183	whitehouseostp	The White House OSTP	495715
33602654	NASA_Orion	Orion Spacecraft	193323
127958577	Astro_Wheels	Douglas H. Wheelock	123147
29484239	NASA_LaunchFest	NASA Student Launch 	4443
123054759	NASA_ESPO	NASA ESPO Team 	4536
104201057	NASAGoddardPix	NASA Goddard Images	195860
104324908	JAXA_jp	JAXA	190559
87997739	Astro_Naoko	Naoko Yamazaki	76798
107172099	NASAglenn	NASA Glenn Research	76483
78133467	WISE_Mission	WISE mission  NASA	37377
41147062	NASAspinoff	NASA Spinoff	45793
16876667	SOFIAtelescope	SOFIAtelescope	42926
70694567	NASA_SDO_Edu	SDO for Educators	15766
15010658	PharmaSat	PharmaSat	3920
18746273	NASAJPL_Edu	NASAJPL Edu	39186
60620992	NASA_STI	NASA STI	22917
26853548	NASAblueshift	NASA Blueshift	52694
