14491008	janchip	Jan Chipchase	18417
23971403	adriancolyer	Adrian Colyer	5287
2830428674	PieterTobback	Pieter Tobback	152
492609310	FiftyThree	FiftyThree	35213
17866318	lizadonnelly	lizadonnelly	12834
77076055	georgpetschnigg	Georg Petschnigg	3514
133475125	TheMotherCo	The Mother Company	15483
11348282	NASA	NASA	10239755
151607426	lizette_chapman	Lizette Chapman	2888
17173207	katemats	kate matsudaira	24574
137288990	almarlatour	almar latour	10766
817209	davidcohen	David Cohen	111335
16193813	ggodhwani	Gautam Godhwani	344
3065142065	richardswhitt	Richard Whitt	88
17606319	charlesfitz	Charles Fitzgerald	1171
194443371	crystalrose	Crystal Rose	11300
962394086	MsSapone	Marcela	1787
17802092	du_ro	Dustin Rosen	1233
933930697	HamzaOuazzaniC	Hamza	260
2101781	pablos	Pablos	2326
172419122	Sally_Adee	Sally Adee	1068
2529971	cdixon	Chris Dixon	177111
29628529	mattshre	Matt Shore	1303
16208514	craigdeakin	Craig Deakin	5857
9900422	spencerfry	Spencer Fry	5340
733336526	WeAreArtful	The Artful Project	2266
1909781	digit	David Myers	1331
10917372	jon	Jon Wheatley 	10101
19028099	marshal	Marshall Haas	4549
19312115	panzer	Matthew Panzarino	21387
9153612	wiredmike	wiredmike	261
167048236	kifleswing	Kif	2245
17925409	jeffjohnroberts	Jeff Roberts	3896
16512714	davidcard	David Card	2204
23647523	clareangelaryan	Clare Ryan	847
1290181	borkweb	Matthew Batchelder	258
11028832	tirrell	Zachary Tirrell	256
4328301	Naveenmolloy	Naveen Molloy	301
239570459	carmeldea	Carmel DeAmicis	4441
47197563	jencanfield7	Jen Canfield	893
14096763	TheStalwart	Joseph Weisenthal	91572
27179932	JasonIsbell	Jason Isbell	83554
2527716320	LetsExploreMag	Let's Explore Mag.	389
226933619	JohnLMacFarlane	John MacFarlane	571
33148268	ZioZiegler	Zio Ziegler	2109
16336998	printmag	Print magazine	679830
38833642	sagmeisterwalsh	Sagmeister & Walsh	106319
20685061	pentagram	Pentagram Design	196801
41337901	Design_Week	Design Week	203972
91285471	vincentlaforet	Vincent Laforet	94275
901651	rklau	Rick Klau	18747
8615142	sanfranciscoday	Sasha	213
1580991	jeffcarvalho	Jeff Carvalho	5653
353789193	StartupLJackson	Startup L. Jackson	43633
297611788	bren_joelle	Brenna Marketello	318
15414785	emablekos	E.J.	80
6989452	neerajarora	neeraj arora	7553
13535762	fxshaw	Frank X. Shaw	24671
35659100	eamondolan	Eamon Dolan	1504
50485184	zackbogue	Zachary Bogue	5664
22278197	JessicaKRoy	Jessica Roy	14314
26250595	jbooton	Jennifer Booton	4846
21687414	kevinjdelaney	Kevin Delaney	13157
60273	jasonsantamaria	Jason Santa Maria	359904
556901585	whywelook	Marvin Heiferman	2513
16370204	jyarow	Jay Yarow	18285
16016427	frontlinepbs	FRONTLINE	145451
13019862	NateWeiner	Nate Weiner	5807
656673	colly	Simon Collison	21757
19860204	jfbarros	Joao Barros	459
14112756	markboulton	Mark Boulton	32233
2741943914	veniamworks	Veniam	327
2616266066	ReadPico	Pi Co	596
26332681	TeresaBarajas	TERESA	3677
48883940	thatcliffguy	Cliff Englert	570
14420872	smfrogers	Simon Rogers	17156
13710762	gvitt	Geoffrey Vitt	1456
34547390	JanesMike	Mike Janes	501
7689112	philiprosedale	Philip Rosedale	11968
17520274	AnnaOnTheWeb	Anna Anisin	14965
26267359	scottymacg	Scott MacGregor	529
23766709	peterskillman	peter skillman	1177
48178788	rydonahue	Ryan Donahue	856
14694680	designrelated	design:related	554900
15135958	eyemagazine	Eye magazine	724872
21661279	CreativeReview	Creative Review	1114289
17623957	DesignObserver	DesignObserver	801574
24799500	designboom	designboom	302421
15099007	missanabeem	Annalisa Merelli	2852
17813980	mitrakalita	S. Mitra Kalita	7416
85602986	michaelgrothaus	Michael Grothaus	2870
2244246794	BrianBrueckman	Brian Brueckman	1315
9130522	vmarks	victor marks	605
49707662	saminarind	Samina Rind	931
10204042	lewmoorman	Lew Moorman	5619
17446359	bethcomstock	Beth Comstock	70760
1636236385	blamlife	Brian Lam	27
270437183	Zarringhalam	Nami Zarringhalam	1335
76945873	AlanMamedi	Alan Mamedi	1710
114690248	collinmathilde	Mathilde Collin	2554
111441302	dkberman	Dennis K. Berman	26953
24737919	stephaniemehta	Stephanie N. Mehta	10043
17198424	stevekovach	Steve Kovach	17566
26668729	John_Hudson	John Hudson	6912
20742461	TimOBrien	Tim O'Brien	35291
15948437	spolsky	Joel Spolsky	106354
20472641	MalikYoba	Malik Yoba	189316
123666417	bizcarson	Biz Carson	1712
15922433	scottharrison	Scott Harrison	75004
15109378	khart	Kim Hart	3532
335980361	BradWieners	Brad Wieners	1925
48416851	rzgreenfield	Rebecca Greenfield	3744
27491049	AlyssaNewcomb	Alyssa Newcomb	3092
21736571	bbosker	Bianca Bosker	17466
20098339	alexbard	alex bard	3848
9286242	ginasue	Gina Neff	2964
22588734	elizestrydom	Elize Strydom	3520
761975	mathowie	Matt Haughey	18518
14715999	everydaydude	Aaron Durand	10692
817268	harrymccracken	Harry McCracken	79492
17813899	StanfordBiz	Stanford Business	296582
11852522	samgustin	Sam Gustin	7476
496223	malthe	Malthe Sigurdsson	1623
33923	cameronmoll	Cameron Moll	50089
26642006	Alyssa_Milano	Alyssa Milano	2826377
174008673	MattRichman	Matt Richman	709
29795220	erichippeau	Eric Hippeau	25492
876828420	KenLerer	Ken Lerer	5006
666073	trammell	Trammell	192316
709143	Basti	Bastian Lehmann	6759
15075035	colbay	Coleen Baik	9146
228199663	aksingh77	Amit Singh	4525
10545	flyosity	Mike Rundle	25552
18816166	kevinroose	Kevin Roose	30782
14636374	superwuster	Tim Wu	12918
417224567	gabekapler	gabe kapler	39484
17439787	AndreaTj	AndreaTj	782
73414434	lissalauren	Melissa Mandelbaum	1824
69426451	CaseyNewton	Casey Newton	20130
10438082	fesja	Javier Escribano	2603
1305940272	SlackHQ	Slack	90340
28017255	atShruti	Shruti Gandhi	1003
14365791	frankba	Frank Barbieri	1399
1401881	dougw	doug williams	293061
15356977	sacchetti	sarahjane	1296
10064382	MartinSFP	Martin Bryant	20293
19046875	spencerrascoff	Spencer Rascoff	27267
22387220	qhardy	Quentin Hardy	20528
409462343	DavidStreitfeld	David Streitfeld	1919
17331549	liamcasey	liam casey	6947
361988832	GVDesignTeam	GV Design	13152
46959157	beaucronin	Beau Cronin	2083
20609587	smwat	Sara M. Watson	3573
419639256	John4man	John Foreman	11257
19116515	parmy	Parmy Olson	13489
224180296	raju	Raju Narisetti	28978
4711	sippey	Michael Sippey	23236
165834612	lhockenson	Lauren Hockenson	3733
11730542	rmchase	Robin Chase	8397
75209239	jason_kint	Jason Kint	3928
198895341	AnaCosgrave	AnnaCosgrave	1559
78638851	Dchrapaty	Debra Chrapaty	985
14692805	jayparikh	Jay Parikh	1244
158865339	FastCoDesign	Co.Design	357587
12922082	ctrlzee	Mark Wilson	9378
21690101	ameliemarian	Amlie Marian	144
15903746	mokoyfman	Mo Koyfman	23586
7845362	elipariser	elipariser	13208
21969650	NathanCHubbard	Nathan Hubbard	9863
48121429	kevsandlin	Kevin Sandlin	2354
2735591	FastCompany	Fast Company	1797237
1263058002	JonathanVanian	Jonathan Vanian	1306
9270952	mari18	Mari Sheibley	7010
13652832	colerise	Cole Rise	72907
15470744	pketron	Pei Ketron	3462
11846242	ethanbeard	ethanbeard	1211
12514	tomcoates	Tom Coates	18462
1076261	jmaples	jon maples	409
16562213	_arianna	arianna ciccone	49340
13010422	JoannaUK	Joanna Geary	20212
755292	LivePaola	Paola Bonomo	36592
30628216	maxrogo	Mark Rogowsky	4226
14159158	jerrychen	Jerry Chen	3789
24328692	danielgraf	Daniel Graf	10361
1586551520	technicalhumans	Technical Machine	5981
15293504	msquinn	megan quinn	23272
19436496	davidbyttow	David Byttow	6565
1537613095	BlindfoldedLady	Blindfolded Lady	289
117241251	napaprivatetour	Javier Calderon	487
16018805	jswartz	Jon Swartz	21124
834102498	messageninja	pmidge	105
15041241	tdonnelly	Tim Donnelly	264
237385859	ChicagoCabbie	ChicagoCabbie	8972
19128073	juliettepowell	juliette powell	6774
2355461263	Paul_Maritz	Paul Maritz 	3211
259387161	erondu	Jared Erondu	7353
14767730	ow	Owen Williams 	10378
1543551	bud_caddell	Bud Caddell	12913
9728112	startupman	David Hirsch	3298
17001663	jbrodkin	The real Jon Brodkin	10059
185764972	kcestenson	KC Estenson	2623
16892481	nxthompson	Nicholas Thompson	37144
242979380	ramseychapin	Ramsey Chapin	622
175170254	keilafong	keila fong	323
45101477	bryanmeehan	Bryan Meehan	1075
48903	aral	Aral Balkan	31999
16001350	elisewho	Elise Hu ( )	17202
6444472	ispivey	Ian Spivey	408
35611404	TammyFabulous	Tammy Han	1997
51518017	mike_matas	Mike Matas	31739
21063257	whearst	will hearst	203
12093282	anamitra	anamitra banerji	100882
30098016	hbarra	Hugo Barra	30987
19278408	StKonrath	Liquid Newsroom	112984
17108137	asidney	Adam Sidney	435
5943622	pmarca	Marc Andreessen	324417
15765582	ParasWadehra	Paras Wadehra	2087
43847029	sukruthasays	Sukrutha	557
147720445	lauriespin	laurie spindler	301
14130366	sundarpichai	sundarpichai	132670
2913411	mitali	Mitali Pattnaik	4007
171567873	alistairmbarr	Alistair Barr	4671
20571756	satyanadella	Satya Nadella	432283
14145296	susie_c	Susie Cagle	14455
16297233	ro_gupta	Ro Gupta	1309
6489102	arctictony	Tony Haile	6239
10950722	CodyBrown		5781
189156652	bhertzog	Brian Hertzog	646
602276016	IanCallum	Ian Callum	12681
14119114	reillybrennan	Reilly Brennan	1748
22152046	ensembleventure	Mike Schmidt	271
26165741	FashionLadder	Andrea	779
1042361	dylanr	Dylan Richard	2616
33230622	lucymayed	Lucy Edwards	124
1241851532	diabetikapp	Diabetik	118
17076885	slh	Susan Hobbs	4196
7905802	juliejulie	Julie Anderson	5185
283108742	nestmatt	Matt Rogers	12235
15158441	pakman	David Pakman	254638
18277063	annekejong	anneke elyse jong	5106
14307043	Krewell	Kevin Krewell	1494
145773567	silviakillings	Silvia Killingsworth	9026
110302086	jennablan	Jennifer Ablan	22495
1532061	kevin2kelly	Kevin Kelly	28663
22161956	catehstn	cate	3663
168282552	dianestrahan	Diane Strahan	289
14128992	gogoDanae	Danae Ringelmann	15919
15823784	ryanlawler	Ryan Lawler	20185
140010098	SupeJaneKim	Jane Kim	7758
1072794810	DrAaliya	Aaliya Yaqub, MD	459
57264189	chrifrapug	Christian F. Puglisi	7087
945955056	AmassRestaurant	Amass 	5173
285351920	Lando4361	Matthew Orlando	4849
6730222	hblodget	Henry Blodget	124699
14193192	nisselson	Evan Nisselson	2809
3471	dylan20	Dylan Tweney 	17247
14588662	jaimenovoa	Jaime Novoa	3097
2233154425	StephenKing	Stephen King	722459
1881168794	theinformation	The Information	13479
4651761	dj	Dorothy Jean Chang	6686
44378228	ShaneMac	Shane Mac	106215
15126100	kathryntucker	Kathryn Tucker	3219
21066583	CadeMetz	Cade Metz	4485
12925	Janina	Janina Gavankar	131790
24971148	jonathanbingham	Jonathan Bingham	346
9155732	noraa	Nora Abousteit	3554
1972	deprimer	Michael Sharon	1704
118975084	jgold85	Jason G. Goldman	9489
1394399438	JohnLegere	John Legere	1395384
14059249	kevinkelly	Kevin Kelly	3958
2165560814	storehousehq	Storehouse	5786
28961865	markkawano	Mark Kawano	8464
346072615	wolfofwolfst	Wolf Richter	8276
115304519	aboutdotme	about.me	242751
9624792	robchandhok	Rob Chandhok	1887
14192329	kvox	Karen Wickre	13886
16793477	tonidotorg	Toni Schneider	3302
445942000	michelleklam	Michelle	124
15758083	dmourati	Demetri J. Mouratis	263
42268148	techchiq	Laura Swallow 	581
143061425	avlskies	ariel levy	6820
9946842	amac	Alex Macgillivray	33750
18496432	nrrrdcore	Julie Ann Horvath	23054
17027184	magnolfi	Jennifer Magnolfi	1982
12962882	simplescott	simplescott	6733
56016982	rdbrunner	Robert Brunner	3103
146297807	speechu	Sundeep Peechu	2651
128620022	rquintini	Renata Quintini	621
5518842	jesskah	Jess Lee	5684
14485933	ricardor	ricardo reyes	1790
22111223	zamosta	Aaron Zamost	1469
1071350252	jordannovet	Jordan Novet	4757
10194392	reneritchie	Rene Ritchie	51589
9313022	Behance	Behance	699743
60991516	koxinga21	Andrew Leonard	4128
8072642	rr	Randy Reddig	4705
14220991	gregbettinelli	Greg Bettinelli	5788
132961448	AngelaAhrendts	Angela Ahrendts	87620
7433772	emilysteel	Emily Steel	32507
14236481	MikeBrownJr	MikeBrownJr	7493
138870097	kboelte	Kyle Boelte	1300
6797902	davidlidsky	David Lidsky	3554
20964914	opazazzyzen	Lindsay Wiese	979
166692856	ibringtraffic	Andy Johns	9175
16657274	sgreenwood	Steve Greenwood	2253
14347450	samschwartz	Sam Schwartz	2018
9019482	akashgarg	akashgarg	6311
247389608	marcoannunziata	marco annunziata	2052
632343	chaddickerson	Chad Dickerson	12897
5618	sharpshoot	Sumon Sadhu	1895
5663062	jasonkilar	Jason Kilar	5916
191098143	mamoonha	Mamoon Hamid	3872
14820604	jamesproud	James Proud	4012
16148737	rdamus	rdamus	155
42072664	noahlh	Noah Lehmann-Haupt	2356
454036436	PocketHits	PocketHits	32005
9005362	alisonrosenthal	alison rosenthal	2109
785	kfury	Kevin Fox	14979
14211617	chrisfhoward	Chris Howard	1733
6344912	markgoines	mark goines	933
13046	Mickipedia	Micki Krimmel	13756
1636590253	tim_cook	Tim Cook	1200016
13348	Scobleizer	Robert Scoble	454607
225034337	alexandergcolon	Alex Colon	960
20151189	rsafian	Robert Safian	6760
16875185	donnasokolsky	donnasokolskyburke	713
1242286285	econstyleguide	Style Guide	19713
47707532	johnmclear	John McLear	3909
30893470	ChipConley	Chip Conley	13254
1497	harper	harper	30408
4015171	nickfarnhill	Nick Farnhill	2866
110821538	LeoWid	Leo Widrich	32891
294246919	meganliberman	Megan Liberman	2368
24617301	JoshuaKushner	Joshua Kushner	16697
24021896	Huth	Sara Huth	4877
15458277	UCSF	UC San Francisco	22512
7015112	albertwenger	Albert Wenger	31051
4557111	bpm140	Eric Marcoullier	5133
44123487	samfbiddle	Sam Biddle	27221
14780379	dropalltables	Kevin Mahaffey	1195
467022771	jordanr1000	Jordan Robertson	2133
175091719	KarlTheFog	Karl the Fog	84144
17477864	tomiahonen	tomiahonen	14940
40273	benthompson	Ben Thompson	25502
16313992	dang	Daniel Gruneberg	2480
1666038950	BoredElonMusk	Bored Elon Musk	88721
253578873	kfalter	Kelsey Falter	5228
15075826	mkakav	Mandy Kakavas	2028
822966	cskott	Courtney Skott	742
399412477	el33th4xor	Emin Gn Sirer	4615
23409407	alexrkonrad	Alex Konrad	8240
1132010306	expa	Expa	6802
27924593	byandreachang	Andrea Chang	7920
1689789392	InternetDOT_org	Internet dot org	76
23611302	i_robertyoung	Robert Young	601
501393140	erickarose22	Ericka Rose	282
17966138	vincegraff	Vincent Graff	1067
28234207	SaundieBlondie	Saundie	1922
248524701	chrystaolson	Chrysta Olson Bilton	5522
16337846	NERSC	NERSC	3679
128356652	LBNLcs	Berkeley Lab CS	4489
24223641	michaelpollan	Michael Pollan	450341
44292148	hibetty	Betty Lin	124
33235771	MiaFarrow	mia farrow	640016
8708232	brynn	brynn evans	8028
29944407	joekgreen	Joe Green	3209
118199605	aarti411	Aarti Shahani	2128
234489024	twittercomms	Twitter Comms	249110
452632192	Ilana_Stern	Ilana Stern	442
17860936	jasoncavnar	Jason Cavnar	1099
41479730	ryanbbabenzien	ryan b	1099
14802104	lea	Lea Goldman	4938
16356796	charliejane	Charlie Jane Anders	18929
7786202	markarms	Mark Armstrong	5306
16017475	NateSilver538	Nate Silver	1194933
12350	iankennedy	ian kennedy	2240
204489416	RobertPlant	Robert Plant	133293
1371791	zimbalist	Michael Zimbalist	6808
14248451	Joshmedia	Josh Felser	19219
836360738	FakeMathewI	Fake Mathew Ingram	153
31080039	lenadunham	Lena Dunham	2208074
21126842	GrantaMag	Granta Magazine	143495
29387184	i8joe	Joe Robinson	3623
92525197	lnakanishi	Linda Yuki Nakanishi	1034
47361606	kevinabosch	kevin abosch	1145
30109507	mcsweeneys	Timothy McSweeney	240567
726202963	ReaderMagazine	The American Reader	7162
22587536	htmlgiant	HTMLGIANT	13277
52796949	nplusonemag	n+1	53902
14497568	EnriqueAllen	Enrique Allen	6993
21576543	tfadell	Tony Fadell	44035
11417802	jgebbia	Joe Gebbia	34229
17977475	shak	Shakil Khan	18389
23129237	jessicajackley	jessicajackley	10989
28506038	ROWGHANI	Ali Rowghani	26180
2363571	ChloeS	Chloe Sladden	220637
261342880	michaelheywire	Michael Heyward	1806
9672342	perrychen	perry chen	10300
19744978	LeenaRao	Leena K. Rao	34675
12528	jw	Josh Williams	14542
15808253	beckybermont	Becky Bermont	527
11113	mat	mat	65613
22160397	bipulsinha	Bipul Sinha	3778
14439168	tcarmody	Tim Carmody	20157
11107172	alexismadrigal	Alexis C. Madrigal	179178
817386	Techmeme	Techmeme	248062
24486917	spoljaric	Carly Spoljaric	253
685513	WordPress	WordPress 	465211
15237605	taymanj	John Tayman	74117
794340	Lock	Lockhart Steele	19508
35701040	mlevram	Michal Lev-Ram 	6479
54102084	henry_tsai	Henry Tsai	418
600296569	glider_com	Glider	240
348849391	eli_rubel	Eli Rubel	3449
81961201	valleyhack	Ashlee Vance	17198
792724	joshspear	Josh Spear	16977
139188992	marissamacabre	Marissa	947
4939401	patrickc	Patrick Collison	25623
14100237	Alfred_Lin	Alfred Lin	13526
7592642	maggie_reardon	maggie_reardon	15019
18080822	Lindseymgreen	Lindseymgreen	1899
16031975	b6n	Benjamin Black	3827
115396965	samir	samir mezrahi	27746
19035047	jmm	miranda mulligan	4256
14	noah	noah glass	39848
16145710	DanielZarick	Daniel Zarick	3330
22271574	ajdomanico	Anthony Domanico	3235
87735000	graemeburton	GB	1221
14480299	bling0	Benjamin Ling	14032
166617624	tomkrazit	Tom Krazit	5476
118532645	ServalProject	The Serval Project	916
52065949	Shubham	Shubham Datta	1129
7884282	neilbearse	Neil Bearse	2710
14940354	nycjim	Jim Roberts	162158
23553	t3killer	Marco Boerries	958
12047992	shauninman	Shaun Inman	26019
255651729	jost	Jason Ostheimer	821
14191945	Lammerding	Erik Lammerding	8886
44423	cdibona	Chris DiBona	35895
366309158	wirecutter	The Wirecutter	34649
1628691	fruhlinger	Joshua A Fruhlinger	5030
18518601	vambenepe	William Vambenepe	6421
15823646	sarahfrier	Sarah Frier	10421
98976495	newinquiry	The New Inquiry	32764
271970590	bruce_katz	Bruce Katz	15179
19678305	marpmc	Marci McCue	661
27549939	labovit	Craig Labovitz	513
15197321	andrew_zolli	Andrew Zolli	8829
14498082	aminz	Amin Zoufonoun	738
15980503	vijayiyer	vijay iyer	20206
16007812	rachelrosenfelt	Rachel Rosenfelt	7566
76229389	lisquart	Alissa Quart	935
11062352	rui	Rui Delgado	16211
116529568	aspenideas	Aspen Ideas Festival	15294
16985214	elizakern	Eliza Kern	3169
16399949	felixsalmon	Felix Salmon	150892
32688176	nstingo	Nina Stingo	402
6186392	chrismichel	Christopher Michel	8769
16916799	joshjames	Josh James	46588
13258512	dhof	Dom Hofmann	16181
227519814	mnbana	Maricar Baa	428
30569817	dkroy	Deb Roy	11240
19418583	gokulr	Gokul Rajaram	1468
6476742	mollywood	Molly Wood	98694
18380089	wp	William Peng	4169
37063979	andrewbusey	Andrew Busey	1830
15446126	designmilk	Design Milk	1031568
22115818	kevaldesai	Keval Desai	3154
24941044	ajs	Alyson Shontell	16411
20263560	ljanes	Laura Janes Wilson	475
14112296	designtaxi	TAXI	420765
15956067	joseiswriting	Jose Antonio Vargas	55455
14404508	signe	Signe Brewster	3405
61292961	seemacnbc	Seema Mody	24469
292	cw	Chris Wetherell	11391
1534167900	Carl_C_Icahn	Carl Icahn	220230
29126624	dgiambruno	David Giambruno	661
13604142	chrismatthieu	Chris Matthieu	8869
409	Case	Eric Case	3367
229955820	ericberlow	Eric Berlow	1104
14366969	jacqmarie	jacqueline mari	1402
17304329	cosekoski	christine osekoski	3786
19045458	espiekermann	erik spiekermann	316273
1839381	gino	Gino Zahnd	1644
811350	alexisohanian	Alexis Ohanian	86988
43522180	Courtney	Courtney Love Cobain	1451558
783214	twitter	Twitter	39685197
27319667	lec101	Lindsay Crowder	504
17508918	renaudvisage	Renaud Visage	3662
25709609	tomkeene	tom keene	67044
205486437	nargesba	Narges Baniasadi	140
12101862	VirginAmerica	Virgin America	695064
19853	rk	Ryan King	243949
14814905	eag	Erin Gleason	2369
26853	atduskgreg	Greg Borenstein	3978
812804	ronxo	Ron Richards	12738
1159251	shervin	Shervin Pishevar	63965
46063	hunterwalk	Hunter Walk	90225
38422658	melissabarnes	Melissa Barnes	9526
388951125	JesseDorogusker	Jesse Dorogusker	548
1026583626	PhilMolyneux	Phil Molyneux	1464
216798259	barronstechblog	Tiernan Ray	6802
4458791	stevechen	steve chen	3611
242359437	kirstinestewart	Kirstine Stewart	34338
1388838691	cynthiag	cynthia gaylor	1054
33696409	Quora	Quora	82793
230542564	MJ_Coren	MJ. Coren	2285
13920962	l2k	Lukas Biewald	104700
6161062	stanine	Matt MacInnis	3209
14618343	creon	creon levit	325
36153601	bradfordcross	bradford cross	12421
794329	davidkarp	David Karp	42175
15698507	scottbelsky	Scott Belsky	53967
1233663476	stratechery	stratechery	12915
80523	jmckenty	Joshua McKenty	7055
76133	tim	Tim Bradshaw	93770
159124891	ruzwana	Ruzwana Bashir	12956
68837369	aspenjfm	jerry murdock	2794
17755042	wmougayar	William Mougayar	5158
6827332	jtaby	Majd Taby	2269
252531143	SlaughterAM	Anne-Marie Slaughter	117591
152862026	EdwardTufte	Edward Tufte	51963
30331417	evgenymorozov	Evgeny Morozov	58671
294302833	judemaier	Matt Maier	71
1073034271	bridgetmfinn	Bridget Finn	605
6584432	otown	Otis Chandler	2080
523467498	ruluks	sandijs ruluks	889
6816282	bethdean	Beth Dean	1243
5568882	msnow	Matt Snow	615
20776322	jasonastowe	Jason Stowe	581
60133202	ScottWilsonID	Scott Wilson	5219
99953941	ploogn	Ploog'n Power Stands	226
54185484	trevoragilbert	Trevor Gilbert	1859
151911629	peterlauria3	Peter Lauria	9451
59484912	LilMissWordy	Tara Graham	700
14992263	RichBTIG	Rich Greenfield	7527
56212663	priyaparker	Priya Parker	9921
14356041	aleksiaaltonen	Aleksi Aaltonen	345
76823	jaredkim	Jared Kim	1562
130327554	techmilind	Milind Bhandarkar	1695
1724401	timyoung	Timothy Young	142616
20655586	bragiel	paul bragiel	6408
39621239	mwollan	Malia Wollan	2258
11425292	richardprice100	Richard Price	2412
165871889	sujatasuri	Sujata Suri	620
19826509	openculture	Open Culture	216860
16874430	sfanman9	Steven Fan	276
814307	charlietuna	Charles Ying	1675
35847665	owenbrainard	Owen Brainard	1598
20102835	swaaanson	Jonathan Swanson	4820
804376	rstephens	Robert Stephens	13618
20832113	gassee	Jean-Louis Gasse	12199
15416485	ckindel	Charlie Kindel	12090
460107839	BainbridgeSimon	Simon Bainbridge	2630
52747097	colorsmagazine	Colors Magazine	9330
15255602	davidisen	David S. Isenberg	1809
523874663	hughherr	Hugh Herr	1677
16364898	amandaterry	Amanda Terry	1671
22711764	gretcurtis	Gretchen Curtis	2354
29395401	RebeccaEscreet	Rebecca Escreet	350
15393128	wesleyverhoeve	Wesley Verhoeve	5760
819606	janl	Jan Lehnardt	12805
14445650	TylerH	Tyler	2787
5479802	jimscheinman	Jim Scheinman	10206
55388806	thatjudegirl	Jude Komuves	365
163776081	clubdinein	Nimisha Ambati, NC	922
381289719	nntaleb	Nassim NicholTaleb 	99804
3355001	Devon	Devon	5227
221721206	nikita_thakrar	Nikita Thakrar	573
10202	chrisbrogan	Chris Brogan	310504
38021678	fleurpellerin	Fleur Pellerin	246142
24421464	nitashatiku	Nitasha Tiku	42965
41675415	roxannevarza	Roxanne Varza	26080
5949972	edithyeung	Edith Yeung	5124
714688470	befamous	Famo.us	43396
22315431	deniseleeyohn	Denise Lee Yohn	6581
14097951	jguynn	Jessica Guynn	18321
13418072	stevesi	Steven Sinofsky	34797
1424581	acontinuouslean	Michael Williams	25797
397673792	hosain	Hosain Rahman	8028
12439842	efeng	Eric Feng	3441
14868280	JaneFriedman	Jane Friedman	209005
767396	ambermac	amber mac	101466
21588226	ahall32	Alan Hall	3731
1835951	craigmod	Craig Mod	26521
33383	mikekuniavsky	Mike Kuniavsky	4158
18735441	davegilboa	davegilboa	3907
19403796	shoshanaberger	Shoshana Berger	3175
481943972	aeonmag	Aeon Magazine	58933
16347964	shl	Sahil Lavingia	16871
225847395	AustinCarr	Austin Carr	9872
212706291	dromannn	David Roman	171
255617445	worrydream	Bret Victor	33602
22781840	katiawb	katia beauchamp	4842
17590815	mschaecher	Michael Schaecher	6755
115882166	Donahoe_John	John Donahoe	13664
14958257	isaachall	Isaac Hall	773
841791	andrewhyde	andrew hyde	19543
18028509	tom_peters	Tom Peters	125352
14323985	mulligan	Brenden Mulligan	114386
2195241	fmanjoo	Farhad Manjoo	99783
763893	chudson	Charles Hudson	13702
10069172	ttunguz	Tomasz Tunguz	28195
14515799	brianstelter	Brian Stelter	284674
13293162	satyap	Satya Patel	15781
12193342	rachelsklar	rachelsklar	53035
17006157	NYTimeskrugman	Paul Krugman	1356213
154016912	WillOremus	Will Oremus	9556
17697991	pradeep24	Pradeep Elankumaran	1321
17837248	mikeeisenberg	mikeeisenberg	5409
25712026	MsButterflyKiss	Miss Butterfly Kiss	398
8291	ericlin	eric Lin	3152
14435129	devdutt	devdutt yellurkar	1228
743452002	rodneyabrooks	Rodney Brooks	4004
178997867	IfYouOnly	If You Only...	10310
19907538	Kiteaton	Kit Eaton	14062
2182141	cap	Cap Watkins	9820
29627946	CJSettles	Craig Settles	2324
9898542	mdkail	mike d. kail	7332
14473989	jgheller	Jonathan Gheller	638
16444606	KatieBoehret	Katie Boehret	40619
730373	scottjenson	Scott Jenson	7750
1140451	AntDeRosa	Anthony De Rosa	84856
764932045	GetMindMeld	MindMeld	1087
15662622	stevenewcomb	stevenewcomb	14838
29532294	mthiele10	Mark Thiele	10692
21107053	elleluna	elle luna	10208
9717472	chafkin	Max Chafkin	11541
14397792	ScottBeale	Scott Beale	9202
17179368	Richard_Florida	Richard Florida	181539
2946711	danielabarbosa	daniela barbosa	4039
627416185	uncommon	Uncommon	715
13420	bb	Brian Bailey	2969
788051	alexgove	Alex Gove	354
5940142	marktrang	Mark Trang	1006
5939732	aarthir	Aarthi Ramamurthy	7372
13407	evanwolf	Phil Wolff	3847
17904829	ranimolla	Rani Molla	8333
27046692	lorakolodny	Lora Kolodny	12546
674723	rcarmo	Rui Carmo	1224
41485392	AmandaFaithF	Amanda Faith	303
28822804	linuxlewis	Sam Bolgert	254
121539516	aneeshchopra	Aneesh Chopra	19706
29057317	ericafink	Erica Fink	2548
3004231	SnoopDogg	Snoop Dogg	12210840
6204	abrams	Jonathan Abrams	14188
3839	davewiner	Dave Winer 	66363
1874221	McAndrew	Andrew McLaughlin	16144
18986524	PaulSloan	Paul Sloan	3616
237283855	intrcnnctd	Matt Webb's blog	599
20219117	rosslevinsohn	rosslevinsohn	5330
34663	leisa	Leisa Reichelt	13376
41067872	otoivainen	Olavi Toivainen	181
275487421	alon_maor	Alon Maor	173
39191312	kirstenagreen	Kirsten Green	3782
11969	zachklein	Zach Klein	20969
260356078	bindureddyold	Bindu Reddy	15342
13299972	infoarbitrage	Roger Ehrenberg	29712
400532473	Fakechamath	FakeChamath	1585
348644988	Contents	Contents Magazine	7041
6981492	ftrain	Paul Ford	24268
211583400	chrissyfarr	Christina Farr	11461
38610390	sseegal	Sarah Seegal	428
61977890	lifeofbi	Fan Bi	4782
19506790	sherylsandberg	Sheryl Sandberg	168572
9239622	niniane	niniane	3382
22213177	aheineike	Amy Heineike	2286
11006362	twilightfairy	Twilight Fairy	22974
19040598	MikeIsaac	_	38108
28582680	bgarlinghouse	Brad Garlinghouse	5838
372548499	gigabarb	Barb Darrow	10093
17374092	seedmag	Seed Magazine	24972
770729	lizgannes	Liz Gannes	71789
771619	evanatmedium	Evan Hansen	9875
7161172	Zee	Zee M Kane	38248
14622436	dansimoes	Dan Simoes	385
9943312	glennkelman	glennkelman	7593
823098	duncan	Duncan Davidson	8712
83665853	LaphamsQuart	Lapham's Quarterly	33114
17310646	superglaze	David Meyer	9097
15370304	eliasroman	Elias Roman	2014
8285392	raffi	uo 	25466
166369152	forstall	Scott Forstall	56328
56123	mikepuchol	Miquel Puchol	475
5935792	derekcollison	Derek Collison	4386
1153	AndrewCrow	Andrew Crow	8366
6120762	gbrockway	Gregg Brockway	2193
7575072	dane	Dane Jasper	3928
14261044	clayco	Clayton Peters	3805
71261579	tuhin	Tuhin Kumar	3220
595822244	larryellison	Larry Ellison	80543
71256932	parisreview	The Paris Review	460914
341251022	RebelMouse	RebelMouse	98359
18994661	jonahlehrer	jonahlehrer	43005
19019013	jopicq	Joana Picq	1915
10803212	bikehugger	byron@bikehugger	18272
18794329	jdh	Josh Hannah	8300
7101692	mm	Morgan Missen	25478
24889586	AnandWrites	Anand Giridharadas	16360
15216569	ptraughber	Patrick Traughber	1556
23466918	ambreenali	Ambreen Ali	2771
21268897	joshtpm	Josh Marshall	96669
18958993	Blakei	Blake Irving	13259
14723693	ginasmith888	Gina Smith	11822
220137029	JasonGelman	Jason Gelman	685
19077924	EmilyPurser	Emily Purser	3591
339750414	SheilaD_TV	Sheila Dharmarajan	11782
18895794	bingfish	bing gordon	11601
11222	k	Kevin Cheng	60394
5968272	jeremys	Jeremy Stoppelman	209032
13634322	olivercameron	Oliver Cameron	2312
74523	mikeindustries	Mike Davidson	19239
10221	drew	drew olanoff	26580
7386292	fdestin	Fred Destin	23590
3661961	phkeane	Patrick Keane	4370
2349251	ericnakagawa	Eric Nakagawa	8890
11441582	mkjung	Mike Jung	1641
31340821	ullamaaria	Ulla Engestrm	3066
2781	Aubs	Aubrey Sabala	28018
18350619	LaurieSegallCNN	Laurie Segall	16954
2150981	Rasiej	Andrew Rasiej	10274
18031093	arjunsethi	Arjun Sethi	26773
767043	pdavison	Paul Davison	1372
749963	pierre	Pierre Omidyar	521005
380	kevin	Kevin S.	73019
6475722	davetisch	David Tisch	37421
230830440	SoundTracking	SoundTracking	14715
50193	hughcartoons	Hugh MacLeod 	46177
14209307	joshuamcclure	Joshua McClure	15564
785691	zsims	zach sims	10912
4300171	vandermy	Anne W. VanderMey	2172
34505633	PeterGuber	Peter Guber	36142
17062849	tomstandage	Tom Standage	18045
5697932	standers	standers	6363
1003001	stevebryant	Steve Bryant	876
33478231	RPM3	Rob Myers	1429
14546264	BenBajarin	Ben Bajarin	11501
15715971	mdeagonia	Michael deAgonia	593
296453816	LAAF	Arrillaga-Andreessen	10022
17131936	frankartale	Frank Artale	1297
770550	rakeshlobster	Rakesh Agrawal	11453
40309057	rags	Rags Srinivasan	2135
13404292	nicoleperlroth	Nicole Perlroth	13912
138772457	bennie	Benjamin Heath	50037
18337283	pandemona	Sara Haider	53416
330521253	VinodColeslaw	Vinod Coleslaw	2385
18749271	libbybrittain	Libby Brittain	5835
3288371	Clayman	Greg Clayman	8034
16259374	jodiolson	jodiolson	4463
1641971	anders94	Anders Brownworth	859
8016272	netgarden	netgarden	859
19463443	jhreha	Jason Hreha	1526
1378711	gigaommobile	GigaOM Mobile	11714
1228181	michaelmontano	Michael Montano	1974
30924423	jesscancan	Jessica Canning	187
15526110	janamal	Jana Messerschmidt	28290
19822465	davemorgannyc	Dave Morgan	8428
14253109	adambain	adam bain	66642
12050202	appenz	Guido Appenzeller	1425
14836627	deepnishar	dnishar	3049
16741180	tuxseto	Terrance Seto	199
99471291	joverdorf	Jason Overdorf	3659
519476038	TechFTC	Tech@FTC	3407
474331447	jeffreyrweber2	Jeffrey R. Weber	285
18204430	sgourley	Sean Gourley	6609
13895242	adrianco	adrian cockcroft	17895
47453319	benjaminclymer	Ben Clymer	7975
6167252	Ashley_Jeanne	Ashley Granata	1753
937961	msg	Michael S Galpert	7295
5402612	BBCBreaking	BBC Breaking News	15421309
848901	lcooney	Lauren Cooney	5831
358566293	mkonnikova	Maria Konnikova	14109
615723	ethank	Ethan Kaplan	9371
20454964	davegirouard	Dave Girouard	12880
10324882	sweetlew	Lew Cirne	4107
15935843	eshp	Evan Sharp	6349
158564595	amberreyn	Amber Reyngoudt	2055
34552016	angusdav	Angus Davis 	7411
3364401	nik	Nick Halstead	8698
44282335	dozba	Ted Dziuba	5642
15414807	johnmaeda	John Maeda	410013
668473	sampullara	Sam Pullara	9495
62653	donlbe	Don Loeb	2201
14271976	tapanbwana	Tapan Bhat	551
1260941	imf	Ian McFarland	2312
29645492	ryanfujiu	Ryan Fujiu	2181
789824	marsedit	MarsEdit	2120
15593520	tingilinde	steve crandall	548
82820198	velorouge	Rakinder Grover	23
8064682	ltibbets	Linden Tibbets	1633
286296233	RitaPOBrien	Rita Polidori OBrien	360
10822612	shanesteele	Shane Steele	7677
7823462	simeons	Simeon Simeonov	10460
14327478	jonbischke	Jon Bischke	8004
47539748	Bill_Gross	Bill Gross	141784
15300300	prasanto	Prasanto K Roy	9700
2468	dkhare	Dev Khare	8209
90323375	tinkercad	Tinkercad	7392
5691942	tedmorgan	Ted Morgan	1139
14240056	paulsingh	Paul Singh	123426
8962882	Jessicalessin	Jessica Lessin	56845
6193182	jbruin	Jenn Van Grove	27793
62316970	SteveLohr	Steve Lohr	11555
15199539	markmilian	Mark Milian	14443
16242112	laurahazardowen	Laura Hazard Owen	12624
12131132	jdalrymple	Jim Dalrymple	34660
8475532	sdkstl	Staci D Kramer	11190
14878237	amandanat	Amanda Natividad	954
14281627	bjaquet	Brian Jaquet	604
15181188	erniesander	ernie sander	1128
3439831	8en	Ben Silbermann	17244
15256118	mfcrawford	mathias crawford	1237
820585	baratunde	Baratunde	171376
1129701	gideonro	Gideon Rosenblatt	3788
15651902	KKEllington	kristyellington	1218
29500600	Ozonesocks	Ozone Socks	1517
14860302	julian	Julian Nachtigal	3986
5882802	venky13	Venky Harinarayan	1357
36093693	wattersjames	James Watters	16165
322289998	bradsilverberg	Brad Silverberg	1611
5502502	scrawford	Susan Crawford	16687
97933	jzawodn	Jeremy Zawodny	5472
21056348	mrdictionary	Mr. Dictionary	3969
79844713	gregwaldorf	Greg Waldorf	987
1374361	scottopia	Scott San Filippo	799
74832539	adrianaoun	Adrian Aoun	1103
455869389	dbtechIPOs	Deutsche Bank Tech	2791
43864286	d_ramsden	Dan Ramsden	530
15932477	MightyScribe	contavespi	396
14579911	dtemkin	Dave Temkin	1218
33382564	JSchwarz9	Josh Schwarzapel	1204
14411282	BrettTopche	Brett Topche	1571
364488011	RealTimeWWII	WW2 Tweets from 1943	324842
17744075	Xavier75	Xavier Niel	109301
32423136	Longreads	Longreads	169002
144927688	TheFeature	The Feature	13745
951541	rozzie	Ray Ozzie	7812
5727392	SameerPatel	Sameer Patel	12633
7985892	CBarlerin	CBarlerin	2613
44196397	elonmusk	Elon Musk	2148154
17657037	barneyp	Barney Pell	4450
16039806	marjoriepaillon	Marjorie Paillon	19353
27093184	MikaelJungner	Mikael Jungner	53817
816830	bryanboyer	bryan boyer	1784
34398421	jennaemilia	Jenna Sutela	1059
13116	cityofsound	Dan Hill	13274
426731620	nickdaloisio	Nick D'Aloisio	18164
15391719	travlR	Holger G. Weiss	832
84616351	kirstyllee	Kirsty Lee	765
33265709	shleyMetz	Ashley Metz	655
82793386	jpschmetz	Jean Paul Schmetz	492
7224702	thulme	Tom Hulme	26224
757237	CLindholm	Christian Lindholm	942
351787047	PHenriettaK	Pia Henrietta K	2333
2787551	CathyBrooks	Cathy Brooks	9043
40291840	VaruniKhosla	Varuni Khosla	1337
14724139	eideard	eideard	176
17813389	_kaushikm		263
64503415	SaucyJazz	Jasmine Saucedo	76
20086998	MarielHemingway	Mariel Hemingway	440649
17596608	KatieBaynes	Katie	2545
14378113	DanielPink	Daniel Pink	327305
663353	briansugar	Brian Sugar	3153
6151352	SteveHanselman	Stephen Hanselman	920
5988062	TheEconomist	The Economist	8629906
409274130	tonyatskype	Tony Bates	2264
42826771	aneelb	aneel bhusri	13349
74451442	GSAgentP	Agent Patrick B	606
21465486	autkast	Shuchi Rana	1423
135784613	Heinider	Heini Vesander	2027
13521702	DavidKirkpatric	David Kirkpatrick	29144
7518622	jaysullivan	Jay Sullivan	1586
822571	SG	Sean Garrett	26293
14223150	ejsf22	Erica Jostedt	962
13598422	martinn123	nisenholtz	1438
28049003	GreatDismal	William Gibson	167704
644863	nivi	Nivi	25316
19996731	cbisciglia	Christophe Bisciglia	484
9282172	mjrnyc	Miles Rose	204
286175518	madebyhand	Made by Hand	8884
14651539	jeffiel	jeffiel	7251
7535572	KristinaWeise	Kristina Milian	2609
1966	danielraffel	Daniel Raffel	2011
150723226	yvesbehar	Yves Behar	32429
9198832	MVC	Michael V. Copeland	4255
6370862	arnoldkim	Arnold Kim	29253
18367054	medriscoll	Michael E. Driscoll	13312
1190051	roelofbotha	Roelof Botha	28708
755452	armano	David Armano	70317
456	davegray	Dave Gray	18879
42885252	riderboot	Ron Rider	679
16941174	picklesnumber1	Kati London	1543
19566514	jgsilverman	Josh silverman	2091
14313712	mattbuchanan	matt	18344
118882141	tailoredwatch	The Tailored Watch	2054
5215	naveen	naveen	32219
17394761	crh	connie hwong	1110
9428232	LauraGlu	Laura Gluhanich	5422
18348795	amandapey	amanda peyton	4172
6036422	jimihendrixlive	Jim Breyer	13128
26819104	jonfortt	Jon Fortt	25122
14149971	plibin	Phil Libin	25597
236782436	VouchMagazine	VOUCHMAG	597
8821412	billychasen	Billy Chasen	3939
19240123	Cranetv	Crane.tv	8757
123311912	nataliaclavier	Natalia Clavier	1976
176233506	remixeverything	Kirby Ferguson	15113
6628662	Markis	Mark Kingdon	995
14097434	kluo	Kay Luo	5170
2544901	golda		2603
754978	dodeja	Akshay Dodeja	2431
33098821	johnsonwhitney	Whitney Johnson	48200
17922094	abigailjohnson	abigailjohnson	260
4767131	RWong	Rich P Wong	14420
18731548	dispalt	Dan Di Spaltro	1424
82494739	ping_accel	ping li	4527
14557257	brian_wong	Brian Wong	19688
18927821	herrod	Steve Herrod	11633
46565466	marquez140	Michael Marquez	1756
5965432	sether	seth levine	14058
8114422	jasonmendelson	jasonmendelson	12334
18771458	GuernicaMag	Guernica Magazine	29355
20568189	HODINKEE	Hodinkee.com	24403
2959611	russellbuckley	Russell Buckley	9822
448	Maggie	Maggie Mason	26338
13370272	aza	Aza Raskin	25138
22937232	mabb0tt	michael abbott	25210
12354252	nilofer	Nilofer Merchant	48181
22587869	klustout	Kristie Lu Stout CNN	142670
20637884	IamSupriya	Supriya Gujral	1033
20890435	nlevchin	nellie levchin	773
10760422	daringfireball	Daring Fireball	76563
88711812	RaviCNN	Ravi Hiranand	5762
111060272	thinkmariya	Mariya	3025
14831911	jvdmeij	Jasper van der Meij	1074
72403	ginab	Gina Bianchini	15939
11263102	awadallah	Amr Awadallah	12859
16061930	hackingdata	Jeff Hammerbacher	21432
25206461	todsacerdoti	Tod Sacerdoti	206782
14188895	jakebrewer	Jake Brewer	5646
60942888	ThieveryCorpDC	Thievery Corporation	26665
58560480	MichaelDell	Michael Dell	864112
49753604	ritholtz	Barry Ritholtz	67704
74130577	emilychangtv	Emily Chang	60289
5691122	ajay_bcv	Ajay Agarwal	3178
14839109	dpatil	dj patil	26783
60308942	claychristensen	Clayton Christensen	114541
30224589	JoMaitlandSF	Jo Maitland	2064
42480399	derrickharris	Derrick Harris	11800
20786796	robin_ahn	Robin Ahn	1956
125027878	JimHacker	Rt Hon Jim Hacker MP	6257
1973	surj	Surj Patel	1668
29390938	natalieso	Natalie So	349
17286279	iivo	iivo	68
12625872	blakekrik	Blake Krikorian	1215
2230871	eileentv	Eileen Rivera	18358
14380788	andrewboni	Andrew Boni	225
14591604	gkoberger	Gregory Koberger	4201
23775896	quincysmith	Quincy	1804
3469	ericw	Eric Wahlforss	7846
3526	alexanderljung	Alexander Ljung	20584
109398208	DieterRams	Dieter Rams	2909
1071231	rosso	Sara Rosso	9616
15320887	AlexOsterwalder	Alex Osterwalder	56056
10249752	sfgirl	Melanie	2497
125547081	longform	Longform	79247
704343	mikegee	Mike Gowen	1833
21231810	GoddessGuide	Gisle Scanlon	4405
23262217	xpangler	Todd Spangler	6560
6876902	heyadam	Adam Debreczeni	2443
20355109	aBlogtoWatch	aBlogtoWatch	17369
13475802	JohnPaczkowski	John Paczkowski	31053
15934340	tonysphere	Tony Conrad	35755
2459371	Skype	Skype	4658337
18453278	darlin	Damon Darlin 	8152
1237411	davidmarcus	David Marcus	18594
3226561	davidsze	David Sze	18375
5965332	davidlee	David Lee	44745
56770312	noahchestnut	Noah Chestnut	2295
326205563	JFKTurtles	JFKTurtles	4751
149881227	itsatony	Toni Wagner	144
15686959	simoncrosby	Simon Crosby	9788
13666	mikebutcher	Mike Butcher	107009
16	jeremy	Jeremy	12836
14471545	K9Ventures	K9 Ventures	8754
21844920	orenjacob	Oren Jacob	6118
43894478	fdebong	Fredrik Debong	1944
15237525	GreenbergRichie	Richie	7920
24685056	DieselLaws	Diesel Laws	1711
16005828	jeff_jordan	Jeff Jordan	15986
15341579	raphaelschaad	Raphael Schaad	2053
15351100	brendandawes	Brendan Dawes	10265
14887150	sarahtavel	Sarah Tavel	7693
14304083	scotwingo	scotwingo	6682
110520327	asymco	Horace Dediu	48844
21807536	she_a	Shea Tate-Di Donna	397
113252339	AdamSingolda	adam singolda	2100
16407251	richminer	Rich Miner	15522
21360924	laragon	lawrence aragon	4278
10477272	kfitchard	kevin fitchard	4681
804863	cksample	C.K. Sample III	3421
12902	bobbie	Bobbie Johnson	13518
250103509	kncukier	Kenneth Cukier	8037
5558552	lazerow	michael lazerow	26207
35978414	atelierstarno	arno ghelfi	232
6092232	overdrev	Michael Jackson	2934
16180702	xo	Alexa Lee	1915
8362412	blam	Brian Lam	26059
40959553	SamShankman	Samantha Shankman	2999
25033119	Fritzanity	Fritz Lanman	1805
808627	StevenLevy	Steven Levy	90499
281800967	scottmcnealy	Scott McNealy	11884
617373	Padday	Paul Adams	18929
10271412	byoogle	Brian Kennish	2497
16099291	JasonHirschhorn	Jason Hirschhorn	26915
10795912	lsmarr	Larry Smarr	2994
5391342	lkramer	Larry Kramer	7497
7095472	Mc_Huge	Josh McHugh	2622
7234632	sachinrekhi	Sachin Rekhi	6489
19908394	mavolpi	Mike Volpi	4061
19905542	dannyrimer	danny rimer	18039
202448064	ABCDsofCooking	Chitra Agrawal	16591
20841923	frank_meehan	Frank Meehan	3225
7771632	puneet324	puneet324	3121
16461246	FrankQuattrone	Frank Quattrone	9321
17112843	pankaj	Pankaj Gupta	9986
16084841	kheussner	Ki Mae Heussner	4912
14055092	JeffJonas	Jeff Jonas	5285
20241519	karanewman	Kara Newman	4341
1605	sama	Sam Altman	80924
18344263	plugintodan	Dan Ucko	516
10268122	vsikka	Vishal Sikka	34120
5885772	jeffnolan	Jeff Nolan	4923
14626224	vesterinen	Ville Vesterinen	1981
17137916	agentpu	Jaime Chen	111
15455902	r2rothenberg	Randall Rothenberg	9718
9324442	rossrubin	Ross Rubin	9072
73053344	EatDrinkBrandy	Brandy	1577
17811812	serwer	andy serwer	3635
1026321	TreyRatcliff	Trey Ratcliff	61093
6978642	mostlylisa	Lisa Bettany	55657
10984852	Mona	Mona Nomura	17986
42957447	Leffot	Leffot	4155
14318203	shayang	Shayan Zadeh	1832
21827360	ThufirHawat	Fouad ElNaggar	1122
70478255	informor	Mor Naaman	2772
135254024	TeroatNokia	Tero Ojanpera	2708
26369932	selop	Stephen Elop	56725
16123519	bradoneill	brad oneill	754
11076652	vicgundotra	vicgundotra	16435
816642	ghrd	Christopher Jones	1907
115734106	kris	kris	17492
15433331	leighgallagher	Leigh Gallagher	5321
14642896	petewarden	Pete Warden	9039
624683	Stammy	Paul Stamatiou	29752
14274132	JPBarlow	John Perry Barlow	51273
29149796	lewtucker	Lew Tucker	4086
39895056	jdrosen2	Jonathan Rosenberg	1344
6210962	geoff_yang	Geoff Yang	8083
18194825	Thomas_Carey	Thomas_Carey	916
17209202	internetthought	Rudolf van der Berg	1720
788673	johnbiggs	John Biggs	28694
8528402	garimadhiman	garimadhiman	291
20348377	jeffweiner	Jeff Weiner	238329
860281	ireneau	Irene Au	10154
2622731	kentbrew	Kent Brewster	2338
6331462	jess	Jessica Verrilli	375729
16841687	PARCinc	PARC, a Xerox co.	7291
15809746	aten	ED ATEN	3597
15093212	metacool	Diego Rodriguez	9217
120858491	vurve	Lexity	255
15469101	EvelynRusli	Evelyn Rusli	38097
4893411	georgeruiz	George Ruiz	7157
5732432	saarsaar	saar gur	18538
58567664	olgakharif	Olga Kharif	8461
11818292	jank0	Janko Roettgers	6240
2156951	Percival	Sean Percival	19794
14413529	MelodyMcC	Melody McCloskey	19265
6535212	eladgil	Elad Gil	11653
28175506	VCjosh	Josh Goldman	4539
23145316	danidudeck	dani dudeck	7005
27814665	GoogleVentures	Google Ventures	402365
7095	Cookie	Connie Loizos	2901
10725	avneron	Avner Ronen	3910
22699508	gideonyu	Gideon Yu	16075
14225267	drewhouston	Drew Houston	124412
17194761	garyorenstein	garyorenstein	940
14834340	jayrosen_nyu	Jay Rosen 	153325
24773177	carr2n	david carr	466510
15818962	beninato	Joe Beninato	2101
949521	stop	Doug Bowman	307978
4934171	rsingel	Ryan Singel	9233
14327849	paulkaps	paulkaps	957
7456262	btaylor	Bret Taylor	37247
10022312	avh	Arthur van Hoff	1994
18713	al3x	Alex Payne	40893
14474225	ManuKumar	Manu Kumar	24588
13946232	rahulvohra	Rahul Vohra	10767
15642485	chasnote	Chas Edwards	4025
14202711	mattcohler	Matt Cohler	35588
14138167	mmccue	Mike McCue	17657
8847052	mbaratz	Maya Baratz	12953
14364049	jasonkincaid	Jason Kincaid	28900
898371	andrewmason	Andrew Mason	36643
18327902	alexia	Alexia Tsotsis	156982
15044479	Larry_Y	Larry Yu	13388
18206161	tristanwalker	tristan walker	287067
8834882	jessiwrites	Jessi Hempel	27650
3452911	kevinweil	Kevin Weil	49777
14527804	rohitkhare	Rohit Khare	1757
32958370	nataliediluccio	Natalie Di Luccio	8164
15435089	ericwoodward	Eric Woodward	15664
17937393	JenniferCabala	Jennifer Cabala	5236
5381582	julien51	Julien Genestoux	11368
15108910	rpesce	rich pesce	2980
9896832	markymark	Mark Hendrickson	4025
914061	levie	Aaron Levie	148833
14958607	learmonth	Michael Learmonth	17049
37077845	ZiaYusuf	Zia Yusuf	2320
94143715	KatieS	Katie Jacobs Stanton	94042
621713	robinwauters	Robin Wauters	40974
22949684	jayastu	Jay Bhattacharya	874
15538313	googlemobileads	Google Mobile Ads	44036
197505545	Arubin	Andy Rubin	78712
16690663	rodolfor	Rodolfo Rosini	1736
757683	jennjenn	Jenn Vargas	2070
28906567	mnaficy	Mariam Naficy	3326
14638754	victoria_ransom	victoria_ransom	3579
14104938	nanwar	Naveed Anwar	972
14226090	obedier	osama bedier	2688
821962	eranshir	eran shir	1094
84623395	Qualcomm	Qualcomm	216608
16246929	danprimack	Dan Primack	49849
179170383	cs_pritchard	Carolyn Pritchard	364
177561088	LLArmstro	Laurie Armstrong	577
56616220	fianxu	Gaia	1497
28181012	oryankim	Ryan Kim	6693
291	goldman	Jason Goldman	1193319
179339999	RonConwayFacts	Ron Conway Facts	11659
51405956	JoseValles49	Jose Valles	1465
11094232	eldsjal	Daniel Ek	66892
61233	monkchips	Jaime Gubernador	19865
7982802	eldon	Eric Rosser Eldon	20257
10233	bhanu	Bhanu Sharma	1195
765548	hmason	Hilary Mason	57790
5408622	asmith	Adam Smith	3537
2857721	brianp	brian pokorny	16730
807095	nytimes	The New York Times	16902228
422	shellen	Jason Shellen	24019
14367669	kimmaicutler	Kim-Mai Cutler	16924
14097091	emilylafave	Emily Olson LaFave	69877
8491	elizabeth	Elizabeth Weil	25177
53	sara	sara m. williams	91930
22747624	sgblank	steve blank	135622
3980	christine	Christine	32714
16513061	ciberch	Monica Wilkinson	2583
50510925	charlesbeeler	Charles Beeler	10186
14120151	foursquare	Foursquare	683102
14922908	KarlBode	Karl Bode	2117
1374411	aweissman	Andy Weissman	19554
5251831	peterfenton	Peter Fenton	31757
814253	Rafe	Rafe Needleman	50344
15921173	edyson	Esther Dyson	52477
6145622	m2jr	Mike Maples	32647
1979921	joshelman	Josh Elman	46757
1586501	nickbilton	Nick Bilton	250081
8095292	asenkut	Aydin Senkut	35218
3829561	blackrabbit	Ali Shah	693
14216123	jimcramer	Jim Cramer	861499
13349	ryanchris	Ryan Freitas	9425
676063	TeddyG	Ted Grubb	1942
43553	KevinCTofel	Kevin C. Tofel	19378
7694352	cpen	carolyn penner	25809
14143450	rmiggins	Robert Miggins	473
13642652	krutal	Krutal Desai	10304
4087691	EricaOgg	Erica Ogg	7739
156407255	rohit_x_	rohit sharma	3742
16494284	VanessaAlvarez1	Vanessa Alvarez	12474
4840981	keintzb	Brett Keintz	3319
6503412	sdw	Sebastiaan de With	18766
14413715	patricknorton	Patrick Norton	88505
607	mg	Matt Galligan	24032
14744566	PhilipHotchkiss	Philip Hotchkiss	4222
10057582	krupali	krupali	4648
24041126	brezina	Matt Brezina	5572
3465581	niffyat	Tiffany  	542
14311939	cwalker123	Craig Walker	5255
68867011	CurryUpNow	CurryUpNow	27417
1717291	pkedrosky	Paul Kedrosky	297972
32322589	kittukolluri	Kittu Kolluri	2477
12468982	ragsgupta	ragsgupta	1050
622663	rganguly	Robi Ganguly	2353
6493362	sfly	Sean Flynn	2080
2316691	akalsey	Adam Kalsey	1139
1300301	adamjkane	Adam Kane	149
6645712	kentgoldman	Kent Goldman	18563
11011792	kylemacdonald	KyleMacDonald	1327
744463	daveman692	David Recordon	14088
1039361	cwensel	Chris K Wensel	1581
22444948	sramji	Sam Ramji	5399
16213093	lmaugustin	Larry Augustin	13126
7746072	boyarski	mike boyarski	295
11803702	boblozano	Bob Lozano	1236
7861842	johnmark	John Mark	2357
126027490	heiligerj	Jonathan Heiliger	1172
46190823	leinwand	Allan Leinwand	988
14456209	Whatis9	9	651
2672	DiAnnEisnor	Di-Ann Eisnor	2838
16002665	satishd	Satish Dharmaraj	10233
11094282	jalak	jalak jobanputra	5602
3677041	Brett603	Brett	3235
14338900	minsd	Marce Graudi	1949
18295455	VenessaMiemis	Venessa Miemis	9652
1293	brianoberkirch	Brian Oberkirch	7498
224	davepell	Dave Pell	27602
57203	kevinmarks	Kevin Marks	25033
5471	joeywan	Joanne Wan	3928
8040772	fais_4	faisal galaria	815
91252195	pinckny	tom pinckney	495
7112242	novaspivack	Nova Spivack	39967
9729502	travisk	travis kalanick	80104
11740902	tferriss	Tim Ferriss	1246844
31543366	justinrmoore	Justin Moore	1746
14840041	suzannexie	Suzanne Xie	1680
38406979	NyayBhushan	NyayBhushan	271
14054448	lindsaycampbell	lindsaycampbell	2724
7745472	JoannaStern	Joanna Stern	73068
93957809	ericschmidt	Eric Schmidt	1102434
15827269	BradStone	Brad Stone	68186
14196449	jackabraham	Jack Abraham	7440
12460982	ldignan	Larry Dignan	23940
10178	stoweboyd	Stowe Boyd	19716
7618952	jamesurquhart	James Urquhart	17812
20088765	jsoltero	Javier Soltero	3307
691593	mjones	Michael Jones	15528
795649	rsarver	Ryan Sarver	285004
3682111	cshipley	Chris Shipley	6620
14761795	TEDchris	Chris Anderson	1703664
84351228	timberners_lee	Tim Berners-Lee	205259
22255654	johndoerr	John Doerr	255037
17201709	bramcohen	Bram Cohen	10286
66369206	FCC	The FCC	742625
3714971	salsop	Stewart Alsop	12060
12217	tconrad	Tom Conrad	158766
13198	markpinc	mark pincus	57972
16311483	VivekKundra	Vivek Kundra	11394
19029915	jeffclavier	Jeff Clavier	1859
5699	stewart	Stewart Butterfield	24506
5446532	jkraus	Joe Kraus	12038
1428461	tariqkrim	Tariq KRIM	20164
25047662	heatherharde	Heather Harde	10931
1137701	DavidSacks	David Sacks	39751
1899161	dbfarber	Dan Farber	33609
22330739	Benioff	Marc Benioff	167203
11164402	OpenJonathan	Jonathan Schwartz	13600
16597921	jseelybrown	john seely brown	15146
14076943	jhagel	John Hagel	22527
20884310	TimDraper	Tim Draper	27749
14553715	anand_raj	Anand Rajaraman	4623
818155	caro	Caroline McCarthy	34212
928961	rasmus	Rasmus Lerdorf	36227
14338417	sethbloom	Seth Bloom	2095
804654	Kate8	Kate Imbach	6453
1957581	freddymini	Freddy Mini	2828
7380362	alex	Alex 	43969
7985672	sorenmacbeth	Mad.MAX_VALUE	102501
26894723	martenmickos	Mrten Mickos	15909
16019122	rabzz	Rabia	695
3840	Jason	jason	228734
9641832	shansell	Saul Hansell	18282
806975	mrinaldesai	Mrinal Desai	8371
822722	arinewman	ari newman	5049
11206802	iPolicy	Richard Bennett	1589
16457010	richlyons	Rich Lyons	7368
756129	johnolilly	John Lilly	181356
6566712	PaulSweeney	Paul Sweeney	1863
15705567	rafat	Rafat Ali	24984
15662355	SabK	Sab Kanaujia	1297
17094350	brookevannatta	brookevannatta	519
1048651	jenbee	Jen Bekman	13337
49353	kowitz	Braden Kowitz	15650
1384891	metajack	Jack Moffitt	2129
10855632	gfcampbell	gerry campbell	18385
61594669	jluhnow	Jeff Luhnow	30224
2397	daveg	David Galbraith	3082
1260231	joehewitt	Joe Hewitt	37973
11435642	jeffjarvis	Jeff Jarvis	149505
14130784	randizuckerberg	Randi Zuckerberg	168071
15228003	blakeross	Blake Ross	16065
7693	tony	tony	129
16017430	richbuchanan	Rich Buchanan	513
12322	mosjef	jeff reine	992
10454572	jennydeluxe	Jenna //\\ Wortham	564762
19313995	lindaavey	Linda	8976
17854419	kraneland	David Krane	16849
20263710	rabois	Keith Rabois	91463
1471751	munjalshah	Munjal	1296
633	zephoria	danah boyd	108770
14220444	ginavon	Gina von Esmarch	1771
15335132	OfficeStylist	The Office Stylist	17053
36082429	jack_welch	Jack Welch	1453143
17503180	marissamayer	marissamayer	999956
12332112	amitkumar01	Amit Kumar	1563
763699	katiefehren	Katie Fehrenbacher	22792
13404152	journojos	Josie Garthwaite	4599
15357343	marissa	marissa	6045
14135545	akumar	Amit Kumar	4784
14951010	carrieyoung	Carrie Basham Young	1847
12555	jbrewer	Josh Brewer	22150
17165158	varchibald	varchibald	174
11041	emilychang	Emily Chang	22564
14837625	AlbrechtChris	Chris Albrecht	1948
59213	centernetworks	CenterNetworks	8482
48431093	EghosaO	Eghosa Omoigui	6446
17647075	audreynathalie	audrey	1341
13029	nicknotned	Nick Denton	29929
824211	bokardo	Joshua Porter	30407
40471451	gigaomresearch	Gigaom Research	10003
14426771	SeanEllis	Sean Ellis	86085
10078	reidhoffman	Reid Hoffman	283154
1098891	jamieperlman	Jamie Perlman	523
13911852	stevejang	Steve	9175
632173	c	Coley Cheng	44119
20936763	Dan_LRMobile	Dan Jones	3660
2565	nabeel	Nabeel Hyatt	11345
14620209	jopearl	Joanna Pearlstein	3055
16536624	sarahfallon	sarahfallon	1440
17595439	chr1sa	Chris Anderson	161125
11347122	GavinNewsom	Gavin Newsom	1221775
37570179	arrington	Michael Arrington	198061
14320024	chetansharma	chetansharma	6063
1270191	mmasnick	Mike Masnick	11524
10728152	technotheory	Jared Goralnick	4737
19575406	gigastacey	Stacey Higginbotham	20905
14836318	cvorkink	Christiaan Vorkink	1475
17297668	larrybrilliant	Larry Brilliant	23820
9534522	Pogue	David Pogue	1561799
14749070	Chad_Hurley	Chad Hurley	651935
6611482	peterpham	Peter Pham	22491
1541	AdamHertz	Adam Hertz	2480
1242511	natalimorris	Natali Morris	55060
14596798	martinsargent	Martin Sargent	18434
755756	moth	tim shey	8282
862481	dinakaplan	Dina Kaplan	7595
824157	mathewi	Mathew Ingram	65085
414	veen	Jeffrey Veen	39008
2480	mason	bryan mason	6756
635543	dburka	Daniel Burka	33942
930061	ginatrapani	Gina Trapani	358831
1470301	joberfest	jason oberfest	2269
2893971	gigaom	Gigaom	300835
14339383	devinknighton	Devin Knighton	1322
1422311	peterrojas	Peter Rojas	32786
1387421	poojip	pooj preena	273
963121	cape	Saul Klein	44594
691353	Joi	Joi Ito	104622
8479062	fromedome	Dan Frommer	37801
4503491	jason_pontin	Jason Pontin	24103
858051	dannysullivan	Danny Sullivan	464734
12798452	erickschonfeld	Erick Schonfeld	76584
5722742	Bankoff	Jim Bankoff	11785
1536811	markoff	John Markoff	55249
49793	jimmy_wales	Jimmy Wales	110586
4488	Borthwick	John Borthwick	33317
5252591	bgurley	Bill Gurley	328137
18910579	lily_lin	Lily Lin	3818
745273	naval	Naval Ravikant	115732
174853	Gartenberg	Michael Gartenberg	23481
1380711	salimismail	Salim Ismail	9890
828991	VCMike	Mike Hirshland	24398
893211	sw	susan wu	11024
2112	jcal7	Jon Callaghan	21042
856741	sethjs	seth sternberg	6127
3950621	ryan_mcintyre	Ryan McIntyre	7420
3754891	bfeld	Brad Feld	208547
1132291	Zisk	Brian	4205
5763262	karaswisher	Kara Swisher	1035197
2426	monteiro	Mike Monteiro	51769
2391	mulegirl	Erika Hall	12529
20339060	trueventures	True Ventures	78435
5702	Caterina	Caterina Fake	115114
15595832	jamesjoaquin	James Joaquin	4050
7517052	howardlindzon	howardlindzon	247679
723373	miketatum	mike tatum	362
418	dens	Dennis Crowley	78691
20334983	dmcgivn	Dorothy McGivney	2623
6664	rafer	Scott Rafer	5098
7238252	adachen	Ada Chen Rekhi	4398
20611931	MrVelvet	phil black	7881
23	timroberts	Tim Roberts	11005
4358	huslage	Aaron Huslage	1856
791124	dlprager	David Prager	32347
16124187	jimmaiella	Jim Maiella	1815
20749410	finkd	Mark Zuckerberg	336753
1000591	fredwilson	Fred Wilson	392057
13292532	ventilla	ventilla	2532
815774	krismet	Kris Corz	650
781293	martinvars	Martin Varsavsky	97345
6117302	lilmatt	Matthew Willis	222
1585	dhinchcliffe	Dion Hinchcliffe	31299
14600116	johnbattelle	John Battelle	277430
16228398	mcuban	Mark Cuban	3029059
2730791	mkapor	Mitch Kapor	102277
2494	robhayes	Rob Hayes	17254
17987125	RajSetty	Rajesh Setty	14104
14422705	jtoeman	Jeremy Toeman	5351
992151	davidhornik	David Hornik	58641
33423	gruber	John Gruber	355078
735983	gmc	Gmc	24167
14051115	datacenter	datacenter	25690
657863	kevinrose	Kevin Rose	1571310
11018972	stevenmarder	Steven Marder	750
19919350	jlanzone	Jim Lanzone	10862
10045192	DanielaHinrichs	Daniela Hinrichs	3768
14118292	rahulsood	Rahul Sood	38925
5768872	garyvee	Gary Vaynerchuk	1145095
14303497	celrae	Celeste LeCompte	1691
6141832	cshirky	Clay Shirky	349536
3080761	mattcutts	Matt Cutts	443258
610873	rashmi	Rashmi Sinha	19803
19048610	Meg_Hughes	Meghan Hughes	1456
819999	jeff	Jeff Clavier	78892
16291171	vgtero	vgtero	1825
3094401	jayadelson	Jay Adelson	21356
14733	MelKirk	Mel Kirk	10363
5477342	wa8dzp	Dewayne Hendricks	1523
14078468	aarontask	Aaron Task	12153
816214	sarahlane	Sarah Lane	89293
16303748	danlevin	dan levin	259
17469567	sarahbbrooks	Sarah B. Brooks	3457
6629912	jasonhiner	Jason Hiner	27292
18896081	markusgoebel	markusgoebel	747
6941	jyri	Jyri Engestrm	12043
1987491	ianb	Ian Andrew Bell	1610
10737	patphelan	Pat	16405
15675955	jeffTWC	jeffTWC	2667
15555237	djrekha	djrekha	9155
10638	jasonh	Jason Hoffman 	7607
1102	davidu	 David Ulevitch 	8038
3713811	bijan	Bijan Sabet	53699
14368074	craignewmark	craignewmark	73280
82243	jemimakiss	Jemima Kiss	131618
652193	mgsiegler	M.G. Siegler	161406
6267962	dangillmor	Dan Gillmor	34450
5746452	waltmossberg	Walt Mossberg	719204
14099017	BradMays	Brad Mays	3851
6324592	NewTeeVee	NewTeeVee	16837
1676	timkersey	Tim Kersey	1275
4774421	LarsHinrichs	Lars Hinrichs	14638
16578657	GigaomApple	Gigaom Apple	35784
5668942	sarahcuda	Sarah Lacy	101489
15076390	Padmasree	Padmasree	1602257
1220181	dchurbuck	David Churbuck	1862
5793822	msaleem	Muhammad Saleem	8731
6287522	Shripriya	Shripriya Mahesh	2808
754747	jannygirl	Jan Wopperer	1112
13949232	ai	Anand Iyer	5636
12454882	louisgray	Louis Gray	35730
10439732	alexfrance	Alex France	3891
9142912	vanelsas	vanelsas	1156
9111432	vgill	vgill	674
8160092	G_Lautour	Guillaume Lautour	441
7925822	dirtycuddle	dirtycuddle	797
7640782	azeem	Azeem Azhar	8314
7601332	gevaperry	Geva Perry	6635
6897222	johnv	John Vars	765
5774362	Throck	Jason Throckmorton	901
4924331	jedwhite	Jed White	2951
1724371	ekarma	Robert Cunningham	114
1563641	karllong	karl l	5145
1272021	dealdog	Derrick Chen	240
770781	kenberger	Ken Berger 	871
662323	raanan	raanan bar-cohen	4845
637873	rjbudke	Ryan j Budke	1326
631453	fubar	Fubar	272
169893	kathyg	KathyGill	623
113963	Werner	Werner Vogels	69684
54483	davidavdavid	David	2058
11422	MJ	@Mj 	4027
9566	Samwise	Sam Perry	946
3475	davemorin	Dave Morin	453001
2024	mlwhall	Martin Hall	4184
1970	bonforte	Jeff Bonforte	9811
13690692	JayHMT	Jay Huber	187
862681	ryan	Ryan Block	84738
799499	asaunders	Alec Saunders	13901
703953	forsie	Erin Fors	2565
264213	mtrends	Rudy de Waele	13895
56333	howardthaw	Howard H. Thaw	299
46023	ejacqui	Jacqui Cheng	22521
8584	Megan	Megan McCarthy	22181
5103	noel	Nol Jackson	2825
11963132	whitneyhess	Whitney Hess	25021
11362622	ZoliErdos	Zoli Erdos	5739
13274482	docwho76	Daniel Spisak	1451
5759352	kteare	Keith Teare	5258
957271	reubstock	Reuben Steiger	1899
833071	furrier	John Furrier	18657
816637	tonyhung	Tony Hung	396
788994	filos	Luca Filigheddu	12598
332083	marianne_m	Marianne Masculino	2266
29733	cindyli	Cindy Li	8983
13341	ekai	Eddie Codel	6013
12449	gstein	Greg Stein	1982
7215812	nickgon	Nick Gonzalez	3230
5561622	mtanne	Michael Tanne	1110
3829151	leolaporte	Leo Laporte	568595
3436771	elagerway	Erik Lagerway	1837
2023661	christianderson	Christian Anderson	2492
965651	allnick	Nick O'Neill	12774
76883	rahmin	rahmin sarabi	1173
11746712	XenMendelsohn	Xen Mendelsohn	305
7134202	rlepold	Rachel Lepold	1169
5379272	msbrumfield	Cynthia Brumfield	1209
711303	steverubel	Steve Rubel	90287
36823	anildash	Anil Dash	556066
6191642	beatricetarka	Beatrice Tarka	1644
3339171	dsearls	Doc Searls	22106
918711	OurielOhayon	Ouriel Ohayon	14544
13479	photomatt	Matt Mullenweg	78589
13041	elatable	Bradley Horowitz	50740
10822	markhall	Mark Hall	1353
9265	DeanLand	Dean Landsman	1977
3382	hnshah	Hiten Shah	182293
818489	Orli	Orli Yakuel  	19742
817288	gaberivera	Gabe Rivera	54374
11628	t	Tantek elik	70795
586	sacca	Chris Sacca	1573506
12	jack	Jack	2985783
807027	CZ	John Czwartacki	4185
5381732	AbbiV	Abbi Vakil	1104
5047921	mintigal	Rachel Cook	727
784555	chrisgilmer	Chris Gilmer	1982
6545932	noreaster	jen consalvo	8124
6194262	Profy	Svetlana Gladkova	2755
4192041	Sarik	Sarik Weber	10627
738933	rodrigo	Rodrigo Seplveda	16246
811027	scottkarp	Scott Karp	6353
6532	jeffreymcmanus	Jeffrey McManus	2186
740983	loic	Loic Le Meur	124641
1952	PhoneBoy	PhoneBoy	4044
20	ev	Ev Williams	1808470
856831	nowak	Mike Nowak	192
820828	FrankGruber	Frank Gruber	37740
817970	kwerb	Kevin Werbach	24268
257	rael	Rael Dornfest	16651
56653	jspepper	Jeremy Pepper	15510
818071	ericjackson	Eric Jackson	20349
887051	markjen	Mark Jen	422
791675	TNLNYC	Tristan Louis	1927
818340	marshallk	Marshall Kirkpatrick	58565
724473	labnol	Amit Agarwal	59767
47083	dotBen	Ben Metcalfe	5704
11770	stuarthenshall	Stuart Henshall	1874
10350	Veronica	Veronica Belmont	1746855
6721	miker	Mike Rowehl	1829
4045	glenda	Glenda-B!	6068
3615	jacksonwest	Jackson West	2452
3205	SaheliDatta	Saheli Datta	3927
1186	chrismessina	Chris Messina 	75713
2172	LaughingSquid	Laughing Squid	583468
1495	Kathy_Johnson	Kathy Johnson	23596
1378	MParekh	Michael Parekh	17086
997	tedr	Ted Rheingold	9812
295	joshk	Josh Kopelman	89751
13	biz	Biz Stone	2454923
1081	davemcclure	Dave McClure	277883
1075	narendra	Narendra Rocherolle	22655
885	Ross	Ross Mayfield	21178
988	nitin	Nitin Borwankar	3980
