3303293865	Caitlyn_Jenner	Caitlyn Jenner	2320728
18400889	pietromarx	Peter Marx	1970
2885947126	YoInsideUpdates	Yo Inside Updates	13
1339835893	HillaryClinton	Hillary Clinton	3607088
2851546415	mashflix	MashFlix	298
902207252	Kasey_Berry	Kasey Berry	278
17698956	moorehn	Heidi N Moore	54829
2927758254	AppMeerkat	Meerkat	399791
614134623	punit_goenka	Punit Goenka	82435
14173315	NBCNews	NBC News	2293573
51381252	NYCAviation	NYCAviation	46120
487198119	NYCityAlerts	New York City Alerts	49356
16145875	NotifyNYC	NYCEM - Notify NYC	144319
16663913	kimmyhuynh	Kimmy Huynh	2056
2485950907	ForbesUnder30	Forbes Under 30	6944
91478624	Forbes	Forbes	5475760
44196397	elonmusk	Elon Musk	2179336
16071063	k_mccasland	Kristin McCasland	1648
140195719	shots	Shots App!	848451
113125142	JLDlite	Josh Lincoln Dickey	9160
504979632	AliceKatze	Alice Katter	419
110816589	MichaelGalbe	michaelgalbe	1616
97783519	benkilner	Ben Kilner	6309
468126625	impending	Impending	8092
33697419	JBLaudio	JBL	115527
787416612	mindieapp	Mindie	2420
5774552	phillryu	Phill Ryu	16000
15762708	NelsonMandela	NelsonMandela	1116621
35012844	Jens_Nirschl	Jens Nirschl	637
9672342	perrychen	perry chen	10301
38168813	culturengine	Andrew McPhee	523
26788422	cfruechte	Christine Fruechte	969
761721691	MattSeilerIPGMB	Matt Seiler	1026
726723858	LoriHiltz	Lori Hiltz	519
25085358	digitalori	Lori Senecal	3107
15085196	rushkoff	douglas rushkoff	29344
82453323	Astro_Ron	Ron Garan	121919
491461310	HazamiBarmada	Hazami Barmada	1580
1615463502	AmbassadorPower	Samantha Power	168684
246654564	FranBerkman	Fran Berkman	2261
206378649	freydkin	Donna Freydkin	1853
21872545	AAFNational	AAF National	8458
1113167976	robinwilliams	Robin Williams	1476270
3004231	SnoopDogg	Snoop Dogg	12234744
334447267	briasolack	Bria Solack	44
5772422	rohitbhargava	Rohit Bhargava	33035
749963	pierre	Pierre Omidyar	522218
17004618	NickKristof	Nicholas Kristof	1611950
13521702	DavidKirkpatric	David Kirkpatrick	29135
304659247	mattpetronzio	Matt Petronzio	6996
7456262	btaylor	Bret Taylor	37292
49793	jimmy_wales	Jimmy Wales	110711
14763	ryancarson	Ryan Carson	56479
15439395	stephenfry	Stephen Fry	9995114
14824849	SteveMartinToGo	Steve Martin	6013259
10545	flyosity	Mike Rundle	25640
4234581	joestump	Joe Stump	15279
15536325	petepachal	Pete Pachal	15119
428333	cnnbrk	CNN Breaking News	27056132
6475722	davetisch	David Tisch	37505
1536811	markoff	John Markoff	55308
19617447	jeremycabo	@jeremycabo	17061
130251111	Azita	Azita	6114
414	veen	Jeffrey Veen	39026
165890254	LexieGRieg	Lexie Riegelhaupt 	2407
4519121	Oatmeal	Matthew Inman	494064
262355899	johnvarvatos	John Varvatos	36794
16454836	scott_jaworski	Scott Jaworski	2143
5129151	ToddWasserman	Todd Wasserman	19569
16441638	katyzack	katyzack	4740
36054494	htimms	Henry Timms	4046
183201869	BMWi	BMW i	251857
204352036	BMWiUSA	BMW i USA	18270
562381032	iamrashidajones	Rashida Jones	927766
48100887	Andy	Andy Cohen	1618133
25657401	SarahBrownUK	Sarah Brown	1223822
2554311	bango	Matt Bango	32
199991949	samcmlaird	Sam Laird	10117
82464779	KateFreeman415	Kate Freeman	6942
451586190	rupertmurdoch	Rupert Murdoch 	578927
61297437	nancylublin	Nancy Lublin	12003
72598780	Gilt	Gilt.com	459990
17449828	PRCouncil	PR Council	14740
17850095	KantarMediaUS	Kantar Media	7418
21774892	TheMandyMoore	Mandy Moore	2533719
11252962	DNAtv	Derrick N Ashong	17136
372502604	MashableNews	Mashable News	17576
26642006	Alyssa_Milano	Alyssa Milano	2827354
5768872	garyvee	Gary Vaynerchuk	1147385
3393521	myspacetom	Tom Anderson	228436
33900164	BritishGQ	British GQ	253173
18363508	Jason_Pollock	Jason Pollock	100878
10434442	cheald	Chris Heald	1579
29185918	LexiWrigglybop	Alexis Wrightson	669
17501885	sanaahmed	Sana Ahmed	2477
20536157	google	Google	11295877
14243746	kimfox	Kim Fox	7457
2182641	stevenbjohnson	Steven Johnson	1396228
35002876	BloombergTV	Bloomberg TV 	321991
36933344	BillyMcDiarmid	Billy McDiarmid	2009
50011708	margbrennan	margaret brennan	35888
14538248	robynpeterson	Robyn Peterson	4600
8161232	richardbranson	Richard Branson	5752223
37763170	svansacker	Sonja Van Sacker	510
8736882	globeandmail	The Globe and Mail	848379
12101862	VirginAmerica	Virgin America	698046
26788990	adasofia	A Ospina	1116
17232000	cnmoody	Chris Moody	4454
10841502	JohnAtkinson	JohnAtkinson	2669
14048775	carlenlea	Carlen Lea	1066
233218362	lucyhyman	Lucy Madeleine Hyman	231
23210238	dooleymr	Matthew Dooley	2860
14055690	sbsstudios	sbsstudios	705
14079017	caseypenney	casey penney	1505
16927517	heidiotway	heidiotway	2811
14134204	shiralazar	Shira Lazar	63538
24042079	JDT	Jeff Taylor	1779
19153064	sabrinacaluori	Sabrina Caluori	10276
126797395	JenatDisney	Jennifer Sublet, CMP	254
48422038	terievanswriter	Teri Evans	4145
85763688	c_kahler	Christopher Kahler	2286
14995838	JessicaRandazza	JessicaRandazza	5852
3533231	Pistachio	Laura Fitton	138918
297748315	cashmorehair	petecashmoreshair	25
19407053	Entrepreneur	Entrepreneur	1297339
234489024	twittercomms	Twitter Comms	249478
89593573	lexim	Lexi Mainland	28613
19038395	mattbish	Matthew Bishop	53965
17219219	chuckhemann	chuckhemann	8598
15485441	jimmyfallon	jimmy fallon	25739011
14940354	nycjim	Jim Roberts	162435
15724082	jacksonjk	Jill Jackson	9641
176491336	keithurbahn	Keith Urbahn	8923
14368074	craignewmark	craignewmark	73291
15921173	edyson	Esther Dyson	52626
14328066	sree	sree sreenivasan	67632
839321	charleneli	Charlene Li	99790
1294741	ruskin147	Rory Cellan-Jones	153517
4925881	LarryChiang	Larry Chiang	5497
4458791	stevechen	steve chen	3613
13612292	breadpig	breadpig	2488
120129682	JohnKingUSA	John King, USA	13329
23624565	foliomag	FOLIO:	11583
10202	chrisbrogan	Chris Brogan	311257
16810076	ericaswallow	Erica Swallow	12377
15582699	charlie_white	Charlie White	13853
10454672	khartline	Karen Hartline	9528
418	dens	Dennis Crowley	78740
44770583	petersmeg	Meghan Peters	10980
19417850	jolieodell	Jolie O'Dell	49181
201738137	emjbanks	Emily Banks	9066
16906995	heatherdamico	Heather D'Amico	3071
820828	FrankGruber	Frank Gruber	34162
34492622	LBDPSU	Lisa Deutsch	668
19364978	Zipcar	Zipcar	33745
103943240	playglitch	Glitch, the game	14705
28635233	dkny	DKNY PR GIRL	534026
8479062	fromedome	Dan Frommer	37918
10476462	adamdangelo	Adam D'Angelo	31549
13198	markpinc	mark pincus	58096
795649	rsarver	Ryan Sarver	284970
1501471	LanceUlanoff	Lance Ulanoff	78767
70951712	bobaycock	Bob Aycock	2727
746323	jeffpulver	Jeff Keni Pulver	543619
6708952	SteveCase	Steve Case	741736
9534522	Pogue	David Pogue	1562741
17889970	Gladwell	Gladwell	282179
9683812	alison	Alison Zarrella 	9567
811350	alexisohanian	Alexis Ohanian	87765
202003	pkafka	Peter Kafka	64825
50393960	BillGates	Bill Gates	22459870
3713811	bijan	Bijan Sabet	53762
14130784	randizuckerberg	Randi Zuckerberg	168157
1586501	nickbilton	Nick Bilton	250522
15865878	NiemanLab	Nieman Lab	191303
14834340	jayrosen_nyu	Jay Rosen 	153501
801061	Brie	Brie Manakul	3649
37759047	JenniferPreston	Jennifer Preston	101666
820585	baratunde	Baratunde	171482
5215	naveen	naveen	32241
8962882	Jessicalessin	Jessica Lessin	56951
14557257	brian_wong	Brian Wong	19709
745273	naval	Naval Ravikant	116248
14515799	brianstelter	Brian Stelter	285839
1192	missrogue	Tara Hunt	51491
1966141	geoffliving	Geoff Livingston	20710
4833	simplebits	Dan Cederholm	89305
858051	dannysullivan	Danny Sullivan	466540
586	sacca	Chris Sacca	1578684
49437246	BAHjournalist	Brian A. Hernandez	20668
2735591	FastCompany	Fast Company	1804956
16589206	wikileaks	WikiLeaks	2573334
20	ev	Ev Williams	1813452
1143031	problogger	Darren Rowse	221562
8069572	shelisrael	shel israel	29037
818155	caro	Caroline McCarthy	34211
57203	kevinmarks	Kevin Marks	25098
17595439	chr1sa	Chris Anderson	161448
61133	zeldman	Jeffrey Zeldman	341559
11388132	lessig	Lessig	343260
14749606	Dropbox	Dropbox	4058652
8453452	GuyKawasaki	Guy Kawasaki	1454131
819800	CNETNews	CNET News	464257
7545612	KendallOstrow	Kendall Ostrow	3124
6730222	hblodget	Henry Blodget	125167
1344951	WIRED	WIRED	4626967
14738181	katetheshark	katie klepek	2232
755452	armano	David Armano	70352
12	jack	Jack	2996562
1052961	dsifry	David Sifry	12885
18206161	tristanwalker	tristan walker	287081
13436432	prsarahevans	Sarah Evans	106067
817386	Techmeme	Techmeme	248835
662433	leahculver	Leah Culver	30226
10367	brianclark	Brian Clark	175992
6017542	BreakingNews	Breaking News	7592705
10221	drew	drew olanoff	26574
2970511	lessin	sam lessin	7048
22255654	johndoerr	John Doerr	256351
113130846	ycombinator	Y Combinator	273876
814253	Rafe	Rafe Needleman	50382
5763262	karaswisher	Kara Swisher	1037257
2384071	timoreilly	Tim O'Reilly	1932001
5746452	waltmossberg	Walt Mossberg	721572
11435642	jeffjarvis	Jeff Jarvis	149749
54848195	ycombinatornews	Y Combinator Newest!	2697
216299334	piersmorgan	Piers Morgan	4460388
11666142	joshuatopolsky	Joshua Topolsky	152970
13637012	stacymartinet	Stacy Martinet	12701
2918751	willhsu	Will Hsu	395
39978805	scotlandis	ScotlandIS	5270
245516626	CNNSXSW	CNN @ SXSW	6593
19829693	danshipper	Dan Shipper	6666
12480582	adage	Ad Age	800746
19039558	Scott_Allison	Scott Allison	3395
14649701	CameronHerold	Cameron Herold	59844
8475532	sdkstl	Staci D Kramer	11191
24824450	katz	Andrew Katz	14109
78326526	Aniketh	Aniketh Dsouza	3659
16445207	amandablair	Blair Hickman	4641
188216669	yvettelu	Yvette Lu	1668
16129633	hypercasey	Casey Lau	14844
10696392	FutureBoy	Chris Taylor	15106
759251	CNN	CNN	17437294
6476742	mollywood	Molly Wood	98821
1035491	ScottMonty	Scott Monty	108386
24732763	GansevoortMPD	Gansevoort MPD	10877
79543	jowyang	Jeremiah Owyang	161840
19058681	aplusk	ashton kutcher	16930978
9027052	aarondignan	Aaron Dignan	12498
783705	davepeck	Dave Peck	127128
246491021	putodanny	Daniel	3278
784304	sxsw	SXSW	474095
16050554	chamillionaire	Chamillionaire	876883
25754624	drelly	lauren drell	12677
42944430	DovSeidman	Dov Seidman	4662
102700680	Davos	World Economic Forum	340040
21789052	SarahFKessler	Sarah Kessler	17835
15698507	scottbelsky	Scott Belsky	54123
20747011	chrishughes	Chris Hughes	39193
34713362	business	Bloomberg Business	2278574
26249909	CrisValerio	Cris Valerio	7581
68837369	aspenjfm	jerry murdock	2795
15642485	chasnote	Chas Edwards	4027
15722730	bdresher	Brian Dresher	7548
5120691	wef	World Economic Forum	2492768
20263710	rabois	Keith Rabois	92223
73031343	zsniderman	Zachary Sniderman	4299
2529971	cdixon	Chris Dixon	178215
25695484	StefanieRennert	Stefanie Rennert	4773
28034417	stephaniemarcus	Stephanie Marcus	2404
16114437	Lavrusik	Vadim Lavrusik	33106
20025220	laureni	Lauren Indvik	22540
894601	blake	Blake Robinson	5441
3475	davemorin	Dave Morin	454302
6238012	mvanhorn	Matt Van Horn	9771
657863	kevinrose	Kevin Rose	1573646
19260958	derekmercer	Derek Mercer	167
47539748	Bill_Gross	Bill Gross	142357
16710015	iPolitics	Jacob Kobi Gamliel	7921
12491732	franzstrasser	Franz Strasser	2923
15930061	HilzFuld	Hillel Fuld	29882
17396212	summertomato	Darya Rose	52249
14749070	Chad_Hurley	Chad Hurley	654802
17300514	prgal	Jaime Sarachit	2081
11733372	Sharonfeder	Sharon Feder	12349
9866582	film_girl	Christina Warren	69700
6193182	jbruin	Jenn Van Grove	27777
11009852	benparr	Ben Parr	64704
9714412	adamhirsch	Adam Hirsch	20567
5695942	adamostrow	Adam Ostrow	39332
125033	tamar	Tamar Weinberg	42090
14956543	w3edge	W3 EDGE	8000
14166651	catone	Josh Catone	8209
817462	franticnews	Stan Schroeder	7738
17355722	BrennaEhrlich	Benn hlich 	8780
26607725	Matt_Silverman	Matt Silverman	12115
13858622	SamuelAxon	Samuel Axon	2968
16099295	laurenrubin	lauren rubin tiley	3845
6978642	mostlylisa	Lisa Bettany	55663
1980081	rajeshjain	Rajesh Jain	1489
789851	mudanoman	IBW	315
754977	dscuds	Dan Scudder	561
1137331	owl_photos	Owl Photos	4623
914061	levie	Aaron Levie	150193
10076772	tdjordan	tdjordan	175
4828761	mmarshall	Matt Marshall	12847
5253771	ErickB	Erick Brownstein	4892
695453	benjaminedgar	Benjamin Edgar	1925
6840942	timcox	Tim Cox	496
795606	phollows	Phil Hollows	4379
3013951	matthewhurst	Matthew Hurst	1406
5332972	nsight	N:Sight Research	450
3839741	rexchung	Rex Chung	909
4580601	guitarchic	Riz Sanchez	473
920211	expandeer	Expandeer.com	582
9785022	ifindtrends	ifindtrends	72
802906	vladzaharia	Vlad Zaharia	400
10855142	lazytweet	lazytweet	1769
13029	nicknotned	Nick Denton	29951
4408271	ckeller	Chris Keller	1120
798215	cmiper	cmiper	149
6353	samdavyson	Sam Davyson	475
7032982	jamie247	Jamie Burke	2444
3700791	tuf	Franois	1038
2959611	russellbuckley	Russell Buckley	9859
1143561	charkshark	Jordan Chark	146
5104551	Tim_vT	Tim von Toerne	280
992151	davidhornik	David Hornik	58743
1591961	dmitry	Dmitry Shapiro	4461
5971522	jonburg	Jon Burg	2892
2953881	jeremybaines	Jeremy Baines	1157
781181	KentheCityMouse	Kenneth Musante	297
1687071	francisanderson	Francis Anderson	816
1585	dhinchcliffe	Dion Hinchcliffe	31366
4468111	blader	Siqi Chen	4036
674413	cre8d	Rachel Cunliffe	1685
5062491	ellyssa	Ellyssa Kroski	4421
812837	jklem	John Klem	906
970381	jimelliott60	Jim Elliott	11
6826152	kevinclark	Kevin Clark	772
1621271	thomaspower	Thomas Power	96293
5388102	gonzague	Gonzague Dambricourt	33758
730823	indianterrain	Daksh	1836
1100561	lbraun2000	Linda W Braun	3540
9813152	YuliZ	Yuli Ziv	14336
1562211	boxxet	Boxxet	41
5874362	falcon3	DeFalcon	55
1863181	yanec	Yaniv Yaakubovich	621
9221002	jhaniv	jhaniv	203
1300601	WilliamBeutler	William Beutler	3527
7304302	wjessup	will jessup	1082
10162792	wei_yang	Wei Yang	1471
849221	WarnerCrocker	Warner Crocker	2120
874	waynesutton	Wayne Sutton	49544
3017051	Octane	Wayne Smallman	1923
1424781	aapkavikrant	Vikrant	182
5838072	newbalance	New Balance	135346
7161032	vasudevram	Vasudev Ram	542
9285422	unleashvideo	UnleashVideo	14699
1054521	steepdecline	Tyler Crowley	7094
2715181	gadgetgeekery	Gadgets and Geekery	544
6656272	tamedo	Tony Hawley	366
8884462	TGines	Tony Gines	659
8292752	Tomboys	TIF	3395
5796972	pandora_radio	Pandora	398378
12797	Tojosan	Todd R Jordan	8428
5570822	toddgalloway	Todd Galloway	388
807471	toddcohen	Todd Cohen	1182
5220451	timothypost	Timothy Post	2545
5917472	librarythingtim	Tim Spalding	15946
5559752	timhibbard	Tim Hibbard	631
6493442	thomaldo	Che Guava	236
6117452	thepete	thepete	1329
804268	kineda	Kineda	11001
954721	tad	Tad Donaghe	1602
720843	tedmurphy	ted murphy	44276
3287151	taylorsmith	Taylor Smith	483
1428461	tariqkrim	Tariq KRIM	20166
8796372	TrendsSpotting	Taly Weiss	5111
1851121	tallstreet	tallstreet	98
8805922	TaliShapiro	Tali	4548
807776	sheywood	Susan F. Heywood	1218
1120691	susancelia	Susan Celia Swan	1157
1177661	suezanne	SuezanneCBaskerville	1443
1774511	stuartdredge	Stuart Dredge	17428
10178	stoweboyd	Stowe Boyd	19734
11752	markbao	Mark Bao	12754
711303	steverubel	Steve Rubel	90323
22653	steveodom	Steve Odom	1549
815586	SteveJames	Steve James	123
1447051	sborsch	Steve Borsch	1453
5697932	standers	standers	6383
1539471	StephanieFrasco	Stephanie Clegg	7464
10091812	ozlady	Stephanie	265
6080182	stanoleynik	Stan Oleynik	78
8873542	santoshindreamz	santoshindreamz	62
703513	felipecerda	 Felipe Cerda Barra	1234
8780662	sonyaa2	sonyaa2	1137
8822982	sososazesh	Soso Sazesh	1287
792233	angelcityblues	Siobhan O'Neill	1824
8854512	simp513	simp513	21
2726591	simonp	Simon P	55
3413871	shellyle	shelly lennon	54
1475291	DealmakerMedia	Dealmaker Media	4169
7209642	shauntinney	Shaun Tinney	441
8267622	xenopii	Sharonda Woodfin	150
9237162	shafiq	Shafiq Rehman 	1306
2156951	Percival	Sean Percival	19842
5644142	ScottAllen	Scott Allen	38630
1020561	Scott_Waddell	Scott Waddell	32
10942652	scottwaddell	scottwaddell	42
811027	scottkarp	Scott Karp	6350
8008392	publishing2	publishing2	58
814741	scottbutton	Scott Button	571
1335641	richstyles	SB	9010
1950251	MoMB	MoMB	1081
8672362	chimala	chimala	304
6371912	Sarawanan	Saran	140
9798802	SCJones	Sarah Jones	394
2333071	sarawinge	Sara Winge	5271
9081642	SaraPeyton	Sara Peyton	9671
5727392	SameerPatel	Sameer Patel	12639
9037172	samrosen	Sam Rosen	3315
8946242	excsm	excsm	180
3401201	sessa	Stefano Sessa	1086
78833	rcarver	Ryan Carver	1313
694733	coolruss	Russell Winslow	77
4826261	RussB	Russell Beattie	2121
5177201	rossm	Ross	523
1396061	rosshosman	Ross	247
2053151	kohniva	Rosie Kohn	233
8102152	romanpushkin	Roman Pushkin	120
1998801	RogierVisser	Rogier Visser	4480
836361	rdauster	Rodrigo Dauster	434
1639571	rodrigobarba	rodrigo barba	1272
3855911	Rumford	Rodney Rumford	8688
8998592	dreadsword	dreadsword	85
5475432	robjama	Robleh Jama	2102
10931842	blognationBE	blognationBE	26
61853	robtsai	Rob Tsai	531
13348	Scobleizer	Robert Scoble	455751
779141	kr8tr	Rob La Gesse	4639
1274561	robertgaal	Robert Gaal	4998
7959632	ruther44	Robb Myer	447
4630141	jrap	Rob	176
8339212	eventvue	EventVue	1150
10824632	itsrishi	Rishi Khaitan	233
7824332	r3interactive	r3interactive	16
5605792	adsymetrix	Rick Rochon	1211
5282	stormgrass	Richard Hemmer	1327
1479681	rrwhite	Richard White	3062
5780322	SoldierBeetle	Richard Pendergast	2273
779977	gallir	Ricardo Galli 	26628
2434151	Rrfly	Richard Malterre	5374
1120391	rlaemmler	Reto Laemmler	376
9508302	reeder	reed	1292
3054441	coRank	coRank	47
5827392	zoho	Zoho	20586
2063851	raypodder	Ray Podder	548
12112	radioproducer	Chris Vallance	2119
6655372	pug	Ef Rodriguez	10146
13195	pramit	Pramit Singh	215
8130632	raneka	raneka	81
642593	pittaya	pittaya	2157
801411	parisionescu	Paris Ionescu	659
9775112	Crowdstorm	Crowdstorm	183
8524892	ppearlman	Phil Pearlman	24995
7209902	peymon	peymon maskan	1142
823310	peterbihr	Peter Bihr	5786
823036	petervandijck	Peter Van Dijck 	867
6611482	peterpham	Peter Pham	22549
5003	petekruse	Pete	1370
816089	peterdawson	Peter Dawson	830
972651	mashable	Mashable	5347045
7230592	Peterfpb	Peter Berghammer	147
8698132	pauledmondson	Paul Edmondson	765
6068	pau	Pau Garcia-Mil	44085
919501	PatrickKTV	Patrick Kavanagh	1753
988281	patmccarthy	Pat McCarthy	1369
7238782	PabloSanchez	Pablo Sanchez	7132
12774	OphirTanz	Ophir Tanz	1158
8886352	jaysonblair	Jayson Blair	50
6200492	aczafra	Arnold Zafra	2077
9763522	nikitabe	Nikita Bernstein	320
8024832	nickburcher	nick burcher	3421
10575	nickthegeek	Nick The Geek	1402
965651	allnick	Nick O'Neill	12766
5537632	NicholasQuixote	Nicholas Quixote	77
3364401	nik	Nick Halstead	8699
9878142	websupergirl	Nikole Gipps	860
65543	NeilCauldwellv1	Neil Cauldwell	858
7898582	beijingwideopen	beijingwideopen	192
1075	narendra	Narendra Rocherolle	22652
682813	30Boxes	30Boxes	2754
7778312	nhendrickson1	Nancy Hendrickson	1873
8016272	netgarden	netgarden	862
5793822	msaleem	Muhammad Saleem	8731
1407771	falcon2000eg	mostafa esmail	544
4970411	AJEnglish	Al Jazeera English	2419199
12394	mrayyan	morad rayyan	4433
8124052	mobypicture	Mobypicture	30334
8106562	godsdog	godsdog	1465
9423202	mitchkeeler	Mitch Keeler	1030
9306	Minger	Minger	10734
823778	milessims	Miles Sims	282
4959461	mwalsh	mike walsh	5801
1307011	MrMikeStreet	Mike Street	51373
1236481	mrichwalsky	Mike Richwalsky	1517
4567901	mikepence	Mike Pence	674
1442761	mhodgson	Mike Hodgson	687
74523	mikeindustries	Mike Davidson	19289
7205002	michellelamar	michellelamar	6701
9834692	michelecmehl	Michele Mehl	10912
6347752	michaelczhang	Michael Zhang	118
7037052	mambler	Mambler	45
828881	Bumi	Michael Bumann	1879
10225	mdubulous	Michael Whitney	166
5561622	mtanne	Michael Tanne	1116
6350552	rosensbagels	Rosen's Bagels	426
1364121	mraisanen	Michael Raisanen	211
1112431	mahemoff	Michael Mahemoff	9254
5444852	mlitman	michael litman	8139
7093252	Michael_Irie	Michael Kelly	1111
8447542	Forian	Michael Forian	5752
2984	go	Michael Buffington	4365
809138	Merlene	Merlene Paynter	3834
5444962	missyo	melissa albert	40
8797842	megank32468	megank32468	31
9537102	maxlimpag	Max Limpag	2252
7737142	alessani	Matteo Alessani	443
2928011	mhuggins	Matt Huggins	208
8453962	mattwerner	Matthew Werner	223
13479	photomatt	Matt Mullenweg	78935
607	mg	Matt Galligan	24033
824157	mathewi	Mathew Ingram	65302
6417132	martinkay	martinkay	44
5566022	adent	Arthur Dent	7140
5033001	MarthaGarden	Martha Belden	71
10853192	martha_feingold	Martha Feingold	1307
9244082	markjuliano	Mark Juliano	192
8346712	MarkZeman	Mark Zeman	977
796443	MarkONeill	Mark O'Neill	2639
5498642	yellowllama	Mark Bloomfield 	1532
10465782	marioOlckers	Mario Olckers	2348
1660981	mbhmirc	Mark Harburn	25
6714882	mariedelatorre	Marie Dela Torre	568
9718682	MargaretChaffee	Margaret Chaffee	1082
1420551	inventur_es	Marcus Greenwood	810
623183	marcobazzani	Marco Bazzani	225
615603	marqueymarc	Marc/a/Meyer	629
8821542	mblinder	Marc Blinder	1082
2370441	marrc	Manish Chandra	2913
9365252	knitter27	knitter27	42
5345032	diigo	Diigo 	42778
729833	yurechko	Michael Yurechko	2218
788994	filos	Luca Filigheddu	12605
770729	lizgannes	Liz Gannes	72025
5684312	liviacolare	Livia Iacolare	17089
1133701	doctorparadox	barb dybwad	6876
820807	AndyBeard	Andy Beard	12580
5329582	BBBLisa	Lisa	7234
10039872	austinpublicist	austinpublicist	45
1181821	BlueCockatoo	Lindsay Donaghe	498
7775682	TheRealLewisC	Lewis Cunningham	1657
6359042	leavemile	leavemile	209
7198862	mykinda	MyKinda	69
3277361	laurentk	Laurent Kretz	3404
13250	laurencetimms	Laurence Timms	1608
2115761	LarryRubin	Larry Rubin	1479
9114982	workbook	workbook	1894
754970	berlinmob	lance weiler	106
4386321	LA	L.A. Lassek	4737
9312552	lainetom	Tom Laine	3818
5413042	KyleOrl	Kyle Orland	10089
5267981	rkumaraswamy	Ramya Kumaraswamy	807
249713	kristopher		12203
5452432	kristinaserafim	Kristina Serafim	431
1308321	KristenNicole2	Kristen Nicole	12156
770006	krikor	Krikor Ohannessian	1387
4536121	kitcody	Kit Cody	760
10830412	kristenhavens	Kristen	953
8330272	LEAPagency	LEAP 	10456
817970	kwerb	Kevin Werbach	24283
815897	kenyarmosh	Ken Yarmosh	4782
62763	burtonator	Kevin Burton	797
1566081	kenburnstein	Ken Burnstein	1612
5283702	kathrynshantz	Kathryn Shantz	528
792676	xxdesmus	Justin	1086
3028041	tcritic	Tcritic.com	1604
8983212	justin_gibbs	Justin Gibbs	431
10226	JustinKownacki	Justin Kownacki	6451
6652682	justindavies	Justin Davies	339
6317732	juliensaumande	Julien Saumande	792
5843592	johnnysainz	Johnny	88
2028761	tapiola	Juan Manuel Tapiola	330
824211	bokardo	Joshua Porter	30549
10042702	joshuakalle	Joshua	68
626433	Josh	Josh Lowensohn	21493
4506431	charlesj	Josh Charles	167
99283	josephscott	Joseph Scott	1644
4413351	joesahfeen	Josephine	3909
5877952	jonshaw	Jonathan	95
7336322	streamy	Streamy	468
2528491	tunes	Jon Atherton	2053
3065931	jonnyjon	Jon Cianciullo	1439
10155222	superjohn	John Pacini	1285
758599	Wordie	John McGrath	2158
1402	johannm	johann	281
6174142	senorjonion	Jrg	123
785465	joseph77b22	Joe Greenstein	125
4067601	latone	Joe Latone 	983
8328152	JoePAnderson	Joe Anderson	1420
5391902	joanikin	Joan Lockwood	5776
2066991	sparkyards	Jonathan Field	196
4247851	jasonmeresman	Jason Meresman	218
2019971	jimiray	Jim Ray	235
10077532	clubsetup	clubsetup	83
56653	jspepper	Jeremy Pepper	15530
2126	jhubert	Jeremy Baker	1382
1252121	Jeremy_Frank	Jeremy Frank	639
14543	circoloco	Jens Doka	227
6408	jenternational	Jennifer Woodard M	3898
8064772	jengazin	jengazin	268
5573242	Live365dotcom	Live365dotcom	116
810513	jayfader	Jennifer Fader	2181
13406	jeneane	jeneane sessum	1476
7903952	mybooo	MyBooo	754
1223731	MB_Digital	MillwardBrownDigital	13489
2513951	jawadshuaib	Jawad Shuaib	460
810660	jasonjjohns	Jason Johns	65
696013	thejasonsadler	Jason Zook	1285
2341761	Snap	Snap.com	624
1498301	junger	Jason Unger	615
820582	jasonbobe	Jason Bobe	1923
1560651	JasonBartholme	Jason Bartholme	753
1182391	rubyonrails	Ruby on Rails	5595
11690	jamesjyu	James Yu	8114
7272412	conk_com	CONK!	40
75253	jamescoops	jamescoops	1439
57583	jacobwyke	Jacob Wyke	459
60413	jamesarcher	James Archer	3099
9091712	JackiePeters	Jackie Peters	3056
7599982	jackvinson	Jack Vinson	2851
7893062	ixmnu	ixmnu	21
613223	ivan007	Ivan Pope	1598
10534622	Outfox_Lars	Lars Johansson	4888
13352	irinaslutsky	irina slutsky	7787
9804222	xobni	Xobni and Smartr	8413
9321202	monikamundell	Monika Mundell	1704
9830462	evanreiser	Evan Reiser	288
9101152	GoFanbase	GoFanbase	878
5500	iseff	Ian Sefferman	2734
8957592	LATACO	L.A. TACO	11485
30733	iandelaney	Ian Delaney	1215
6081862	iamhoff	Brad E	157
977541	hylton	Hylton Jolliffe	681
5824142	hungtruong	Hung Truong	1028
66943	Huw	Huw Leslie	408
7517052	howardlindzon	howardlindzon	247741
5810682	hongliuli	hongliu	20
6048	hon	Honor Gunday	1205
3382	hnshah	Hiten Shah	182962
9486952	tdscripts	tdscripts	23
1383571	hno	Henk Nouwens	1926
46413	twitter_status	Status Updates	9249
9757182	HeddiCundle	Heddi Cundle	5311
9767522	haythem	Haythem Haddad	313
8790062	hardik05	hardik05	627
799370	happykatie	Katie Laird	4249
7218652	gundeephora	Gundeep Hora	283
51063	rizzn	Mark 'Rizzn' Hopkins	5107
782134	grobertson	Grant Robertson	2531
804174	GrantM	Grant Miller	583
2510331	killerstartups	KillerStartups.com	13155
9522472	superbytes	superbytes	28
4078411	godsent247	BogDan Wrzesinski	5109
2193981	Gianko	Gian F. Olivieri	6789
617973	propokerspace	Strip Poker Guy	111
7238622	geoffreymccaleb	Geoffrey McCaleb	1467
2175411	neurofuzzy	Geoff Gaudreault	1415
4094991	v7Plan	v7 Plan	3825
7416172	gsharma	Gaurav Sharma	1026
893631	lerhaupt	Gary Lerhaupt	176
10381632	illmethinks	Gary Dobkin	227
6856742	ganesha303	Gabriel	46
40633	film42	Garrett	669
8740172	fumikoito	Mrs. 	318
8387312	mattbrady	Matt Brady ()	1330
1000591	fredwilson	Fred Wilson	393534
3619421	avc	avc	8902
12160	znarf	Franois Hodierne	676
1162921	FranckPoisson	Franck Poisson	946
5714452	whisher	Mike Puchol	81
3891991	fabiandesimone	Fabian De Simone	1097
1165701	eyalmagen	Eyal Magen	266
11041	emilychang	Emily Chang	22573
10467102	mobileindustry	MobileIndustryReview	46025
758862	emarigliano	Eunice Marigliano	339
5412692	ethanbauley	Ethan Bauley	1023
10534	GoodBrain	Erik S	153
8699172	ewu	Eric Wu	1234
6179362	ericwillis	Eric Willis	73
7758742	enorlin	enorlin	55
3785451	asonex	Eric Rdz	31
4916821	egoldstein	Eric Goldstein	1516
7982802	eldon	Eric Rosser Eldon	20247
8854032	enygma	Chris Cornutt	5536
9935022	emmaryan	emmaryan	53
8072072	hakia	hakia	360
2696221	elliottback	Elliott Back	176
3296271	eturner303	Elliot Turner	1550
821161	SometimesSilent	e	12
7581142	Ed_Sullivan	Ed Sullivan	3167
4215051	hueypriest	erik martin	6537
818440	easton	Easton Ellsworth	1090
7482232	turncolor	turncolor	22
973681	ericberlin	Eric Berlin	7399
2895791	bestdamntech	bestdamntech	258
1300081	pluggd	pluggd	77
4230561	MemeRunner	Doug Schumacher	1963
5455482	dougjoe	doug hirsch	678
7627942	nextwebstar	nextwebstar	19
5430882	dominatus	Anthony Romano	94
5383492	kuchin	Dima Kuchin	126
1658461	Cintron	Mr. Cintron	60
6385432	dickc	dick costolo	1506687
6484432	destraynor	Des Traynor	13809
13161	derekpunsalan	Derek	1687
1578861	deralaand	Derek Anderson	207
23783	akinastar01	Dennis	120
10422182	GameOverDavid	David Dillow	123
6818682	TheDudeDean	The Dude Dean	8278
4797661	davidlenehan	Lenny	1326
744463	daveman692	David Recordon	14088
8910652	SixtySticks	David Gibbs	557
21583	davidhemphill	David Hemphill	706
9614572	daviddudas	David Dudas	178
5644572	videoplayers	David Cronshaw	770
7490112	WRTJ	WRTJ	49
1474721	DTB	David Berube	1445
870561	Davezilla	Dave Linabury	6517
13297	BostonDave	David Laubner	5582
1081	davemcclure	Dave McClure	279316
825071	The_Rooster	Dave Gray	759
1532601	dherman76	Darren Herman	7644
661253	matthew_mccray	Matt McCray	609
6893142	darika	Darika Ahrens	2107
4828401	BloatedBunny	Daniel Testa	25
7916852	djg	Dan Grossman	987
10312	danyork	Dan York	6595
778785	danputt	Dan Putt	745
8566812	dankaplan	Dan Kaplan	2553
7568922	WebDrivenGuy	D.J. Smith	362
6267962	dangillmor	Dan Gillmor	34530
7537282	devdad	devdad	16
5500802	kcyrus	cyrus	26
10449682	DanielHonigman	Daniel Honigman	9094
10002522	egonitron	Chris Burdick	229
6678512	webcrunch	Webcrunch	63
10288482	cwmendes	Cristiano Mendes	119
11185	craigchilds	Craig Childs	956
797770	CoryOBrien	Cory O'Brien	3879
6001952	obaid	Obaid Ahmed	1317
718053	CoryDuncan	Cory Duncan	229
1967531	crbrowning	Colin Browning	3882
1154841	ClayCook	Clay Cook	1987
9374102	ccjr	Cloves Carneiro Jr	438
2136041	chrisstanchak	Chris Stanchak	1094
992941	christophersisk	Christopher Sisk	278
608473	chrisabraham	Chris Abraham	50268
4044	christopherw	Chris Woods	757
273383	chrija	Christoph Janz	10442
8084512	gloddy	Christian Gloddy	1573
5776772	GrandpaMojo	Chris Hansen	79
1761851	cpwood	Chris Wood	162
9317902	chrisatcoffice	Chris Ward	2721
754773	citizenspace	Citizen Space	5021
9531972	apml	APML	420
13281	claw	Chris	529
8729152	chris_c_lucas	Chris Lucas	2885
3485371	ckj	Chris Jennings	1984
472153	chestertodd	chestertodd	66
4401511	chris123	Chris Porter	35
763893	chudson	Charles Hudson	13727
8391512	zakkforchilli	Zakk Forchilli	403
3462491	okito	Charles Jolley	1265
2476601	TexasChance	Chance McClain	2579
768632	ceonyc	Charlie O'Donnell	31684
7227012	chandan619	Chandan Kumar	355
759186	ccarfi	christopher carfi	7378
1020161	candrews	Catherine Andrews	2572
722693	justcarlosm	Carlos Mendoza	290
5493892	barcelonaphotos	Carlos Lorenzo	2279
7698102	serrita22	Carlos Serra	356
6318502	CalumBrannan	Calum Brannan 	4758
804726	campbell	Campbell Anderson	661
4795561	CalEvans	Cal Evans	11046
8117042	zbestmemez	Hi Guys! 	6996
9442882	nowsourcing	Brian Wallace	12125
3586271	brianchoffman	Brian Hoffman	756
8922402	webplus	webplus	38
5178401	dag1	Dag	248
2145	brianjlandau	Brian Landau	658
6116572	infinimedia	infinimedia	1455
3032	Brett	Brett	22871
6610982	treemo	Treemo Labs	245
8030852	askpattybreanne	askpattybreanne	38
5558642	bradwebb	Brad Webb	269
650013	bradfitz	Brad Fitzpatrick	15936
5291132	detangled	Michael	581
2520291	blkdykegoddess	Supa Suga Snatch	1823
17463	Boris	Boris VvZ	32594
1021291	BarbK	Barbara Krasnoff	296
2666	BJ	BJ Cook	7263
8545762	amillionandnine	Blake Burnworth	46
6589612	recommendmusic	Bernie Valentine	38
5567802	Bill_H	Bill H	1522
236983	BillyWarhol	BillyWarhol	2614
693253	bnolan	Ben Nolan	1005
4541891	bernardmoon	Bernard Moon	16861
721993	sparkwatson	Ben Parzybok	658
8881922	BadlyWorded	Badly Worded	40
977	beaulebens	Beau	5565
6191642	beatricetarka	Beatrice Tarka	1644
8123932	bdwill	Brandon Willmott	1018
9995302	docpro	docpro	18
10078882	massively	massively	32865
955121	AzzamS	Azzam Sheikh	1316
8462472	itayba	Itay Banner	638
961301	azizhaddad	Aziz Haddad	9111
3567561	Avahosting	Ava	2049
3734831	ashkan	AshkanKarbasfrooshan	2347
3198991	nextbigwhat	NextBigWhat	87917
6503672	moohai	arthur kannas	948
9486542	PRFrenchy	Audrey Jacobson	1248
2043041	agranado	Antonio Granado	12667
1101	ari_mir	Ari Mir	1158
1205571	chatfielda	Anthony Chatfield	418
5433302	antonza90	an	33
9022142	anna_gamel	AnnaGamel	344
7518252	smallbiztrends	Anita Campbell	128551
7132642	introplay	introPLAY	157
7275172	aner	Aner Ravon	198
9160832	mediafill	Andy	4551
785032	typepad	Typepad	19048
1912641	AndyBeal	Andy Beal	30597
9236262	andyangelos	andyangelos	1081
10214312	sernovitz	Andy Sernovitz	20366
811530	triptych	Andrew Wooldridge	3522
1020961	AndrewWarner	 Andrew Warner	38970
1424001	andrewbaron	Andrew Baron	7544
5795852	anand_sriniv	Anand	820
1983331	pinkblob	The Pink Blob	1796
1537851	prop_trader2014	Ananth	75
7139762	adricm	adric	29
7558082	alleyweather	alleyweather	15
6568422	adamludwin	Adam Ludwin	5439
1252191	AmandaVega	Amanda Vega	27143
7144062	allangrant	Allan Grant	1120
7116952	AllyCat915	Alison Raymond	1199
782296	forever	FOREVER	776
3227	alli_LLNW	alli_LLNW	1022
4239551	amuse	Alexander Muse	53718
10303	alexrudloff	Alex Rudloff	6706
5899212	alexkroman	Alex Kroman	2803
684983	mediatemple	(mt) Media Temple	47630
5150211	iosart	Alex Sirota	867
1002351	AlbertoNardelli	Alberto Nardelli	29863
5168531	afgascoigne	Adriana Gascoigne	4744
3011091	gravity7	Adrian Chan	5248
5973252	rfj4mq	Luna	38
1189511	joeblow	joeblow	264
1376631	AdamB	Adam Berger	570
8182552	pownz0r	pownz0r	28
8255682	adambn	Adam Benayoun	3175
725653	forkfull	forkfull.com	49
5010731	theMetz	Adam Metz	4019
5917732	AbbyBlachly	Abby Blachly	1298
6466022	aglick35	Adam Glickman	5611
1577921	dragushan	Aaron Dragushan	3006
