51910243	frgomes	Richard Gomes	65
44983389	jie_yu	Jie Yu	308
313655805	camildemetrescu	Camil Demetrescu	47
87980694	amargoor	Amogh Margoor	30
25782624	bjin2013	Bin Jin	459
15955171	csgordon	Colin Gordon	249
40744164	imasahiro	imasahiro	272
221305175	yingpotter		838
6872662	jasonmc	Jason McCandless	383
333257521	rushikeshkjoshi	Rushikesh Joshi	68
335383659	Ninou788	NINOU DIABLO 	6
336856605	keivankeivan	keivan	2
703973	jrk	jrk	864
884741	ehud	Ehud Lamm	446
232436074	refold	Mikhail Glushenkov	368
14133748	n_tomizawa	Nobuyuki Tomizawa	4
40027744	igorhvr	Igor HVR	51
8388212	yahave	yahave	105
37905689	mehulc87	Mehul Chadha	152
114975292	awmemon	Abdul Wahid	28
139427192	sal_lopez008	Sal Lopez	201
67915969	jvandenbos	Jeroen van den Bos	255
110274781	coffeekicker	Chung Hwan Kim	52
96179351	KennKnowles	Kenneth Knowles	297
123603778	gimpyds	desmond smith	78
20976635	magenbluten	mb	48
391241053	pingyuzhang	Pingyu Zhang	10
388780959	tsi0u_	yiannis	85
114425923	theMostafaAbedi	Mostafa Abedi	83
48721242	camillobruni	Camillo Bruni	155
135650091	ur5us	Juri Hahn	332
14234848	acfoltzer	Adam Foltzer	819
403338178	ManaratePublish	Manarate R&D	188
23546154	amp269	Adam Procter	57
16020552	kmels	Carlos L	562
29492103	taoxiease	Tao Xie	1039
410951042	amathews99	Anthony Mathews	4
242226783	classicboyir	Hossein Sarshar	167
15842591	h4nnes	hannes	653
431813842	NowResearch	ResearchNow	10
35165909	msanvido	Marco Sanvido	88
341618375	rgiacobazzi	Roberto Giacobazzi	256
412428063	dcdelia	Daniele Cono D'Elia	44
20656444	neurocy	Cyrus Omar	674
424502831	MohsenVakilian	Mohsen Vakilian	115
71152028	bipartite	Xi Wang	592
281406630	HaMinhVuong	Ha Minh Vuong	38
436612975	EvaluateWell	Evaluate	27
162173507	cwestin63	Chris Westin	668
29315623	jfbastien	JF Bastien	229
47745115	gadi_tellez	Gadi Tellez	19
14891544	ajmcpherson	Andrew J. McPherson	86
34270684	puffnfresh	Brian McKenna	5581
494808209	martinkanglh	whisperofheart	5
332252156	nbspnbsp	MAILER DAEMON	207
15936201	mad_	mad_	12
378258611	biagiocosenza	Biagio Cosenza	132
122082954	agarwal1975	Ashish Agarwal	78
214918968	sumi_1554		267
44327341	inkytonik	Tony Sloane	467
550762367	alexanderbakst	Ha Ha Halexander	72
86983250	hillsma	Mark Hills	149
53317509	svr_4	sunil vignesh	59
15232432	deanwampler	Dean Wampler	6946
13440842	snim2	Sarah Mount	1497
589388874	anders_moeller	Anders Mller	9
24625970	almsantos	Andre Santos	586
16658222	HanWang	HanWang	83
72076104	MonadicMan	Alwyn E. Goodloe	93
562193198	EdgarPek	Edgar Pek	22
759582793	xjia1992	Xiao Jia	117
751297939	Will_Klieber	Will Klieber	6
13148272	kiniry	kiniry	491
14933951	biboudis	Aggelos Biboudis	861
492354276	WLOO99	WLoom	3
25428214	sj_mackenzie	Stewart Mackezie	314
854948461	ocamlorg	ocamlorg	11
136256118	swarnendubiswas	Swarnendu Biswas	137
24960744	christophkirsch	Christoph Kirsch	56
16055348	cael_gomes	Cael	169
68218596	aehrisch	Eric	38
14626724	xich	Andrew Farmer	169
10770012	xiaoma	Xiao Ma	1190
303803281	Aoy_sEAH	~Sehun Exo	46
14793519	kyessenov	Kuat Yessenov	85
8353222	sajith	Sajith T S	350
6535662	yaotti	Hiroshige UMINO 	3658
14138100	mtake	Mikio Takeuchi	78
192312582	odysci	Odysci	1185
11033	lindsey	Lindsey Kuper	2635
21700782	natenystrom	Nate Nystrom	130
309201655	theinedibleholk	Eric Holk	308
62531726	grrussel	George Russell	78
19649303	bjoernknafla	Bjoern Knafla	1907
95239604	nossralf	Fredrik Larsson	7
23827407	sameerkulkarni	Sameer Kulkarni	145
40260431	Afty698	Eddie Aftandilian	91
312106862	samanprabhath	Saman Amarasinghe	25
30729612	EelcoVisser	Eelco Visser	1243
83017144	santoshgnag	Santosh Nagarakatte	84
14861283	MostafaFarghaly	Mostafa Farghaly	740
91228760	lxfind	Xun Li	72
58605190	jeremysiek	Jeremy Siek	929
271516623	jeanqasaur	Jean Yang	3269
275529122	mgrnbrg	Michael Greenberg	115
14466330	msimoni	Manuel Simoni	1552
171000949	eyvindwa	Eyvind W. Axelsen	102
137513216	brrian	Brian Burg	522
16109188	andreasgal	andreasgal	3443
50646933	shenxiaoli	Dongcai Shen	43
9303692	vivekv80	Vivek Venugopalan	238
3778501	p4bl0	p4bl0	373
12712742	zii	Zach Carter	1157
255860782	krismicinski	Kristopher Micinski	265
58376030	konohakun	  Kimio	49
58581127	wdtz	Will Dietz	204
14634255	disnet	Tim Disney	455
155782959	wmdietl	Werner M. Dietl	130
15446838	bevcorwin	bevcorwin	621
47906117	drarobbe	Andreas Haas	25
5745592	tobo	. awachiya / @tobo	352
20994258	rakingleaves	Manu Sridharan	444
15021041	eeide	Eric Eide	373
46912985	t11a		122
18544334	harrisw	Bill Harris	200
170033400	pmrondon	Pat Rondon	107
57384010	MichalPise	Michal Pe	182
4086501	dklee	dklee	198
15618638	fiddlemath	Matt Elder	168
9508592	asankhaya	Asankhaya Sharma	302
189309131	loveseaxdu	yan wang	7
55062118	narmion	narmion	102
9661062	Itkovian	Itkovian	309
92314273	c3designer	Alexandre Cossette	40
14923132	zanderso	zanderso	18
24387314	neharungta	Neha Rungta	79
148773349	nexus26	Honggyu Kim	65
14292044	bsorav	bsorav	38
46492839	bbasten	Bas Basten	95
14279067	jsvetter	jsvetter	11
62663051	mattzouf	Matt Zoufaly	115
17696643	_saurabh	_saurabh	32
92204990	uncyclopedian	Jsn	8
68505441	mkelviny	Kelvin Tian	21
6607932	elsaturnino	Saturnino Garcia	83
196519442	vaneachiprianov	Vanea CHIPRIANOV	20
115972886	QingpingWang	paralleld	7
15204073	ykmf	YKMF	9
14331070	maniftendst		325
14329510	samps	Adrian Sampson	303
216222336	gp208	Guillaume Pothier	31
13626282	wtakuo	Takuo WATANABE	1057
45132428	njh1983	Jeongho Nah	77
46585371	m0d8ye	Max	2040
19068097	emeryberger	Emery Berger	902
20803712	real_schwers	Ryan Schwers	60
14964371	wpugh	Bill Pugh	1053
37127974	codedivine	rahul garg	686
8688852	jstanier	James Stanier	626
83414499	smartsan	Thakur Santosh	215
232082397	lajiyishi	unknownguy	1
15806666	navarroj	Juan	277
244571744	benzorn	 Ben Zorn	95
244500884	diegogUBA	Diego Garbervetsky	112
24955373	freeflygeek	Shan Shan Huang	115
223923566	lambda_calculus	David Van Horn	2834
760048	mrry	Derek Murray	541
90910371	gconstantinides	G A Constantinides	363
241674843	guidodecaso	Guido de Caso	305
9926322	kimocrossman	Kimo Crossman	480
1689841	benkarel	Ben Karel	59
166469777	tvcutsem	Tom Van Cutsem	372
17570409	kayuri	Yuriy Kashnikov	257
259363673	SatGarcia	Sat Garcia	43
217575949	arguri	arguri	14
15155675	smarr	Stefan Marr	343
116658015	kwangkeun	 Kwangkeun Yi	263
20769499	GowthamK	Gowtham	187
54454572	soonhokong	Soonho	101
45026220	adrgt	Adrien Guatto	40
87187342	artigiano_rpf	rpf	113
680413	duncancragg	Duncan Cragg	453
73469605	johnregehr	John Regehr	1572
13251382	mattmight	Matt Might	7509
178018894	Blaisorblade	Paolo G. Giarrusso	309
14307465	avsm	Anil Madhavapeddy	2083
5901382	masahiro_sakai	Masahiro Sakai	978
5006701	xhl_kogitsune		844
5702302	dmikurube	Dai MIKURUBE	656
15860538	jtnystrom	Johan Nystrom	198
182960662	robinsalkeld	Robin Salkeld	22
111740857	aaron_turon	Aaron Turon	717
43894811	dimvar	Dimitris Vardoulakis	269
50038025	harrygxu	Harry Xu	22
15998003	mksong	mksong	3
5761602	kiszk	K. Ishizaki	410
104245499	littlecalculist	David Herman	10535
