67956785	digitalpoint	Digital Point	12797
2677161354	aschaeffer20	Austin Schaeffer	596
480547975	Penman1964	Ibrahim Dan-Halilu	15
549165433	1curadebt	CuraDebt Debt Relief	1347
340420575	AFRO_THUNDER80	Kenny Bell	88086
309314422	JordanWesty1	Jordan Westerkamp	34053
207357196	Ameerguapo	Ameer Abdullah	90873
321812411	Tommy_Gun4	Tommy Armstrong Jr.	48943
37454174	yudhistraverma	Yudhistra Verma	48
5664562	zacjohnson	Zac Johnson	50173
2708476175	nicole_franzel	Nicole Franzel	100456
437154911	ranceypants	Zach Rance	193913
1322691	neilpatel	Neil Patel	144605
27764165	Kassting	Robyn Kass	31089
5998422	bartlorang	Bart Lorang	5062
52791522	CBSBigBrother	Big Brother on CBS!	480305
127328268	suemmorris	Sue Morris	983
336370913	hcarlson3	Hannah Carlson	281
26667184	kennyflorian	Kenny Florian	235760
22234483	CrooklynMMA	Stephie	21978
15462161	JoeLauzon	Joe Lauzon	159143
41447957	MiddleEasy	MiddleEasy	17893
21256737	superCalo	superCalo	3398
67761686	RyannVonDoom	Ryann Von Doom	447
16969805	HoustonFacts	lidrobo	71
140329686	Millionairecom	Millionaire Network	1491
1580713093	IRLinfo	IRL	390
916891572	Polatoued	Ahmed Ouederni	353
19920027	keithcalder	Keith Calder	9083
176507184	DOTA2	DOTA 2	364697
57588694	pejacobsen	Peter P. Jacobsen	37
38076232	getmoreclarity	Clarity	11422
10638782	danmartell	Dan Martell	50279
33920481	thesearchagency	The Search Agency	5201
18818543	AdRoll	AdRoll	19758
204382805	visioneer08	Gary Taylor	12
58588307	ShopOrgSummit	Shop.org Summit	3996
1175912258	SEOSlides	seoslides	5158
227862729	mami232	jakabeautiful	11
14275085	Dr_Ngo	charles ngo	6030
399689149	LogicECig	Logic E-Cigarettes	3462
310052921	RobFarano1	Rob Farano	181
826736474	XillGat	Xill Gat	7
177152481	Work_With_Rich	Rich Miller	4601
113659787	JonVida	Jonathan	14
51350782	SpankingLife	Michael Walker	10
286189420	ham42222	Abduljohnyy	880
44500064	MICAELCRUZ	MICAEL	218
87200363	mppfor	Manuel Pastor	7
40826669	striveprosper	Belinda Smith	202
109115323	NetDomainsCH	mark mueller-houvet	6
20920266	OysteinFLP	Oystein Hansen	228
54749999	kolbybyd	Kolby Deshawn Boyd	9
42082581	mariapease	Maria Pease - Author	263
115704184	nesteginfo	Nesteg Investments 	120
162757843	DhunNurayn	Abdulkabeer Ishola 	853
267010102	27BIGRIG	Jono Duncan	7
275938865	sakarisainio	Sakari Sainio	479
756521202	gergan4eto91	gery hristova	7
459269721	_BadrAldin	Badraldin Alsayed	106
821007518	eenworld	Mike Moore	27
134665089	martinitimes	John Martini	20
43833485	jikemo1020	Jimmy Moses	310
15786094	thegotter1013	Salaguilar	174
603613595	the_shubham_	shubham kumar	81
755402521	Anupama07054930	Anupama Eyyunni	147
178366329	stephenchai88	Stephenchai	9
20437793	otiscollier3	Otis Collier	133
326864274	debtwebsolution	FRANCIS C ELENDU	22
15221821	terencecipriani	Terence Cipriani	1275
880616815	IvanAvramov3	Ivan Avramov	46
22865824	TheWriterBabe	Alisa Welch	314
490676805	DVTENTERPRISES	DVT Enterprises LLC	22
1358869244	ShetkarAshish	Ashish	15
755400637	ParProgram	ParProgram	114
17354252	gainesm2	marcuscavell	80
127852162	mimmoilmastro	Mimmo Mastronardi	34
154344231	omegalamuerte	Jorge Tenorio	122
1005823914	alex_desoza4	alexdesoza	95
1109659088	M2o2on	 	236
16109119	glyakk	glyakk	56
325049789	Danirae1973	Danirae	15
731666976	DrMoniqueBelton	DrMoniqueBelton	68
801467995	GA_Orthodontist	Georgia Orthodontist	80
124534430	aryaboyz	aryaboy	13
973523401	sarkarnk	N K Sarkar	9
816457537	BSDOI	Best Shopping Deals 	42
926091	kashaziz	Kashif Aziz	3367
591398469	cocca_ccola	coccaccola	7
123849568	omotestephen	omote stephen	47
307134943	otfcb	carlos	9
344495641	RoyJ_Somers	Roy Somers	8
15141424	vmvaughn	vmvaughn	20
531263519	mrskhabba	Christine Fikkan	220
34037172	SilentSal	Sally Lazarus	99
35299911	PSYQLOPZ	PSYQLOPZ	1128
893193216	Emma13212	Emma	15
1031617820	supersharles	Osumo Charles	17
619614661	arikGOFMAN	arik GOFMAN	6
834023736	RyuuOnosuke	Roman Orlowski	16
232950705	timmymal	Timmy Mallard	69
355198319	RoseAaserude	Rose Aaserude	375
213662781	writerpeggy	Margarett Meyers	19
411431283	mistressalexia1	mistress alexia	247
321884804	Shtebetovska	Shtebetovska	25
81249076	Fairlite	Cyndi Hunter	2352
41217839	KingCobra7272	Keith Durham	18
286401725	brettmatthews10	Brett Matthews	127
757212224	Antic_Mario	Mario Anti	25
1198548883	IsmailHattane	Ismail.Hattane	56
201009997	tjtigers18	Tyler Bullock	487
106525065	ahmedzain66	ahmed zain	448
598941312	PRIMEKRTR	MICHAEL FUENTES	300
735282877	Best20List	Bestof20	11
27254921	dwmma	Dragon Within	545
926902542	WebsDigi	WebsDigi	18
16990943	Brent_Riggs	Brent Riggs	1082
408157322	RichardIgwegbu	Richard Igwegbu	139
44947183	sylvielaflamme	Sylvie Laflamme	1283
391849764	MikeRodriguezB	 Miguel Rodriguez B	66
131010131	YamilMorales	Yamil Morales	255
128071885	rockyala	bashir alam	7
15885321	timmarose	timmarose	149
169290996	AlexTellesJr	Alexander Telles Jr	46
140952762	johnnyakey	John Sharpe	8
78731747	Ecotone64	Herve Vincent	29
378744963	KimingiKaranja	Kimingi Karanja	11
134003500	JackBall	Jack Ball	2075
129165994	ankur_07garg	Ankur Garg	44
554286955	KumarRajat112	Rajat Kumar Verma	19
1155065617	agadironline1	agadironline	18
178879071	MatchParfait	MatchParfait	13
814166791	da1nonlyktrillz	hi	72
905768461	JaninesMiniBlog	Janine's-Mini-Blog	8
476888115	wvrockstar	Shawn	8
490996615	enisellison	Enis Ellison	18
14273460	GauravGurbaxani	Gaurav Gurbaxani	1174
624480499	dailyupdatez	Daily Updatez	16
48180561	Tea_CoCo	Tea Co	101
164681184	DivorceYourBoss	Robert G.	24
52120782	jacben109	Jacob Ben-Atar	37
385468277	FERNANDESMACVIN	MACVIN FERNANDES	6
848708696	AndreP62644936	Andre P	4
97175643	rokmehle	rok mehle	19
246765825	Bbrown228	Brian J Brown	1815
364935889	PattanB	PATTAN BABU	9
414786335	OKEREUGOCHUKWUE	OKERE UGOCHUKWU EMMA	7
77735315	iamankitagrawal	Ankit Agrawal	189
303905526	SeanStorey147	Sean Storey	318
31576346	broncobila	broncobila	17
470909465	basherhadi	basher	13
618945468	Abeer_Sabaa	Abeer Saba	193
274864039	dallasallan	Dallas Allan	36
92601375	AprilLaJune	April LaJune	201
389607813	_JHoff	Jennifer Hoffman	665
339675705	allthenet4u	Jean	4
21473363	sengheetan	SengHee Tan	403
987478826	iownthislife	Brandon Pompliano	10
930561241	2012ElectionVic	2012ElectionVictory	9
948703339	giulio244	tinn webb	3
407954650	elmerocampion	elmero campion	19
131056453	BargainBite	BargainBite	76
255401466	WorkAbroadPhils	Alexandra Tuazon	60
814706576	lathapolagangul	polagangulalatha	4
12506632	adryenn	Adryenn Ashley	108924
189730532	joshuajojojo	joshua sanmu	12
342998376	Dominic_Monroe	Dominic 'Money'	166
315202564	speeltegoed	speeltegoed	5
570878285	JohannaTodal	Johanna	77
98097329	bhanupratapt	bhanupratapreddy	85
361711240	StarVocalCoach	Randall	1403
169006645	suzannamaigan	Sue Crabb	3
321456174	zheadrick	ZH	12
104776346	SexGirlToys	Tera Leigh	1604
36517223	ewwebster	EW Webster	7
222927154	M30DCSS	Shana Walters	166
609811010	MichaelMiller71	MichaelMiller753	4
172191088	mlundstrom	M. Wade Lundstrom	371
261479613	kimberleytobin	Kim Tobin	1519
219692919	jdeprato	Jeremy DePrato	232
612143216	Dakota98906407	Dakota	3
404384378	JBattershield	justin battershield	29
792748483	whytaxes	George N Matthews	26
115087182	FujimoNow	Les Adams	13
380218474	autoresponderad	Eric Scott	4
55441871	MDBroker	Kevin Goodnight	483
10504002	GaryCTS	Gary Hohler	700
61938113	jeremy_radovcic	Jeremy Radovcic	183
901147351	thirdai	JD Castle	14
143875233	robstasek	Rob Stasek	92
17673037	POMUH	POMUH	757
485400507	nodietpill	No Diet Pill	243
68118446	VichetSen	Vichet Sen	36
878510072	jimbender04	Jim Bender	54
461513344	DHiestand	Dean Hiestand	8
30521949	ayanev	Atanas Yanev	479
25155970	CreateSpace	CreateSpace	20386
361216226	ERSandeep_Pal	ER.Sandeep Pal 	14
395515360	LoveURGeek	Brian Waters	1119
477764526	lucrativelaunch	Lavada Thompson	23
577385920	sjwensley	S. Wensley	72
14654331	stevereck	Steve Reck	71
126603568	bau9	BAU!	20
113116466	ErnieSchiavone	Ernie Schiavone	1239
612851172	NingsangJamir	Ningsang Jamir	3675
6774432	Alpesh__Patel	Alpesh Patel	253
299285543	jenniferlbeatty	Jennifer Beatty	315
936698486	arslanasifgill	Arslan Asif Gill	205
420096247	CazheY	Charmain Young	22
830730194	desileones	Srilekha	2781
872845405	BLKLOVER	Rodney Kimbrough	5
263826619	danatisdel	Dana Tisdel	3557
131784403	skeezyhfj	tendai	11
404682227	kinso4us	kingsley	9
273226090	bdwane1	Brian Dwane	16
819564313	braunecker_o	Otmar Braunecker	82
581073661	AngelchoDimitro	Angelcho Dimitrovski	42
204301699	iamlukasz	ukasz Wawrzak	26
596780510	MyWebSA	MyWebSA	19
580082400	div_sol	Diversified Solution	21
16132044	glf80	glf80	501
219436298	dumbass999	Dumbass	42
594776037	JacobRRiddle	Jacob Riddle	10
540787802	BobGanski	Bob Ganski	40
45327342	vipsalonandspa	VIPSALONANDSPA	122
991900610	muhammaluddin	MUHAMMALUDDIN	82
16180913	kaycee51	kaycee51	1237
417942611	RKonwinski	Ryan Konwinski	123
947422358	jameskbrooks	James Brooks	121
226392798	JesseAlvaIMBS	Jesse Alva	5
730046382	shani386	zeesha yousaf	8
31741661	queer1	Matthew J. Garcia	532
313377015	TennisHeroes	Tennis Stars	17
17446908	tjtutor	T J Tutor	156
586348238	Richard_Mullin	Richard Mullin	19
306405571	JohnSmith650	John Smith	8
239999445	hotstyleusa	Hotstyleusa.com	4
232175595	malaymalaya	mohd hisham	9
25092624	StripGrowRich	StripandGrowRich	4096
86807005	Merryandone	Marijana Sekulic	793
236726916	djsdrive	Deejays drive	1299
119337867	chiron_n	 	15
538207435	HailVarsity	Hail Varsity	18282
211575866	hoanggiaquang	Hoang Gia Quang	53
471290681	B_E_V_K	Ballem	9
263309707	CopyPress	CopyPress	2016
318199307	cesarlmagana	cesar salomon magaa	6
310220824	AntoniKrolik	Antoni	16
249266060	GappyHour	hg	1362
23269563	DanielleVojta	Danielle Vojta	215
7671632	gerzok	Gerzo Karim	100
851110424	WilliamRensch	MCA Money Team	158
19719206	ppcbz	barman	3554
364778662	IlanaVaiman	Ilana Vaiman	10
43213415	tanson	Tanson Bothe	759
16234114	NoreenaP	Noreena	26
382644178	YAbouzia	Yassine Abouzia	43
312145246	YuryByalik	Yury Byalik	74
339389713	Bishwjit	Bish	26
287861293	AnneMHaynes	Anne Haynes Kelley	925
507326842	DraganMandic1	Dragan Mandic	229
198809911	Hasnene_G	Hasnene G.	470
35716865	vernajacobs	Verna Jacobs	1770
242650870	irwan_artech	Irwan AR	14
296186765	JamesDocwra	James Docwra	9
1335641	richstyles	SB	9011
152421049	mariemuscle	Jo Campbell	16
11097322	aviw	Avi A. Wilensky	3957
469953902	YUUkisanada	yuki sanada	5
30245493	nniego	Noel V. Niego	79
435334657	powkrafts	Errol Barrett	537
57840402	ZBrwn	Dian Zikri	736
12245632	jackshafer	Jack Shafer	48635
190366672	Rodney_Harrison	Rodney Harrison	129217
4119741	jdickerson	John Dickerson	1360298
508679972	LundinEva	Eva Margareta Lundin	14
22174936	Products101	Brian Metzger	1537
336735158	retirezoom	Joan Kearns	189
420481850	Janisotankis	mge ylmaz
	48
377325074	PatidarGOVIND	GOVIND PATIDAR	27
27182210	DrewDAgostino	Drew D'Agostino	929
607118536	allintrainings	Allin-Training	52
366477944	eimrankukla	eimran	8
166593790	Pushp_Gupta	Pushpendra Gupta	35
106721563	ankitjaiswal12	Ankit Jaiswal	245
616617858	LorenaSuporia	Lorena Suporia	160
214283015	celioevivi	celinho	101
317572426	irinakorolewa	 	363
394615788	RakeshTyagi11	Rakesh	35
392537032	malaianna11	Annamalai Nagappan	210
519886295	edenshealth	Leah	228
568549806	ChiraMarioara	Chira Marioara	287
374389073	jvdykes	jules	166
41587494	Furqan_Khuaja	Furqan Khuaja	234
321614266	RobertB1234	Robert B.	4
85025700	denisehterry	Denise Terry	4957
724708070	Kaylie_Craw	Kaylie Craw	8
500463261	TjinBie	Tjin Bie	8
254956802	chosentorule	bhaskar vashistha	169
97520588	cmccall1987	Chris McCall	689
628985941	Vice68797189	Vice	160
5411762	sirjonathan	Jonathan Wold	714
360236747	bakarsuu	Batuhan Akarsu	234
170284213	FableArun	AmazingWorld	521
524453861	PETEROSADEME	PETER OSADEME	21
386268034	georgettej012	Jayne Georgette	1548
455626787	risealtaonline	Rise	12
150667547	mahesh05444	venkata mahesh	36
758394084	ProgDjentleman	David Franco	466
161874300	greatfulismygod	reginald shaw	11
241631634	sltey49	Sandra Gonzalez	494
26645044	BryantWrites	Linda Bryant	253
13117352	donfre	donfre	2150
561432105	happyyouthChari	Happy Youth Charity	9
534533525	ChillyFeeds	Syed Kamran	1906
723079388	BigSaverStore	Big SaverStore	10
529225166	nadsy4	Nadine Douglas	8
701127769	ReiBazar	Reinaldo Conceio	72
21926876	netexecutive	#netexec	93789
289364206	GoFreeSeoReport	Free SEO Report	394
88113058	http_juhhvay	Jovay?	368
592911010	Aristotle1098	aristotle	7
145722047	jeannieo1	Jeannie Otterness	207
30600125	ottograjeda	Otto	207
124735382	seonishashah	Nisha Shah	254
224731550	sinameftah	sina meftah	22
316503138	patjsmith53	pat j smith	1032
188058048	RomanRechin	Roman Rechin	3853
449040108	PhredPhlintsto1	Phred Phlintstone	4
276968434	atif1858	Atif liaqat	184
38109208	archi2349	Javier H. Lujan.	256
36562820	drsamgirgis	Sam Girgis	671
344950770	Dealzz22	Nadine King	972
186168452	40calbunyon	Cal B.	165
311947874	srinivasrayasam	rayasam	4
25467579	Bill_Kulp	Bill Kulp	187
183289014	mathievens	Patrice Mathieu	219
595737087	CatherinaChia	Catherina Chia	1008
172394681	supermanhealth	Michael Manneback	194
732010376	delicieux06	berry	174
3594411	hoodmonkey	Jeff Hood	14412
754910444	Ratanawulan	Layar Bisnis	246
233108724	CharmingheroCHK	Karthick	35
607111934	Chaindweller	Petr Karban	6
137829693	latiphat	Latifat Ojo	224
147606241	aqibahmad98	Aqib Ahmad	286
716600168	ChristoStrydom1	Christo Strydom	72
173028009	ankesh_kumar101	Ankesh Kumar	17
587514360	raya73a9el	islambara	204
167825116	sujith49	sujith sudevan	71
14233546	loriculwell	loriculwell	9165
225162472	shedsk	Mr. S-Kuje	221
46963127	Tirmizi5	Iftikhar Tirmizi	500
179108161	MosesAmone	Moses Amone	402
746623543	BFmillion	Brian Flores	9
313305579	SweilehOmar	Omar Sweileh	175
617784956	spacemonkeys4	It's ya boi Miles	384
607074843	syarifu40455970	syarifudin	30
718522249	dietreviewing	dietreviews	4
64950867	azflcom	azfl com	465
24485752	sekhar203	g.chandra shekhar 	221
550099160	FreshFlyy1	Fresh & Flyy	103
374990515	zeina51	zeina el kheir	9
83792946	syamsordones	Muhamad Syamsul Umam	875
234187695	KunimitsuEiji	Haqqim Shahril Shafe	174
205070419	sferorama	Vladislav Shabarchin	184
634363022	BudgetMovingSD	Budget Moving	591
570416221	SMSegtma3	 	15
592307606	TrepLord	Brandon Jones	35
14218891	lohayes	Lynn O'Rourke Hayes 	3285
359456202	Chloe_etoile	Chloe_etoile	13
456644512	samantarossi	samanta rossi	123
305033040	LiveLoveOslo	LiveLoveOSLO	135
198789114	prajeesh890	prajeesh menon	29
129816277	sashashepherd	Sasha Shepherd	37
252347472	mazenmarjah	mazen bani almarjah	18
518257207	GSenevi	Gayan Sameera Senevi	29
153664777	Apeakhume	Ahmed 	114
12333652	DarinCarter	Darin Carter	32856
38907408	HaylieDuff	Haylie Duff	458665
237886240	NEXERSYS	Nexersys	1395
72188081	PpcMom	PPC Mom	3699
293026451	BryanWiznuk	WIZ	374
71749168	FrontRowBrian	FrontRowBrian	20103
17093617	hootsuite	Hootsuite	6826005
71686350	Deb_Meyer	Debbie Meyer	1114
15134782	klout	Klout	705351
756236	natala	Natala Menezes	2315
5977232	hogsnorts	Alex Miller	76
256853226	Zag0oo	Anna Zagozda	123
308243100	lindseea	Lindsay M	57
82007836	Molly_Sharp	Molly Sharp	333
369104622	mrgoodcentslnk	Mr. Goodcents	144
2474431	theinsanewriter	Joy Smith	1069
116871109	Huskers	Nebraska Huskers	203924
37810885	blucigs	blu ecigs	17796
20076584	jaywilk	Jay Wilkinson	41024
14916696	joehall	Joe Hall	9524
139930250	CeeLoGreen	CeeLo Green	1863224
32453930	TigerWoods	Tiger Woods	4474087
235172655	linkcontrol_com	LinkControl	21
23119425	danhendo	Dan Henderson	355403
849591	graywolf	Michael Gray	29987
14590880	JoannaLord	Joanna Lord	30349
6909932	tonyadam	Tony Adam	13336
6482332	Rhea	Rhea Drysdale	19598
656713	affiliatetip	Shawn Collins	43626
716643	utterer	frank	300
34097876	LaurenConrad	Lauren Conrad	3446052
169686021	kanyewest	KANYE WEST	12544024
19554706	justdemi	Demi Moore	5359487
17559814	adhustler	Ad Hustler	13232
6446742	ufc	UFC	2464643
86729029	kurtpellegrino	kurt pellegrino	34336
21586418	danawhite	Dana White	3166095
8911432	jvnotifypro	Mike Merz	12717
103747111	andyhagans	Andy Hagans	459
14522546	NotTinaFey	Tina Fey 	475284
17500945	carlyhuter	Carly Huter	517
14167331	ChrisHedgecock	Chris Hedgecock	1976
17500511	danhuter	Dhuter	43
7807162	KristaNeher	Krista Neher	33227
14346479	jonathanvolk	Jonathan Volk	30957
641963	MissyWard	Missy Ward	30938
15358852	GirlyDrinks	Rachel Kuptz	3125
14408001	Iggylicious	Iggy	3351
19058681	aplusk	ashton kutcher	16923396
5662632	DaveNaylor	Dave Naylor	27124
1359731	stuntdubl	Todd Malicoat	18647
10861382	GregBoser	GregBoser	18321
16117363	rebeccakelley	Rebecca Kelley	7156
14079408	pearsonified	pearsonified	17758
3714411	chriswinfield	Chris Winfield	16337
14326621	ItsDUHnise	Jenise Henrikson	886
3586081	jonkelly	Jon Kelly	1727
14301724	PatrickGavin	Patrick Gavin	3708
16436648	tigh	Tigh	690
