813286	BarackObama	Barack Obama	59611225
50393960	BillGates	Bill Gates	22222446
19058681	aplusk	ashton kutcher	16907889
807095	nytimes	The New York Times	16871666
49573859	iamwill	will.i.am	13196182
11348282	NASA	NASA	10217978
17461978	SHAQ	SHAQ	9866759
3108351	WSJ	Wall Street Journal	6380296
8161232	richardbranson	Richard Branson	5668904
816653	TechCrunch	TechCrunch	5134519
14677919	NewYorker	The New Yorker	4851736
2467791	washingtonpost	Washington Post	4403652
18055737	johngreen	John Green	4117933
19725644	neiltyson	Neil deGrasse Tyson	3683735
1339835893	HillaryClinton	Hillary Clinton	3563749
21324258	MarthaStewart	Martha Stewart	3064860
16228398	mcuban	Mark Cuban	3020682
12	jack	Jack	2983032
22256645	GreatestQuotes	Great Minds Quotes	2786700
7040932	tonyhsieh	Zappos.com CEO -Tony	2777223
5120691	wef	World Economic Forum	2473348
13	biz	Biz Stone	2452830
18393773	neilhimself	Neil Gaiman	2234370
63485337	notch	Markus Persson	2219625
44196397	elonmusk	Elon Musk	2142030
21982720	ariannahuff	Arianna Huffington	1910203
20	ev	Ev Williams	1807162
10350	Veronica	Veronica Belmont	1746536
18949452	FT	Financial Times	1738907
14761795	TEDchris	Chris Anderson	1703019
19658936	CDCemergency	CDC Emergency	1689241
4641021	RWW	ReadWrite	1624278
17004618	NickKristof	Nicholas Kristof	1607541
15076390	Padmasree	Padmasree	1600981
586	sacca	Chris Sacca	1572743
657863	kevinrose	Kevin Rose	1570882
9534522	Pogue	David Pogue	1561630
15808765	CoryBooker	Cory Booker	1551467
10876852	TheNextWeb	The Next Web	1536450
6385432	dickc	dick costolo	1495747
20713061	newtgingrich	Newt Gingrich	1494750
17899109	gatesfoundation	Gates Foundation	1476169
2182641	stevenbjohnson	Steven Johnson	1396399
50940456	kaifulee	Kai-Fu Lee	1368095
9624742	StateDept	Department of State	1367446
4119741	jdickerson	John Dickerson	1360126
17006157	NYTimeskrugman	Paul Krugman	1355574
18812301	katiecouric	Katie Couric	1292142
571202103	Medium	Medium	1226101
11347122	GavinNewsom	Gavin Newsom	1221819
15661871	donttrythis	Adam Savage	1217663
1636590253	tim_cook	Tim Cook	1197377
16017475	NateSilver538	Nate Silver	1194174
291	goldman	Jason Goldman	1193360
15143478	RichardDawkins	Richard Dawkins	1177201
93957809	ericschmidt	Eric Schmidt	1101334
14647570	sciam	Scientific American	1054757
5763262	karaswisher	Kara Swisher	1034659
1364930179	WarrenBuffett	Warren Buffett	1020823
35773039	TheAtlantic	The Atlantic	999946
17503180	marissamayer	marissamayer	997961
16186995	kickstarter	Kickstarter	997834
7259302	JoeTrippi	Joe Trippi	970635
621573	bbcscitech	BBC SciTech	956994
717313	arstechnica	Ars Technica	944435
58560480	MichaelDell	Michael Dell	864283
54730258	MargaretAtwood	Margaret E. Atwood	786132
24752484	OpenGov	Open Government	770270
6844292	TwitterEng	Twitter Engineering	764328
18622869	ezraklein	Ezra Klein	764303
6708952	SteveCase	Steve Case	739248
161801527	melindagates	Melinda Gates	729140
16581604	MikeBloomberg	Mike Bloomberg	722325
5746452	waltmossberg	Walt Mossberg	718429
43383705	springsteen	Bruce Springsteen	693990
14173084	current	Current TV	683110
17194296	onambiguity	Ming / Ng	675054
376502929	Snapchat	Snapchat	667576
14749070	Chad_Hurley	Chad Hurley	651437
1653442136	_youhadonejob	You had one job	625271
17462723	creativecommons	Creative Commons	592318
13334762	github	GitHub	581509
61592079	hankgreen	Hank Green	578851
16817883	scifri	Science Friday	578218
451586190	rupertmurdoch	Rupert Murdoch 	577579
3829151	leolaporte	Leo Laporte	568334
9207632	brainpicker	Maria Popova	563375
36823	anildash	Anil Dash	555871
6297852	warrenellis	Warren Ellis	533667
20551702	jnovogratz	Jacqueline Novogratz	520844
749963	pierre	Pierre Omidyar	520793
19966557	alaindebotton	Alain de Botton	510338
33998183	whitehouseostp	The White House OSTP	495739
24773177	carr2n	david carr	466558
858051	dannysullivan	Danny Sullivan	464384
13348	Scobleizer	Robert Scoble	454409
42226885	vkhosla	Vinod Khosla	447038
3080761	mattcutts	Matt Cutts	442871
21481343	Lara	Lara Setrakian	437935
14886375	StockTwits	StockTwits	437185
20571756	satyanadella	Satya Nadella	431496
378223565	sparker	Sean Parker	420643
124690469	yanisvaroufakis	Yanis Varoufakis	419570
436143123	timehop	Timehop	417432
16689804	khanacademy	Khan Academy	411043
15414807	johnmaeda	John Maeda	409885
10297	kanter	Beth Kanter	404929
15808647	techreview	MIT Tech Review	395828
1000591	fredwilson	Fred Wilson	391801
15813140	googlecloud	GoogleCloudPlatform	384015
14606079	ProPublica	ProPublica	379707
2729061	doctorow	Cory Doctorow	377102
82282572	AlecJRoss	Alec Ross	368596
930061	ginatrapani	Gina Trapani	358713
33423	gruber	John Gruber	354825
244655353	davidaxelrod	David Axelrod	351044
6141832	cshirky	Clay Shirky	349373
59157393	tomfriedman	Thomas L. Friedman	348012
19224439	Nouriel	Nouriel Roubini	343399
15308469	McKQuarterly	McKinsey Quarterly	342674
11388132	lessig	Lessig	342218
20749410	finkd	Mark Zuckerberg	336685
5252591	bgurley	Bill Gurley	327606
14378113	DanielPink	Daniel Pink	327148
5943622	pmarca	Marc Andreessen	323371
9720292	hashtags	hashtags	319833
101099964	AdamBraun	Adam Braun	314125
15905103	planetmoney	NPR's Planet Money	299654
1717291	pkedrosky	Paul Kedrosky	297771
1401881	dougw	doug williams	293057
33039483	JaredCohen	Jared Cohen	290160
18708466	danharmon	Dan Harmon	286061
795649	rsarver	Ryan Sarver	285007
237548529	humansofny	Brandon Stanton	283839
10078	reidhoffman	Reid Hoffman	282774
1081	davemcclure	Dave McClure	277510
14600116	johnbattelle	John Battelle	277234
21457289	MSFTResearch	Microsoft Research	273349
22255654	johndoerr	John Doerr	254822
1175221	digiphile	Alex Howard	250584
1586501	nickbilton	Nick Bilton	249977
183749519	paulg	Paul Graham	247059
11489	briansolis	Brian Solis	243800
2347049341	voxdotcom	Vox	239241
16191793	patagonia	Patagonia	238433
20348377	jeffweiner	Jeff Weiner	237881
148529707	RBReich	Robert Reich	232864
18891923	EricCantor	Eric Cantor	228613
3840	Jason	jason	228581
34732474	Indiegogo	Indiegogo	227270
354847710	Codecademy	Codecademy	225260
14278978	ericries	Eric Ries	220966
17372386	cotweet	CoTweet	219114
38271276	mtaibbi	Matt Taibbi	219001
22642788	pewresearch	Pew Research Center	210751
970207298	SenWarren	Elizabeth Warren	210543
3754891	bfeld	Brad Feld	208404
84351228	timberners_lee	Tim Berners-Lee	205172
8953122	PolitiFact	PolitiFact	204374
130762663	PreschoolGems	Preschool Gems	200893
94682674	AngelList	AngelList	200204
17636894	99u	99U	194835
22509548	DarrellIssa	Darrell Issa	190941
15865878	NiemanLab	Nieman Lab	190030
5746402	allthingsd	AllThingsD	187143
83876527	tejucole	Teju Cole	184383
17179368	Richard_Florida	Richard Florida	181532
756129	johnolilly	John Lilly	181099
11107172	alexismadrigal	Alexis C. Madrigal	179015
7215512	grist	grist	178776
16242081	bhorowitz	Ben Horowitz	177532
2529971	cdixon	Chris Dixon	176928
93017945	Square	Square	175705
14706299	linuxfoundation	The Linux Foundation	174710
236891946	AJStream	The Stream	172730
820585	baratunde	Baratunde	171345
32423136	Longreads	Longreads	168862
5438392	hypem	Hype Machine	168702
19506790	sherylsandberg	Sheryl Sandberg	168451
14130784	randizuckerberg	Randi Zuckerberg	168059
28049003	GreatDismal	William Gibson	167579
22330739	Benioff	Marc Benioff	166890
5637652	codinghorror	Jeff Atwood	166713
635013792	googleglass	Google Glass	165094
19534873	arusbridger	alan rusbridger	163879
2244340904	Recode	Re/code	163295
111416652	stiglitzian	Joseph Stiglitz	161775
79543	jowyang	Jeremiah Owyang	161573
652193	mgsiegler	M.G. Siegler	161388
17595439	chr1sa	Chris Anderson	161057
11620792	venturehacks	Venture Hacks	160491
12217	tconrad	Tom Conrad	158589
5355722	R_Nash	Richard Nash	156924
18327902	alexia	Alexia Tsotsis	156852
15744118	demandrichard	Richard Rosenblatt	154857
14834340	jayrosen_nyu	Jay Rosen 	153242
28576135	thejointstaff	The Joint Staff	152041
14372143	jasonfried	Jason Fried	149183
914061	levie	Aaron Levie	148706
1118451	make	MAKE	145498
1068831	slashdot	Slashdot	144349
47539748	Bill_Gross	Bill Gross	141726
65375759	zeynep	Zeynep Tufekci	139233
449588356	Kasparov63	Garry Kasparov	138276
16930986	joebelfiore	joebelfiore	136296
22747624	sgblank	steve blank	135510
131497030	VanJones68	Van Jones	134082
357606935	elizabethforma	Elizabeth Warren	133219
14130366	sundarpichai	sundarpichai	132533
233364902	Atul_Gawande	Atul Gawande	129487
136337303	NoLabelsOrg	No Labels	128351
14541402	mlevchin	Max Levchin	128185
58550415	charlierose	Charlie Rose	126923
740983	loic	Loic Le Meur	124592
14225267	drewhouston	Drew Houston	124224
252531143	SlaughterAM	Anne-Marie Slaughter	117530
745273	naval	Naval Ravikant	115629
5702	Caterina	Caterina Fake	115083
60308942	claychristensen	Clayton Christensen	114400
41754227	scottgu	Scott Guthrie	114396
19605981	truthout	Truthout	114158
75079616	IFTTT	IFTTT	114005
126406217	NekoCase	Neko Case	111612
49793	jimmy_wales	Jimmy Wales	110563
64498695	MichaelEPorter	Michael E. Porter	110240
633	zephoria	danah boyd	108724
1035491	ScottMonty	Scott Monty	108330
15307727	firstround	First Round	107612
18686907	davidfrum	David Frum	107431
16160352	clairecmc	Claire McCaskill	106910
13920962	l2k	Lukas Biewald	104761
691353	Joi	Joi Ito	104596
7985672	sorenmacbeth	Mad.MAX_VALUE	102504
2730791	mkapor	Mitch Kapor	102242
14335498	newsycombinator	Hacker News	101680
5668942	sarahcuda	Sarah Lacy	101468
16439471	TheWeek	The Week	100452
839321	charleneli	Charlene Li	99673
375288793	whatmatterspr	What Matters Promo	98605
18682450	skonnard	Aaron Skonnard	98008
52488565	OliverSacks	Oliver Sacks	97417
781293	martinvars	Martin Varsavsky	97275
11883132	tweetmeme	TweetMeme	95439
94143715	KatieS	Katie Jacobs Stanton	93921
82303907	followerwonk	Followerwonk	93382
17997789	danariely	Dan Ariely	92693
22239898	Marthalanefox	martha lane fox	91595
20263710	rabois	Keith Rabois	91350
808627	StevenLevy	Steven Levy	90458
711303	steverubel	Steve Rubel	90268
46063	hunterwalk	Hunter Walk	90148
295	joshk	Josh Kopelman	89701
3283901	andrewchen	Andrew Chen	86975
811350	alexisohanian	Alexis Ohanian	86926
646533	meyerweb	Eric A. Meyer	86057
997285801	1776	1776	83281
14231571	marcoarment	Marco Arment	82222
14202817	scalzi	John Scalzi	82078
7597362	instructables	instructables	81281
1605	sama	Sam Altman	80694
9729502	travisk	travis kalanick	79975
44771048	RonConway	Ron Conway	79612
20731304	adafruit	adafruit industries	79547
19079396	CharlieRoseShow	Charlie Rose Show	79472
419710142	PandoDaily	Pando	79037
819999	jeff	Jeff Clavier	78845
418	dens	Dennis Crowley	78680
15503880	posterous	posterous	78634
13479	photomatt	Matt Mullenweg	78539
1186	chrismessina	Chris Messina 	75702
11069462	OReillyMedia	O'Reilly Media	75671
202790178	Michael_Nutter	Michael A. Nutter	75584
176774540	cgpgrey	CGP Grey	74662
1236101	BenedictEvans	Benedict Evans	74409
18731529	SamAdamsWRI	Fmr Mayor Sam Adams	73765
14368074	craignewmark	craignewmark	73264
380	kevin	Kevin S.	72967
24789175	JamesFallows	James Fallows	71953
770729	lizgannes	Liz Gannes	71753
11628	t	Tantek elik	70785
113963	Werner	Werner Vogels	69599
16319797	IBMResearch	IBM Research	69278
15827269	BradStone	Brad Stone	68154
15139633	Mark_Cuban	Mark_Cuban	67885
54680395	infobeautiful	Info=Beautiful	67833
15824288	GovernorOMalley	Martin O'Malley	67737
11178672	Revkin	Andy Revkin	67051
382376904	fightfortheftr	Fight for the Future	66412
168295477	DLeonhardt	David Leonhardt	64818
1159251	shervin	Shervin Pishevar	63916
15234886	Bitly	Bitly	63625
125644689	OpenIDEO	OpenIDEO	62992
15804774	gvanrossum	Guido van Rossum	61979
296979153	googleideas	Google Ideas	59515
9017382	whiteafrican	Erik Hersman	59057
30331417	evgenymorozov	Evgeny Morozov	58619
992151	davidhornik	David Hornik	58612
818340	marshallk	Marshall Kirkpatrick	58570
13198	markpinc	mark pincus	57942
765548	hmason	Hilary Mason	57735
16469809	onthemedia	On the Media	56988
15728161	NoahShachtman	Noah Shachtman	56988
26369932	selop	Stephen Elop	56700
56833	isaac	Isaac Mao	56604
14763	ryancarson	Ryan Carson	56479
30249306	MarthaRaddatz	Martha Raddatz	55903
1536811	markoff	John Markoff	55220
817288	gaberivera	Gabe Rivera	54354
879521	peretti	Jonah Peretti	53800
3713811	bijan	Bijan Sabet	53697
6451032	jennyholzer	Jenny Holzer	53228
15921173	edyson	Esther Dyson	52464
8496762	tylercowen	tylercowen	52414
17877122	clairecm	Claire Cain Miller	52025
633980404	nytdavidbrooks	David Brooks	51662
57047586	atlasobscura	Atlas Obscura	51453
14708747	AspenInstitute	Aspen Institute	51356
14274132	JPBarlow	John Perry Barlow	51260
217284148	Austan_Goolsbee	Austan Goolsbee	51089
13041	elatable	Bradley Horowitz	50727
814253	Rafe	Rafe Needleman	50340
823083	migueldeicaza	Miguel de Icaza	50035
21986885	MarkMeckler	Mark Meckler	49822
14158830	brandee	Brandee Barker	49097
10419	newmediajim	Jim Long	48934
1979921	joshelman	Josh Elman	46687
50193	hughcartoons	Hugh MacLeod 	46161
6392972	ASE	Ahmed Shihab-Eldin	46070
19249328	AnniseParker	Annise Parker	45816
234826866	CFPB	consumerfinance.gov	45765
198381553	erinmcunningham	Erin Cunningham	45532
69009086	theRSAorg	The RSA	45294
117218161	BW_React	Brandwatch React	44572
21576543	tfadell	Tony Fadell	43979
15125585	edge	John Brockman	43916
24358412	markrussinovich	Mark Russinovich	43726
72769277	DIYDrones	DIYDrones.com	42622
810129	rmack	Rebecca MacKinnon	42445
155992471	3DRobotics	3D Robotics	42262
14727207	nancyduarte	Nancy Duarte	41885
928219752	DalrympleWill	William Dalrymple	41861
18713	al3x	Alex Payne	40891
5017	joshu	joshua schachter	40885
14609388	TheOilDrum	The Oil Drum	40777
14148963	iaindodsworth	Iain Dodsworth	40654
8198012	romanmars	Roman Mars	40631
8917142	dakami	Dan Kaminsky	40370
13049322	mikehatora	Mike Hendrickson	40282
1137701	DavidSacks	David Sacks	39711
1699751	vanessafox	Vanessa Fox	39443
768197	haacked	Boom Haackalacka	39101
5388852	hrheingold	Howard Rheingold	39079
14120215	kottke	kottke.org	39072
1051171	EthanZ	Ethan Zuckerman	39059
2162211631	ProjectAra	Project Ara	37482
236526490	LHSummers	Lawrence H. Summers	37299
7456262	btaylor	Bret Taylor	37239
7198542	ddmeyer	Dan Meyer	37204
1469101279	aantonop	AndreasMAntonopoulos	37141
92116069	erikbryn	Erik Brynjolfsson	36498
16222750	realMattHolt	Matthew Holt	36145
44423	cdibona	Chris DiBona	35904
250188760	RonWyden	Ron Wyden	35864
14855994	davidsirota	David Sirota	35843
15249166	singularityhub	Singularity Hub	35729
12454882	louisgray	Louis Gray	35702
352673744	R_Thaler	Richard H Thaler	35453
110823581	macon44	Macon Phillips	35331
6160742	bryce	Bryce Roberts	35121
12381352	WardCunningham	Ward Cunningham	34592
6267962	dangillmor	Dan Gillmor	34424
64482503	codeforamerica	Code for America	34288
239885144	holland_tom	Tom Holland	34193
31030273	BiellaColeman	Gabriella Coleman	33788
9946842	amac	Alex Macgillivray	33751
255617445	worrydream	Bret Victor	33563
4488	Borthwick	John Borthwick	33312
22931893	sethmnookin	Seth Mnookin	33262
814641	Dries	Dries Buytaert	33102
291814511	BlackGirlsCode	BlackGirlsCode.Com	32995
1235521	timbray	Tim Bray	32742
3980	christine	Christine	32693
804204	twittervision	Dave Troy	32512
321299775	MFordFuture	Martin Ford	32161
203132018	cafreeland	Chrystia Freeland	32124
14065217	sandy_carter	sandy carter	32093
1039531	zittrain	Jonathan Zittrain	32034
48903	aral	Aral Balkan	31996
15008449	amcafee	Andrew McAfee	31920
1113541	bruces	Bruce Sterling	31890
18267528	backupmytweets	BackupMyTweets.com	31846
240676055	swarmapp	Swarm	31607
768632	ceonyc	Charlie O'Donnell	31581
14984090	radar	O'Reilly Radar	31522
2612261960	congressedits	congress-edits	31422
1585	dhinchcliffe	Dion Hinchcliffe	31264
20542737	vaughanbell	Vaughan Bell	31141
7015112	albertwenger	Albert Wenger	31012
13461	waxpancake	Andy Baio	30684
1497	harper	harper	30411
15154811	phylogenomics	Jonathan Eisen	30100
13299972	infoarbitrage	Roger Ehrenberg	29707
771525061	JeffImmelt	Jeff Immelt	29637
18244332	ahier	Brian Ahier	29488
14445542	cheeky_geeky	Dr. Mark D. Drapeau	28866
8406952	ellmcgirt	Ellen McGirt 	28696
1532061	kevin2kelly	Kevin Kelly	28638
7082702	PeopleBrowsr	PeopleBrowsr	28525
5502392	mojombo	Tom Preston-Werner	28192
8531792	paddycosgrave	Paddy Cosgrave	27985
143053926	gavinandresen	Gavin Andresen	27871
10191	Frauenfelder	Mark Frauenfelder	27802
14321021	markcoker	Mark Coker	27796
34719119	WalterIsaacson	Walter Isaacson	27790
21542518	PaulRieckhoff	Paul (PJ) Rieckhoff	26877
14839109	dpatil	dj patil	26748
661403	pomeranian99	Clive Thompson	26589
457744153	DIY	DIY	26586
1285451	dweinberger	David Weinberger	26522
1835951	craigmod	Craig Mod	26509
200176600	todd_park	Todd Park	26353
822571	SG	Sean Garrett	26293
101848693	INETeconomics	The Institute	26211
7224702	thulme	Tom Hulme	26205
6205152	kathrynb	Kathryn Barrett	26037
1050111	PatrickRuffini	Patrick Ruffini	25978
8132322	tomforemski	Tom Foremski	25766
14051115	datacenter	datacenter	25678
14149971	plibin	Phil Libin	25591
620654544	SelfAwareROOMBA	Self Aware ROOMBA	25505
8285392	raffi	uo 	25472
7782442	christinelu	Christine Lu	25393
644863	nivi	Nivi	25304
22937232	mabb0tt	michael abbott	25211
18318677	bigdata	Ben Lorica	25086
281877818	Noahpinion	Noah Smith	25070
57203	kevinmarks	Kevin Marks	25029
236548159	littleBits	littleBits	24903
17240190	daniel_kraft	Daniel Kraft, MD	24760
167169119	strataconf	O'Reilly Strata	24619
2382117350	Deese44	Brian Deese	24530
817970	kwerb	Kevin Werbach	24267
6981492	ftrain	Paul Ford	24247
814304	arielwaldman	Ariel Waldman	24222
390039185	cstross	Charlie Stross	24140
4503491	jason_pontin	Jason Pontin	24094
21146468	xkcd	Randall Munroe	23809
17297668	larrybrilliant	Larry Brilliant	23798
14344469	peteskomoroch	Peter Skomoroch	23544
16574209	JohnAByrne	JOHNABYRNE	23384
33773592	AstroKatie	Katie Mack	23262
4711	sippey	Michael Sippey	23233
21626287	davideagleman	David Eagleman	23207
254690342	zaarly	Zaarly	23056
12143522	leila_c	Leila Janah	22985
30495974	berkun	Scott Berkun	22920
15464697	JuddLegum	Judd Legum	22749
14076943	jhagel	John Hagel	22518
16040859	RodBeckstrom	Rod Beckstrom	22289
22508473	GOPoversight	GOP Oversight	22191
2737751	stephagresta	Stephanie Agresta	22147
3339171	dsearls	Doc Searls	22103
9345172	DrGreene	Alan Greene	21904
22465084	mindhacksblog	mindhacks blog	21894
17843236	SusannahFox	Susannah Fox	21601
16061930	hackingdata	Jeff Hammerbacher	21398
74543	pahlkadot	Jennifer Pahlka	20923
1747381	adam_messinger	Adam Messinger	20917
5861822	moia	Marko Ahtisaari	20864
555198400	TEDRadioHour	TED Radio Hour	20846
15105000	agarwal	Sachin Agarwal	20726
13673392	sanuzis	Saul Anuzis	20718
14701201	greentweet	greentweet	20567
7552082	bigmediumjosh	Josh Clark	20525
17	tonystubblebine	Tony Stubblebine	20504
24002724	TonyFratto	Tony Fratto	20460
1428461	tariqkrim	Tariq KRIM	20171
8548612	normative	Julian Sanchez	20048
13860742	caseorganic	Amber Case	19915
61233	monkchips	Executive Assistant	19856
15199325	GovLoop	GovLoop	19852
610873	rashmi	Rashmi Sinha	19799
121539516	aneeshchopra	Aneesh Chopra	19709
272550180	RebuildDream	Rebuild The Dream 	19177
3252	odannyboy	Dan Saffer	19164
14405393	dalepd	Dale Dougherty	19150
456	davegray	Dave Gray	18866
15650636	LeilaniMunter	Leilani Munter	18831
901651	rklau	Rick Klau	18742
1746891	ninaksimon	Nina Simon	18674
833071	furrier	John Furrier	18655
14062869	davidcowan	davidcowan	18595
761975	mathowie	Matt Haughey	18509
57	SarahM	Sarah Milstein	18508
12514	tomcoates	Tom Coates	18464
14491008	janchip	Jan Chipchase	18407
3226561	davidsze	David Sze	18363
9641832	shansell	Saul Hansell	18288
8381682	LuisvonAhn	Luis von Ahn	18216
8210552	toc	Tools of Change	17722
15300187	longnow	Long Now	17508
2981431	acroll	Alistair Croll	17455
15021155	wordspy	Word Spy	17326
6213582	wences	Wences Casares	17132
125453969	neeratanden	Neera Tanden	17110
1378	MParekh	Michael Parekh	17072
14664315	junecohen	June Cohen	17030
6304662	Digidave	David Cohn	16864
17854419	kraneland	David Krane	16843
14904437	johnculberson	johnculberson	16811
31586578	stephen_wolfram	Stephen Wolfram	16699
5502502	scrawford	Susan Crawford	16683
257	rael	Rael Dornfest	16646
11076652	vicgundotra	vicgundotra	16437
14688076	GuyHagen	Guy Hagen	16429
16349641	MattMickiewicz	Matt Mickiewicz	16278
1230801	morville	Peter Morville	16273
1874221	McAndrew	Andrew McLaughlin	16138
14124673	EricaAmerica	Erica Anderson	16129
15228003	blakeross	Blake Ross	16065
3183721	gilgul	Gilad Lotan	16033
627213	amyhoy	Amy Hoy	15947
5917472	librarythingtim	Tim Spalding	15943
26894723	martenmickos	Mrten Mickos	15896
650013	bradfitz	Brad Fitzpatrick	15879
25734277	JamesGleick	James Gleick	15757
11270992	OpenCongress	OpenCongress	15512
3530201	corbett3000	Peter Corbett  	15498
2030711	matthewstoller	Matt Stoller	15495
7617702	mjasay	Matt Asay	15385
19404944	samatlounge	Sam Missingham	15347
16597921	jseelybrown	john seely brown	15126
8119452	dansinker	dan sinker 	15095
252835084	WuDunn	Sheryl WuDunn	15030
22	rabble	rabble	14925
4906851	mwesch	Mike Wesch	14797
14430041	erictpeterson	Eric Peterson	14341
17768235	jhalamka	John Halamka	14193
1392281	adrianholovaty	Adrian Holovaty	14183
136200118	ayahbdeir	ayah bdeir	14152
7542902	cutting	Doug Cutting	14137
358566293	mkonnikova	Maria Konnikova	14094
744463	daveman692	David Recordon	14083
467894517	tkelsey1	Tim Kelsey	13979
12241752	maxogden	=^._.^=	13979
12497	simonw	Simon Willison	13975
23593213	draccah	Dominique Raccah	13800
21652614	ystrickler	Yancey Strickler	13794
14106829	AlexSteffen	AlexSteffen	13790
14554287	bobgourley	Bob Gourley	13775
774909	Mlsif	Micah Sifry	13721
6140	brady	brady forrest	13681
804376	rstephens	Robert Stephens	13611
37605443	smithmegan	Megan Smith	13595
899701	netik	John Adams	13583
59918812	gooddata	GoodData	13506
17028879	athenahealth	athenahealth	13489
34663	leisa	Leisa Reichelt	13363
18367054	medriscoll	Michael E. Driscoll	13304
23890475	jonoringer	Jon Oringer	13233
7845362	elipariser	elipariser	13199
17051344	LabSpaces	Brian Krueger, PhD	13183
2673451	PaulDunay	Paul Dunay	13146
16213093	lmaugustin	Larry Augustin	13120
19556080	triketora	Tracy Chou	13087
18897186	MTBracken	Mike Bracken	12952
1233663476	stratechery	stratechery	12879
11263102	awadallah	Amr Awadallah	12829
6044272	ramez	Ramez Naam	12715
11472	thomas	thomas marban	12644
10295842	velocityconf	O'Reilly Velocity	12620
13834402	EllnMllr	Ellen Miller	12606
5025251	jobsworth	JP Rangaswami	12514
15290730	jnack	John Nack	12426
16721263	LindaStone	Linda Stone	12415
19269120	tgoetz	Thomas Goetz	12365
322207364	Nextdoor	Nextdoor	12330
13378422	allspaw	John Allspaw	12093
6941	jyri	Jyri Engestrm	12045
17839720	jeancase	Jean Case	12024
3364	cjoh	Clay Johnson	11909
609543	dahowlett	Dennis Howlett	11867
14732903	chinahearsay	Stan Abrams	11803
10718	topfunky	Geoffrey Grosenbach	11777
28638677	ralfonsi	Richard Alfonsi	11740
19001065	MikeShatzkin	Mike Shatzkin	11732
12935692	RomanStanek	Roman Stanek	11731
797835	TomRaftery	Tom Raftery	11680
17668347	Paulflevy	Paul Levy	11649
18927821	herrod	Steve Herrod	11641
9717472	chafkin	Max Chafkin	11540
1270191	mmasnick	Mike Masnick	11511
63363638	votizen	Votizen	11478
16148602	IdeaGov	Alan W. Silberberg	11338
622543	getsatisfaction	Get Satisfaction	11196
12329252	GregorMacdonald	Gregor Macdonald	11168
5149	SusanScrupski	Susan Scrupski	11104
15012352	usmayors	U.S. Mayors	10956
2226061	alexiskold	Alex Iskold 	10830
2185	buster	Buster	10775
397689316	Grady_Booch	Grady Booch	10752
19657120	hannahdev	Hannah Devlin	10749
26390322	stevenvDC	Steven VanRoekel	10605
4030	monstro	Lane Becker	10578
289485255	EmanuelDerman	Emanuel Derman	10533
5774462	grigs	Jason Grigsby, 4	10503
3825931	stevecla	steve clayton	10460
14270527	girlgamer	GirlGamer	10409
14178113	xpectro	xpectro	10348
119401334	scholarlykitchn	Scholarly Kitchen	10327
141229888	DerekKhanna	Derek Khanna	10316
19261791	zem	Zem Joaquin	10310
5814	tempo	Thor Muller	10282
2150981	Rasiej	Andrew Rasiej	10272
402875257	thePeerJ	PeerJ - the journal	10246
38401099	ArmyCIOG6	ArmyCIOG6	10218
67923	hardaway	francine hardaway	10191
9337792	web2summit	web2summit	10168
860281	ireneau	Irene Au	10145
41713	fimoculous	Rex Sorgatz	10121
14268957	digitalsista	Shireen Mitchell	10088
47	kellan	kellan	10081
809512	jesserobbins	Jesse Robbins	10034
15996534	mysociety	mysociety	9885
12876	edd	Edd Dumbill	9879
89583009	ken_goldberg	Ken Goldberg	9865
8592732	swardley	swardley	9857
4906211	nelderini	Chris Nelder	9856
2182141	cap	Cap Watkins	9812
22512172	jakeporway	Jake Porway	9768
21150703	carlbass	Carl Bass	9735
898691	gnat	Nat Torkington	9735
9081642	SaraPeyton	Sara Peyton	9677
13235832	natfriedman	Nat Friedman	9628
19016024	instigating	lisagansky	9551
7410742	BradUSV	Brad Burnham	9521
13192	avibryant	Avi Bryant	9471
3421641	ch3ryl	Cheryl Contee	9458
118837674	hackmanagement	MIX	9453
2366194867	18F	18F	9311
13177522	safari	Safari	9311
13440802	psaffo	Paul Saffo	9235
9151842	daltonc	Dalton Caldwell	9232
3741671	segphault	Ryan Paul	9221
7434272	RitaJKing	Rita J. King	9209
16045004	FakeSarahPalin	FakeSarahPalin	9169
21097230	jpalfrey	John Palfrey	9163
115115285	lindarottenberg	Linda Rottenberg	9118
17495946	carlmalamud	Carl Malamud	9076
15101375	daeaves	David Eaves	9071
79365337	6Gems	Kimberly Bryant	9062
18377572	phillian	Amanda Orson	9051
18059898	theamitsinghal	Amit Singhal	9045
14642896	petewarden	Pete Warden	9035
16744602	btrplc	Better Place	8999
509	jerrymichalski	Jerry Michalski	8992
17663776	planetlabs	Planet Labs	8985
14444413	ptorrone	phillip torrone	8983
1979391	checker	Chris Hecker	8915
23813634	Jay_Nath	Jay Nath	8878
16295662	ibarguen	Alberto Ibarguen	8827
22839233	kaythaney	Kaitlin Thaney	8824
5666672	mtippett	Michael Tippett	8806
15153	PaulAnnett	Paul Annett	8769
823098	duncan	Duncan Davidson	8712
53953	cote	Cot	8698
16463326	levyj413	Jeffrey Levy	8685
3215861	danachis	Dana Chisnell	8543
55265358	OpenEnergyInfo	OpenEI.org	8492
14258044	jensmccabe	Jen S. McCabe	8480
5025281	jsmarr	Joseph Smarr	8461
5749002	jsundmanus	john sundman	8428
11730542	rmchase	Robin Chase	8377
794532	jerrybrito	Jerry Brito	8324
5380022	emckean	Erin McKean	8268
189235485	ohsummit	Open Hardware Summit	8243
41980825	twephanie	Stephanie Hannon	8197
2802316930	backchnnl	Backchannel	8194
167960058	antgoldbloom	Anthony Goldbloom	8154
4607	nancyscola	Nancy Scola	8088
1813571	liza	Liza Daly	8067
250103509	kncukier	Kenneth Cukier	8030
14363893	Mazzeo	Matt Mazzeo	8014
41603960	alexstamos	Alex Stamos	8003
304005870	Jonathan_Bush	Jonathan Bush	7967
16309106	oreillyverlag	O'Reilly Verlag	7832
951541	rozzie	Ray Ozzie	7814
17285007	glichfield	Gideon Lichfield	7809
14351053	unitedrep	United Republic	7733
14072950	mikesimonsen	Mike Simonsen	7660
15626406	michael_nielsen	michael_nielsen	7592
552078286	thelist	TheLi.st	7535
96414030	PaulStamets	Paul Stamets	7468
7779602	twitstat	Twitstat.com	7467
290890104	NellieBowles	Nellie Bowles	7454
14261812	jeffreycarr	Jeffrey Carr	7428
9584882	ccoletta	ccoletta	7409
8070502	danshapiro	Dan Shapiro	7392
14415338	Dymaxion	Eleanor Saitta	7359
1502501	adamengst	Adam C. Engst	7335
61923	finnern	Mark Finnern	7313
749583	mrhinkle	Mark R. Hinkle	7264
14651539	jeffiel	jeffiel	7251
17430435	lesamitchell	Lesa Mitchell	7244
29738618	slaby	Michael Slaby	7241
15295670	ravenme	Raven Zachary	7227
458504863	fluentconf	O'Reilly Fluent	7186
5708292	wseltzer	Wendy Seltzer	7162
1623	jchris	Chris Anderson	7110
8839152	mattwaite	Matt Waite	7054
54893	jamespearce	James Pearce	7052
2970511	lessin	sam lessin	7032
14650130	EdFelten	Ed Felten	6969
13124	genmon	Matt Webb	6966
9721422	jwikert	Joe Wikert	6960
22523087	repjimcooper	Jim Cooper	6953
17331549	liamcasey	liam casey	6942
143883	sogrady	steve o'grady	6918
15921379	mekanism	Mekanism	6907
14446054	lowflyingrocks	lowflyingrocks	6887
232294292	GaryMarcus	Gary Marcus	6862
15319103	cmschroed	Chris Schroeder	6832
3471901	tiffani	Tiffani Ashley Bell	6805
24945605	jessicamckellar	Jessica McKellar	6799
115660120	EC_opendata	EC Open Data Policy	6797
14079705	littleidea	Andrew Clay Shafer	6749
12530	mattb	Matt Biddulph	6744
108708478	pushpoppress	Push Pop Press	6718
6686402	SteffanAntonas	Steffan Antonas	6704
12984852	CameronNeylon	CameronNeylon	6703
10303	alexrudloff	Alex Rudloff	6702
7278212	luefkens	Matthias Lfkens	6692
962801	ajturner	Andrew Turner	6660
21918148	gov2events	Gov 2.0 Events	6648
3682111	cshipley	Chris Shipley	6619
14331117	MissUChina	Miss Universe China	6615
871547965	SKellyCEO	Stephen Kelly	6613
60663	MarinaMartin	Marina Martin	6579
1881191966	OReillySolid	O'Reilly Solid 	6445
439773485	LearnSprout	LearnSprout	6399
15415778	ValdisKrebs	Valdis Krebs	6347
137836269	geochurch	george church	6320
14242808	sicamp	SICamp	6226
2983206962	USDS	U.S. Digital Service	6215
13682312	adamhjk	Adam Jacob	6207
246532340	knightlab	NU Knight Lab	6187
10051	nelson	Nelson Minar	6182
14184671	mheadd	Mark Headd	6145
531971062	itsDanielSuarez	Daniel Suarez	6143
14409894	nselby	Nick Selby	6115
11086372	klakhani	Karim R. Lakhani	6104
897811	naypinya	Peter Brantley	6102
673483	dewitt	DeWitt Clinton	6090
8172182	ThomasJefferson	Thomas Jefferson	6079
16971428	fredtrotter	fredtrotter	6061
23516942	gfulgoni	Gian Fulgoni	6052
22451914	pmarca_blog	Marc Andreesen Blog	6008
73767785	sir	Sam Rosen	5972
375668090	Impactstory	Impactstory	5965
8862132	hugs	Jason Huggins	5946
15018709	antheaws	Anthea Watson Strong	5932
32124032	hondanhon	Dan Hon	5906
78729443	joe_hellerstein	Joe Hellerstein	5895
1528701	lewisshepherd	Lewis Shepherd	5861
12984202	mikeloukides	Mike Loukides	5844
9767132	cwr	China Web Radar	5841
27106703	lorcanD	lorcan dempsey	5835
6571962	cbracy	Catherine Bracy	5833
2775968243	Eboladeeply	Ebola Deeply	5831
7505382	sferik	Erik Michaels-Ober	5806
9993542	twhirl	Twhirl Announce	5805
324479769	cmdrtaco	Rob 'CmdrTaco' Malda	5775
175282603	jeremyphoward	Jeremy Howard	5753
100883962	bunniestudios	bunnie	5742
815096	jsb	John S. Bracken	5741
320986370	LearnZillion	LearnZillion	5715
15399031	noahi	Noah Iliinsky	5710
465143733	SentinelMission	Sentinel Mission	5677
50485184	zackbogue	Zachary Bogue	5664
14188895	jakebrewer	Jake Brewer	5644
19573968	mchui	Michael Chui	5618
24041126	brezina	Matt Brezina	5568
14094882	brattray	Ben Rattray	5559
470939544	astroEdLu	Ed Lu	5539
974131	chrisfahey	Christopher Fahey	5523
18372260	grapealope	Rachel Kalmar	5490
2654	data4all	W. David Stephenson	5488
14097375	agentGav	Gavin Starks	5480
97933	jzawodn	Jeremy Zawodny	5473
43004684	Siri	Siri Inc	5444
821	moleitau	Matt Jones	5427
809256	jjeff	Jeff Robbins	5425
14471007	dianakimball	Diana Kimball	5409
16352993	heatherknight	Heather Knight	5406
1259043697	datascifellows	Data for Social Good	5405
613653	bjepson	Brian Jepson	5393
18055633	RobGlaser	Rob Glaser	5385
2511641	robpas	Robert Passarella	5383
24254084	noUpside	Renee DiResta	5313
2937071	judell	Jon Udell	5307
10630	danxoneil	Daniel X. O'Neil	5301
54852892	gilpenchina	gil penchina	5296
14141095	JHockenberry	John Hockenberry	5289
14055092	JeffJonas	Jeff Jonas	5283
93764696	ericpliu	Eric Liu	5275
2333071	sarawinge	Sara Winge	5267
15398764	brianbehlendorf	brianbehlendorf	5254
3355001	Devon	Devon	5228
768197780	jakevdp	Jake Vanderplas	5210
13130412	laurelatoreilly	Laurel Ruma	5208
35853	imran	Imran Ali	5176
15631713	ElenaBRZ	Elena Benito Ruiz	5132
16133048	TweetReport	TweetReport	5080
16023	jah	Justin Hall	5037
15753937	dslunceford	Steve Lunceford	5002
66444512	oreillyanswers	O'Reilly Answers	4999
4068781	whereconf	Where Conference	4960
269584194	ScienceExchange	Science Exchange	4953
15336340	jahendler	jahendler	4879
14267706	aallan	Alasdair Allan	4876
15870311	vctips	vctips	4870
818591	ahoppin	Andrew Hoppin	4838
247943631	jeffrey_heer	Jeffrey Heer	4827
11393782	erenbali	erenbali	4824
962997733	PubPeer	PubPeer	4824
1246421	danbri	Dan Brickley	4824
15429250	AnastasiaAshman	Anastasia Ashman	4797
14135545	akumar	Amit Kumar	4786
3021611	Reichental	Jonathan Reichental	4784
278401829	AliGPincus	Alison G Pincus	4762
16402446	jgrahamc	John Graham-Cumming	4761
42669964	socrata	Socrata	4760
6034992	davidrose	David Rose	4744
1288411699	nationswell	NationSwell Council	4743
15412900	josephflaherty	Joseph Flaherty	4710
180817904	yo_stellar	Stellar	4689
120961888	BryanSivak	Bryan Sivak	4565
226976689	marcprecipice	Marc Hedlund	4526
14628238	gandhi_bot	gandhi_bot	4505
14208559	tigoe	Tom Igoe	4479
20188434	gilelbaz	Gil Elbaz	4474
17950167	rewiredstate	Rewired State	4434
5952302	NurtureGirl	Jean M Russell	4394
39925753	benberkowitz	Ben Berkowitz	4390
13234	neb	Ben Cerveny	4373
15770483	farmgeek	John Hart	4372
224379103	amplab	AMPLab 	4343
838491	hassan	Hassan Schroeder	4337
6102602	MissGoogle	Stephanie Terroir 	4287
19771577	AndrewPWilson	Andrew Wilson	4286
14089595	garrettlisi	Garrett Lisi	4254
5771252	JohnWonderlich	John Wonderlich	4232
14409265	davidjbland	David J Bland	4221
14639917	ignitephilly	ignitephilly	4215
94860638	rygorous	Fabian Giesen	4201
43836840	SteveSSingh	Steve Singh	4172
12841	mikel	mikel	4168
29342035	PCH_Intl	PCH	4153
33383	mikekuniavsky	Mike Kuniavsky	4151
446719282	shivon	Shivon Zilis	4139
16879093	laurenweinstein	Lauren Weinstein	4131
10324882	sweetlew	Lew Cirne	4099
162124540	thegdb	Greg Brockman	4084
1702134540	equitablegrowth	Equitable Growth	4083
15137538	jasonpriem	Jason Priem	4071
15595832	jamesjoaquin	James Joaquin	4034
18037154	JonBruner	Jon Bruner	4025
16112979	AndreaDiMaio	Andrea DiMaio	4001
20933517	brianoleary	Brian O'Leary	3994
26853	atduskgreg	Greg Borenstein	3975
139819194	narrativesci	Narrative Science	3949
16584747	bob_sutor	Bob Sutor	3948
14209229	jsteeleeditor	Julie Steele	3947
14179471	dariamusk	Daria Musk	3934
126718519	jllord	Jessica Lord	3914
21410789	makerfaire_uk	Maker Faire UK	3891
20468047	OReillyAuthors	O'Reilly Authors	3890
8043842	grimmelm	James Grimmelmann	3885
326071624	OCCRP	OCCRP	3881
1173281	lilich	Lili Cheng	3877
555634153	Loomio	Loomio	3873
16992651	JimmySky	James Skylar Gerrond	3868
150185852	baconmeteor	Maciej Ceglowski	3868
115557940	gigasquid	Gigasquid	3845
605178330	DecodeDC	DecodeDC	3840
20190957	factual	Factual Team	3834
331912537	fastly	Fastly	3830
16031975	b6n	Benjamin Black	3828
134135559	understandrome	Agnes Crawford	3817
19052248	jmillerWFED	Jason Miller	3813
20550872	clickabit	clickabit	3808
81123	iamdanw	Dan W	3806
766666	danaoshiro	Dana Oshiro	3775
795741	SunilPaul	Sunil Paul	3766
6998432	DivaDanese	Danese Cooper	3761
14714691	mtamblyn	Michael Tamblyn	3753
15678816	kwiens	Kyle Wiens	3752
21524551	reprap	RepRap Team	3742
15330336	gewang	Ge Wang	3738
21909890	marydavie	Mary Davie	3719
206283535	waldojaquith	Waldo Jaquith	3715
9341072	hirodusk	Adam Wiggins	3700
14553055	merici	merici	3694
11703042	danger_ranger	Danger Ranger	3663
10370602	farrahbostic	Farrah Bostic	3632
54726115	JY8Shields	Jon Young & 8Shields	3619
16211142	BenBalter	Ben Balter	3583
15829680	LusciousPear	bradford	3488
8210502	andrewsavikas	Andrew Savikas	3475
11993412	dfletcher	dfletcher	3467
8884482	jenniferbrook	Jennifer Brook	3416
890911	johntolva	John Tolva	3414
14479992	skrenta	Rich Skrenta	3392
375814528	OpenROV	OpenROV	3378
2934781	nsjacob	Nigel Jacob	3373
720863	tjl	 Tom Lee 	3369
14950583	jamesoreilly	James O'Reilly	3368
17451816	NoelDickover	NoelDickover	3319
15209501	abhinemani	abhi nemani	3240
11547582	sarahnovotny	sarahnovotny	3235
171229329	EditorHulk	Editor Hulk	3225
252397899	henryfarrell	Henry Farrell	3224
22275889	frbills	Msgr.William Stetson	3222
23137455	WillNoel	William Noel	3197
134665872	parislemon	ParisLemon	3175
1544861	Canuckflack	Colin McKay	3140
216027858	opencorporates	opencorporates	3138
4332521	frankyu	frank yu	3127
15024152	rachelchalmers	Rachel Chalmers	3101
13918022	p_binfield	p_binfield	3096
25676709	petermurrayrust	Peter Murray-Rust	3070
250171016	opensignal	OpenSignal	3068
545625585	FoundOpenGov	TheOpenGovFoundation	3068
75291128	HellenicStudies	Ctr Hellenic Studies	3057
12432642	rellimluap	Paul Miller	2988
16403	merci	Merci Victoria Grace	2983
551534612	BenKrasnow	Ben Krasnow	2965
34303	ErnieAtLYD	Ernie Hsiung	2955
1735621	WingDude	Jodee Rich	2954
7325502	luckydragons	lucky dragons	2947
348006242	BobMankoff	Bob Mankoff	2946
993	joshua	Joshua Kinberg	2940
14098497	shacker	Scot Hacker	2931
1676355044	ahnaoreilly	Ahna O'Reilly	2930
30976202	Jeff_A_Friedman	Jeff Friedman	2929
15924782	catpoetry	Cat Posey	2921
2841111	interrante	Mark Interrante	2918
65261359	DataMasher	DataMasher.org	2913
747083	derekg	Derek Gottfrid	2895
20711514	krisztinaholly	Krisztina 'Z' Holly	2891
181840455	sharethemesh	meshing	2881
6205402	Marsee	Marsee Henon	2873
12734822	MattTucker	Matt Tucker	2872
7377552	jstogdill	Jim Stogdill	2847
93046641	michalmigurski	Michal Migurski	2838
14769689	johnmusser	johnmusser	2833
18917203	BevUSA	Bev Godwin	2811
77293	monadic	alexis richardson	2790
42983	terrycojones	Terry Jones	2771
3649181	joshsimmons	Joshua R. Simmons	2766
4578	paulsmith	Paul Smith	2763
345177338	markburgess_osl	Mark Burgess	2747
32236077	OReillyUG	O'Reilly UG Program	2746
146172499	andykessler	Andy Kessler	2720
15771803	val_green	Valerie Greenhill	2717
11999302	kmcurry	Kevin Curry	2716
14914852	betsy_	elizabeth corcoran	2715
15771056	haleyvandyck	Haley van Dyck	2656
15104815	LarryHabegger	Larry Habegger	2656
17673012	veltman	Noah Veltman	2648
12567142	mcfunley	Dan McKinley	2639
22398002	praxagora	Andy Oram	2625
57221191	NewsFuturist	NewsFuturist	2618
1704421	jeremie	Jeremie Miller	2608
13679	rypan	Ryan Panchadsaram	2602
13255	phae	Frances Berriman	2596
138285632	zeynepton	Zeynep Ton	2594
3030922321	DJ44	DJ Patil	2593
515695795	tech4obama	Tech for Obama	2587
16513061	ciberch	Monica Wilkinson	2583
62533	epistemographer	Josh Greenberg	2582
206938213	arampell	Alex Rampell	2567
621111679	jeroenhjanssens	Jeroen Janssens	2561
92338472	safe_patients	Safe Patients	2549
2692281	RocmanUSA	Rocky Barbanica	2485
8550312	wsm1	Will Marshall	2478
14778692	perryevans	perryevans	2468
1322521	freecloud	Alan Patrick	2463
7136992	brianaker	Brian Aker	2463
17868090	timohannay	timohannay	2452
15124802	ginablaber	ginablaber	2399
27525915	jamie_heywood	Jamie Heywood	2396
11176782	strategiclee	Erica Lee	2372
6972722	kiwitobes	Toby Segaran	2371
294246919	meganliberman	Megan Liberman	2369
16214556	auchmill	Courtney Johnston	2359
38365159	JosephJEsposito	Joseph Esposito	2353
41020312	landlessness	 Brian Mulloy 	2352
7770962	hankwilliams	Hank Williams	2343
329923532	LauraDTyson	Laura Tyson	2337
14143421	SuzAxtell	Suzanne Axtell	2334
12513	lhl	Leonard	2328
15416778	christiegeorge	christiegeorge	2313
30051156	GLinsights	GLinsights	2285
1323110707	DeniseUSGSA	Denise Turner Roth	2276
4057091	jimgreer	Jim Greer	2250
17206070	roncarmel	ron carmel	2248
14825967	paulvallee	Paul Vallee	2230
17973378	NickPinkston	Nick Pinkston	2221
14369409	jbordeaux	John Bordeaux	2216
29158353	jfgm	Jose Gomez-Marquez	2215
34687443	kristianiaclark	krissy clark	2204
6120762	gbrockway	Gregg Brockway	2192
17036374	jim_adler	Jim Adler	2188
6532	jeffreymcmanus	Jeffrey McManus	2186
533889733	WalkYourCity	Walk [Your City]	2171
386866627	GratitudeNet	Gratitude Network	2162
34956929	McDapper	Sean McDonald	2124
15317247	sabdfl	sabdfl	2094
46959157	beaucronin	Beau Cronin	2089
254152776	robotfilmfest	Robot Film Festival	2087
14335132	dschatsky	David Schatsky	2085
6584432	otown	Otis Chandler	2080
13096242	simonstl	Simon St.Laurent	2077
14153794	acce	Alex Chriss	2067
3859031	edjez	Eduardo Jezierski	2062
18997385	petermeyers	Peter Meyers	2061
208701370	AuntBertha	Aunt Bertha	2053
37409669	MikeChorost	Michael Chorost	2045
80653466	Benetech	Benetech	2044
1475909736	billjaneway	Bill Janeway	2043
3859	GregElin	GregElin	2039
16264332	Hornthal	Jim Hornthal	2035
57534593	otherlab	Otherlab	2019
45131386	goodmachine	Patrick Bergel	1993
14353952	chachasikes	chachasikes	1991
2078	ShellyShelly	Shelly Farnham	1991
53753649	eddietejeda	Eddie A Tejeda	1990
14718904	dliman	ben lorica	1982
405950688	SmartProcureUS	SmartProcure	1970
15163552	leevann	Lee Vann	1968
18400889	pietromarx	Peter Marx	1949
20299406	lxlightman	Alex Lightman	1938
23242128	zzolo	Alan Palazzolo	1924
17981917	dchud	Dan Chudnov	1919
15098106	gunzalis	Peter Collingridge	1918
2248551	zeroday	oliver day	1917
21866144	atogle	Aaron Ogle	1910
14396878	storybellows	Story Bellows	1899
15015932	runemadsen	Rune Madsen	1897
18018670	TrackerNews	j.a.ginsburg	1895
14065127	raseman	Sophie Raseman	1880
6292922	lostonroute66	David Hale	1867
15076747	jennwebb	jennwebb	1862
14085088	ToddGailun	ToddGailun	1851
15510144	BarcampAfrica	BarCamp Africa	1851
6487432	matthewburton	Matthew Burton	1848
147004378	cecilycarver	Cecily Carver	1844
19606524	jason_harris	jason harris	1843
27593	zzgavin	Gavin Bell	1835
25638482	roughtype	Rough Type	1814
12284932	loreleikelly	lorelei kelly	1813
19748813	sallylieber	Sally Lieber	1797
16287777	jcwiley	Jesse Wiley	1796
61555249	financequant	Robert J Frey 	1795
1222103100	BobLitan	Robert Litan	1789
2007821	customdeluxe	Louisa Heinrich	1784
55374682	MrsGracePoole	Alison Inglehearn	1781
271605782	elainewherry	elaine wherry	1779
432803063	isaiah_saxon_	Isaiah Saxon	1777
132599038	OReillySchool	O'Reilly School 	1774
19367912	fluidinfo	Fluidinfo	1767
40790723	eddlest	Sloan Eddleston	1765
17121917	smartgrid	smartgrid	1758
16515488	jasonHoyt	Jason Hoyt  PeerJ	1756
15938452	ladyson	ladyson	1754
14716967	sourcegirl	sourcegirl	1741
9445792	zoink	Dylan Field	1733
14948334	twhb	hb	1722
15446648	allisonrandal	Allison Randal	1719
217483047	gnshealthcare	GNS Healthcare	1717
14753	davorg	Dave Cross	1711
39639913	JaimeAlexis	Jaime-Alexis Fowler	1685
12887522	pllevin	Peter L. Levin	1679
14781485	RyanResella	Ryan Resella	1671
14848002	DopplrHQ	DopplrHQ	1656
16643791	YBenkler	YBenkler	1645
8064682	ltibbets	Linden Tibbets	1633
877021	jfh	Jascha FranklinHodge	1623
17345023	travelerstales	travelerstales	1620
133725333	EBMakerFaire	East Bay Maker Faire	1620
986554441	tutumcloud	tutum	1619
187715714	CfACommons	CfA Commons	1593
16256877	johnmscott	John Scott	1579
2811291438	data_rev	Data Revolution	1578
16941174	picklesnumber1	Kati London	1545
1223140194	othermachine	Other Machine Co.	1521
14239604	efaurot	Eric Faurot	1521
5477342	wa8dzp	Dewayne Hendricks	1519
512491276	MichaelOChurch	Michael O. Church	1517
1564121	macslocum	Mac Slocum	1516
37429637	octolabs	OCTO Labs	1507
14239131	danmelton	Dan Melton	1498
29248099	adelebeid	Adel Ebeid	1483
9717322	schaper	Nick  Schaper	1474
19418583	gokulr	Gokul Rajaram	1465
14049462	chadrem	Chad Capellman	1462
17300810	anilchawla	Anil Chawla	1460
1533431	hacks	hackszine	1454
8106562	godsdog	godsdog	1451
15025979	gtrend	gtrend	1436
19194595	creativeitsa	Dave Coates	1427
129449936	ResnickMike	Mike Resnick	1417
2434581686	badiotday	Bad IoT Day	1413
59715312	ninavarsavsky	Nina Varsavsky	1396
6426432	freeholdhal	Hal Stern	1377
588283133	rfpez	RFP-EZ	1370
49990915	seamuskraft	Seamus Kraft	1367
32143686	ForestF	Forest Frizzell	1365
14566049	haahr	Paul Haahr	1355
19787389	alanjosephwilli	Alan Joseph Williams	1333
324919630	dajonesjr	David Jones	1320
15978771	annabloom	Anna Bloom	1310
343925019	siftscience	Sift Science	1309
65573	dan_mcweeney	dan mcweeney	1306
13964852	michaelgough_	Michael Gough	1298
10658042	thisandagain	Andrew Sliwinski	1297
1205884376	enigma_io	enigma.io	1274
16229536	juliandarley	Julian Darley	1273
19082299	k0ws1k	kowsik	1272
17738063	twitchboard	twitchboard	1272
77522694	OpenScienceSum	Open Science Summit	1267
4509741	msalganik	Matthew Salganik	1264
902563687	dobtco	Dept. of Better Tech	1259
19679523	pworthington	Paul Worthington	1258
14512872	farber	Dave Farber	1258
1474331	jrobb	John Robb	1256
16485096	Groklaw	Groklaw	1252
107442066	vivigraubard	vivian graubard	1241
49420481	h_ingo	Henrik Ingo	1236
17143514	wattzon	WattzOn	1222
994801	jbond	Julian Bond	1217
22144339	BrianOSh	Brian O'Shaughnessy	1215
823408	tylerstalder	Tyler Stalder	1215
792563	randyholloway	Randy Holloway	1207
7801932	hadleystern	hadleystern	1205
35782202	mjumbewu	Mjumbe Poe	1203
1358475462	dontusethiscode	James Powell	1200
133058951	makanipower	Makani	1200
19053875	AliciaMorga	Alicia Morga	1195
14208458	MaryTreseler	MaryTreseler	1191
16811158	BertBates	Bert Bates	1179
9145492	phiden	sophia dengo	1159
14149142	bkkeepr	bkkeepr	1158
21223831	StacyDon	Stacy Donohue	1153
492332572	littledevices	Little Devices	1151
14717982	STAR_TIDES	STAR_TIDES	1148
40326609	JMarkOckerbloom	John Mark Ockerbloom	1142
15291322	maureenjennings	maureenjennings	1135
2342251	Johnmont	John Montgomery	1123
12806102	elisabethrobson	Elisabeth Robson	1122
840171	covert	Andrew Walkingshaw	1116
15775613	cansar	Can Sar	1113
675253	Bopuc	Boris Anthony	1112
23828637	alissa007	Alissa Black	1110
226041293	erezaterez	Erez Lieberman Aiden	1083
7354802	coryk	Cory D. Kidd	1079
1092795044	GovtechFund	Govtech Fund	1074
785601	ravenzachary	Raven Zachary	1054
20869237	adamwitwer	Adam Witwer	1051
21598091	sandersk	Sanders Kleinfeld	1049
13084562	dmcar	denise caruso	1047
9696462	dmarti	Don Marti	1047
57844405	ronboug	ron bouganim	1046
18179412	bashcookbook	bashcookbook	1044
1705871	peterhoneyman	peter honeyman	1043
136385823	ehekler	Eric Hekler	1029
25274342	markthompson1	mark thompson	1026
232346284	sparkcamp	Spark Camp	1025
27956233	jeffkirschner	Jeff Kirschner	1022
34499890	KJ_Hammond	Kristian Hammond	1016
8410612	smbrown	Sean M. Brown	1016
51764038	KMimagine	Karla Macedo	1015
19504825	oreillylabs	O'Reilly Labs	999
10363352	tevslin	Tom Evslin	992
15099988	SSADMA	Scott Phillips	989
78638851	Dchrapaty	Debra Chrapaty	984
202471635	OhSoWe	OhSoWe	979
817394	freshelectrons	havi hoffman	978
14104938	nanwar	Naveed Anwar	972
15174809	betsyatoreilly	Betsy Waliszewski	963
17465603	kfogel	Karl Fogel	958
200407118	Comprehend	Comprehend Systems	957
6189042	aresnick	Alec Resnick	952
104980886	cristindorgelo	Cristin Dorgelo	943
50124536	nicolefv	nicole forsgren	939
30421826	truthtrap	Jurg van Vliet	932
13833	chrisspurgeon	Chris Spurgeon	932
1653129661	Groceryships	Groceryships	925
14437549	sbenthall	Gnaeus Rafinesque	924
606219091	DrewOCCRP	Drew Sullivan	920
15866539	mfreilly	meghan	920
13565962	GovITwiki	GovITwiki	910
61074651	joelmahoney	Joel Mahoney	904
12808852	akacolleen	Colleen Wheeler	902
89732547	lukethomas14	Luke Thomas	899
2061681	gumption	Joe McCarthy	899
15000527	ltrudeau	Lena Trudeau	895
43277953	sannmer	sabrina merlo 	893
7461752	devitt	Jason Devitt	884
149528415	alexsoble	Alex Soble	877
721623	scottsil	Scott Silverman	875
29924729	johnholdsea	john holdcroft	873
16071524	hratner	Howard Ratner	872
411941523	ArchiveSocial	ArchiveSocial	869
150327483	kakuls	Kakul Srivastava	867
18088367	denicewross	Denice W. Ross	866
14205824	adambosworth	adambosworth	861
18142304	policymonk	Irv Lachow	855
16201877	missingmanuals	missingmanuals	855
65665356	ashleymmeyers	Ashley Meyers	853
14118532	eWords	Nathan Halverson	853
15108695	abdelazer	Keith Fahlgren	846
10780762	LauraABaldwin	Laura Baldwin	846
12041	terrie	Terrie Schweitzer	836
5476942	steveweiss	steve weiss	828
13966212	jameshiga	James Higa	824
1737309523	umbrellium	Umbrellium	814
5568682	rogerm	Roger Magoulas	799
16608649	katyhuff	katy huff	798
9196162	HilaryP	HilaryP	791
16319725	isabelmax	Isabel Maxwell	790
1323369277	RoboGui	Gui Cavalcanti	782
591542696	IAMFastFreddy	Frederick Hutson	780
23721781	lippytak	Jake Solomon	760
152640690	sikkut	Siim Sikkut	757
39185033	mljmljmlj	Mary Lou Jepsen	748
3400761	ukhack	Andrew Hudson	743
23284264	Howtoons	Howtoons	741
20347438	mhil1	Melody Hildebrandt	739
22388197	stevemidgley	Steve Midgley	733
25033698	scmoatti	SC Moatti	731
568412239	crojasphd	Carmen Rojas, PhD	730
70816510	EnergyLiteracy	Energy Literacy	727
15456245	sfgreen	sfgreen	724
14534290	simccormack	sean mccormack	722
14253062	RITOPL	RITOPL	721
8801442	debweb	Debra Kumar	716
15134125	mertonium	j10s	715
16261507	adrian_otto	Adrian Otto	709
9605622	sverde	Sean Greene	703
250754848	fidelised	Fidelis	695
16356013	bdalegarbee	bdalegarbee	692
14715046	igniteboston	igniteboston	685
34598935	oreillytraining	O'Reilly Training	683
18377864	nneditch	Nicole Neditch	682
17355699	MicheleWQ	M Weslander Quaid	680
36097188	OReillyUK	O'Reilly UK	677
178027702	bjgol	Brett Goldstein	673
16617533	josetteg	josettegarcia	672
646433	briansawyer	Brian Sawyer	671
5718992	lauriekawski	Laurie Kawski	666
14166026	karengifford	Karen Gifford	658
121961272	kimpall	Kim Pallister	657
11897912	paulbeard	paulbeard	656
62107021	ibisreader	Ibis Reader	653
56262907	vancematthews	Sam Matthews	631
17164406	econosystemic	Bryan K. Long	625
765854	erictfree	Eric  Freeman	623
239635263	ericwestendorf	Eric Westendorf	616
619986475	sofiastolberg	Sofia Stolberg	612
67837754	CCForums	Community Forums	607
2155762388	JasonShueh	Jason Shueh	603
14838325	danb21	Dan Brodnitz	585
15186837	grechaw	Charles Greer	582
27173835	dapplestone	danielle applestone	570
1468307214	VolckerAlliance	The Volcker Alliance	564
23202388	tpanzarella	Tom Panzarella	552
2957716787	indievc	indievc	541
2981463028	PeerJCompSci	PeerJ CompSci	539
222992495	darabin	Daren Rabinovitch	536
2323493340	NewBitcoinToday	Bitcoin Today	531
350841469	SafeShepherd	Safe Shepherd	528
48320855	msknee	Shelly	526
124138310	iaranzadi	Imanol Aranzadi	526
808432	chrys	Chris Waigl	525
5222551	smithylad	Craig Smith	523
15988372	arwenogriffith	arwenogriffith	520
18088028	hcxlabs	Human Condition	517
21023072	rebeccatmoore	Rebecca Moore	515
285886762	hamhandedly	Patrick Hammons	507
1164451	jonboutelle	Jonathan Boutelle	507
17410614	boundsj	Jesse Tweets Today	498
1003080896	GregBehrman1	Greg Behrman	494
40951726	dunsnap	Andrea Dunlap	484
16436894	RoughlyDaily	Lawrence Wilkinson	478
167544189	alyraz	Alyssa Ravasio	459
16359535	friedberg	friedberg	458
14166472	SFELD	SFELD	455
14382798	burcsahinoglu	burcsahinoglu	452
78852906	bgolder	Benjamin Golder	449
290121805	NellieMcKesson	Nellie McKesson	448
34916276	TwitrBook	TwitrBook	440
15063467	MissPaaj	Laura Ellena	439
223867718	chadothompson	 Chad Thompson	430
10114852	allennoren	Allen Noren	430
2856360912	theworkerslab	The Workers Lab	416
14599834	bfnyc	Ben Fried	415
187899906	kephangito	Kepha Ngito	412
236254422	jsbanga	Jaz Banga	407
1890024710	nikzei	Nikki Zeichner	402
353713142	AMashariki	Amen Ra Mashariki	396
15175465	skljse	Steve Klise	383
17221030	jenningshanna	Jennings Hanna	373
15863857	helenmonroe	helen monroe	373
69928377	bsmithgall	Ben Smithgall	370
17666300	drjennyrooke	Dr Jenny Rooke	354
273434241	Revelstone	Revelstone	345
4195221	gabbyh	Gabby H	342
14802352	ediefr	Edie Freedman	333
485902752	contextbook	contextbook	321
8822482	gcarothers	Gavin Carothers	320
16301714	capitoltweets	Capitol Tweets	311
27062078	saraspalding	Sara Spalding	309
3002592675	MPFlowersNYC	Mike Flowers	305
18326742	tsmeans	Tommy Means	299
37953167	odewahn	Andrew Odewahn	299
890249730	blondeinabinder	Jan Booch	298
1911470473	safaribot	Safari Bot	296
1511712938	cultivatecon	O'Reilly Cultivate	296
18560092	mbrokering	Mark Brokering	294
2196879091	TiffiAndrews	Tiffany Andrews	290
14079522	sarahjokim	Sarah Kim	288
257604467	TeglerWrites	Eric Tegler	279
190988390	AngelLamuno	ngel Lamuo	272
129306619	1klomp	Chris Klomp	271
320974036	PublicArtApp	Public Art App	268
398846784	LivingRoomConvo	Living Rm Convos	267
17251392	CarolMcCall	Carol McCall	262
6529722	petermui	Peter Mui	262
633365389	jesslynnbaldwin	Jessica Baldwin	256
78640495	CWReade	Christopher Reade	249
17199739	rsofman	Bob Sofman	243
20934171	karlfogel	Karl Fogel	243
15300472	EmTech08	EmTech08	232
1491234998	JazmynLatimer	Jazmyn Latimer	228
81151275	appify	Appify	225
14631096	ztutz	David Stutz 	221
2936419850	rhythmnecklace	Rhythm Necklace	218
300587342	poormini	Amir Hadjihabib	217
21138566	koelkebeck	Tim Koelkebeck	210
2400067994	WillTyner1	Will Tyner	208
15662895	greg_kerwin	Greg Kerwin	201
2192511	instinctive	Charles Martin	199
2332043512	LynnOvermann	Lynn Overmann	198
283871960	hypemarks	hypemarks	195
75282342	Sunoikisis	Sunoikisis	191
6171852	katiejstanton	katie jacobs stanton	188
2478625938	codemestat	codemestat	184
1201546772	frommachines	LAFM	183
143298221	marieleor	Mary O'Reilly	177
861713287	MathiasGibson	Mathias Gibson	171
14340662	linwells	linwells	168
245483137	MrGenePoole	Chris Inglehearn	165
2432376912	FallowsDeb	Deb Fallows	165
219421855	JoanBlades	Joan Blades	163
240447836	cfaBOS	CfA Boston	154
9979862	rachelgollub	rachelgollub	152
9508882	WebwareWebSum	WebwareWebSum	139
290741884	GrantRSmith	Grant Robert Smith	122
246128569	adschneider04	Andrew Schneider	116
41430569	griffithpamela	Pamela Griffith	115
151237672	realcaseyburns	Casey Burns	111
2705250632	opendatavan	#opendatavan	107
22031379	emmasmithayer	Emma Smithayer	91
161854846	audreyreenders	AudreyReenders-Arens	87
17863857	buckleymb	Michele Buckley	84
46462458	kristinburgess	Kristin Burgess	81
2950439259	carlosdiuk	Carlos Greg Diuk	80
18574486	yellowsplode	yellowsplode	79
19272757	Transformative	Bruce O	78
403927628	ml_jepsen	Mary Lou Jepsen	74
14283696	craphound	craphound	73
18172052	pahskahl	Pascal Honscher	72
15750145	Gerd_Miske	Gerd_Miske	64
22784751	BecomeUseful	Sal	63
2326362523	Sunfolding	Sunfolding	58
15302474	oforpertaining	oforpertaining	56
143310331	joeyadler	Joseph Adler	50
833799234	Othercutter	Othercutter	49
236	precipice	Marc Hedlund	46
44383265	DawnBarber	Dawn Barber	24
16503873	lighttouch	lighttouch	16
43453726	tadhgin	Tim O'Reilly	11
74614066	twiredtalk	S J Levy	6
1247897227	GovtechPrivate	Govtech Private	4
