50393960	BillGates	Bill Gates	22208346
20536157	google	Google	11166235
11348282	NASA	NASA	10208757
17471979	NatGeo	National Geographic	9172938
16303106	StephenAtHome	Stephen Colbert	7860213
14075928	TheOnion	The Onion	7494930
19877186	chelseahandler	Chelsea Handler	5723444
816653	TechCrunch	TechCrunch	5131626
1344951	WIRED	WIRED	4566876
18055737	johngreen	John Green	4116299
158414847	TheDailyShow	The Daily Show	3478919
19697415	billmaher	Bill Maher	3034120
7144422	lifehacker	Lifehacker	2498922
1582853809	HistoryInPics	History In Pictures	2449286
7905122	guardiantech	Guardian Tech	2414310
37710752	BillNye	Bill Nye	2167238
44196397	elonmusk	Elon Musk	2140009
14885549	ForbesTech	Forbes Tech News	2029839
15473958	MarsCuriosity	Curiosity Rover	1896827
11518842	gadgetlab	WIRED Gadget Lab	1849526
19658826	newscientist	New Scientist	1660260
17939037	ProfBrianCox	Brian Cox	1580218
93711247	AndroidDev	Android Developers	1506461
8963722	WIREDScience	WIRED Science	1483830
14372486	engadget	Engadget	1352641
50090898	googledevs	Google Developers	1330588
15234407	CERN	CERN	1166473
93957809	ericschmidt	Eric Schmidt	1100893
14647570	sciam	Scientific American	1054260
17503180	marissamayer	marissamayer	997180
30261067	CNET	CNET	978689
15862891	NatureNews	Nature News&Comment	891621
275686563	verge	The Verge	888164
16580226	NASAKennedy	NASA Kennedy / KSC	829727
34743251	SpaceX	SpaceX	810170
2233154425	StephenKing	Stephen King	719384
13298072	TeslaMotors	Tesla Motors	610752
78084813	USAirways	US Airways	583598
15165493	CassiniSaturn	CassiniSaturn	535871
18638090	weathernetwork	The Weather Network	512764
34554134	SETIInstitute	The SETI Institute	497690
32372834	sciencemagazine	Science Magazine	482167
17781165	NASAKepler	NASA Kepler	456142
37060788	lifeatgoogle	Life at Google	451241
159588456	NASA_Technology	NASA Technology	443799
112243365	mashabletech	Mashable Tech	441062
621583	BBCTech	BBC Technology	422792
30315557	googlestudents	Google Students	421877
22938914	stevewoz	Steve Wozniak	409936
27814665	GoogleVentures	Google Ventures	401289
208442526	Philae2014	Philae Lander	367223
17248121	physorg_com	Phys.org	350679
50115087	NASA_Johnson	Johnson Space Center	333512
17889970	Gladwell	Gladwell	280777
21457289	MSFTResearch	Microsoft Research	273270
31925790	googletalks	Talks at Google	250174
28172926	WSJD	WSJD	246675
20060293	NASAGoddard	NASA Goddard	242363
19661363	nytimestech	NYT Technology	203005
29472803	NASAWebbTelescp	NASA Webb Telescope	187106
12413032	chronicle	Chronicle	150632
18194898	NASA_Langley	NASA_Langley	146889
1068831	slashdot	Slashdot	144330
19789439	NASAJuno	NASA's Juno Mission	132265
740109097	SarcasticRover	SarcasticRover	130533
1891806212	AcademicsSay	Shit Academics Say	113525
39728435	rcmpgrcpolice	RCMP	100356
20172983	CityofEdmonton	City of Edmonton	96091
21258217	GlobalEdmonton	Global Edmonton	77441
2979430185	HoloLens	Microsoft HoloLens	73232
235213723	NSERC_CRSNG	NSERC / CRSNG	70362
16319797	IBMResearch	IBM Research	69252
15521075	phdcomics	Jorge Cham	69098
78037972	yourAGA	ArtGalleryofAlberta 	68180
2717694091	LegoAcademics	Lego Academics	49091
362559400	UbisoftCanada	Ubisoft Canada	40661
180797277	edmontonpolice	Edmonton Police	39631
111021171	shadkmusic	shadkmusic	36443
22266871	UAlberta	UniversityofAlberta	36225
47013883	boyandbear	Boy and Bear	28171
20818272	EPLdotCA	Edm Public Library	26218
115763683	TheOfficialACM	Official ACM	24737
213351779	SMandel_yeg	Stephen Mandel	23406
60462205	ProfHacker	ProfHacker	20266
358566293	mkonnikova	Maria Konnikova	14084
85593495	yeglive	YEG Live	13218
23370094	mikesobel	Mike Sobel	12789
222931888	YEGFoodGuide	YEG Food Guide	12607
41445632	ieeesoftware	IEEE Software	12061
2336770008	IBMBluemix	 IBM Bluemix	11448
397689316	Grady_Booch	Grady Booch	10749
135873132	LiveLocalAB	Local Love	10463
256621773	whereedmonton	WHERE Edmonton	10087
205426642	shop124street	124 Street	9971
779052212	nicolaweather	Nicola Crosbie	8996
189045861	ibdknox	Chris Granger	7271
260357057	GradHacker	GradHacker	7078
191072322	TEDxAcademy	TEDxAcademy	6983
1018962877	FromPhDtoLife	Jennifer Polk	6675
218764762	CORSO32	CORSO32	6538
38465211	sciencepolicy	SciencePolicy (CSPC)	5834
222369784	BearsandPandas	UAlberta Athletics	5195
206569886	ArteryEdmonton	The Artery Edmonton	5023
18557681	calphonso	Caroline Alphonso	4017
19070986	Felienne	Felienne Hermans	3701
37587198	JBezivin	Jean Bezivin	3496
15734408	astronomyy	Astronomyy	2986
34969508	markusvoelter	Markus Voelter	2685
16349546	EdmHeritageFest	Heritage Festival	2496
40829038	ICSEconf	ICSE	2492
21248549	uofalibraries	UAlberta Libraries	2363
139857698	BeamdogInc	Beamdog	2029
2936305669	EPS_Air1	EPS Air 1	1994
40465511	avandeursen	Arie van Deursen	1805
133953445	sigsoft	ACM SIGSOFT	1791
139803480	EdmontonSPF	Edmonton StreetFest	1788
88687727	UofARehabMed	U of A Rehab Med	1739
97561982	IceOnWhyte	IceOnWhyte	1695
2294985848	BarBricco	BAR BRICCO	1611
18764992	AndreasZeller	Andreas Zeller	1606
342539671	UofA_UAPS	Protective Services	1353
14293251	the_darklorde	Jason VandenBerghe	1250
50504510	tomzimmermann	Thomas Zimmermann	1210
14607953	plagal	Michalis Famelis	1197
789751580	srchiose	Simona Chiose	1139
926460630	Uber_EDMONTON	Uber_EDMONTON	1051
20773510	richpaige	Richard Paige	928
145402848	GRAND_NCE	GRAND NCE 	923
18063358	gail_murphy	gail_murphy	902
156985660	kmdi	KMDI @ UofT	795
267915584	UofAObservatory	UAlberta Observatory	790
61127825	margaretstorey	Margaret-Anne Storey	760
2425983871	PhDPodcast	PhD in Progress Show	742
405109970	AshlynBernier	Ashlyn Bernier	706
216403017	GamesInstitute	The Games Institute	663
2452103593	lighttable	Light Table	659
17993404	prof_lyons	prof_lyons	632
52302477	msrconf	MSR 2015	618
1389305671	icse2015	ICSE 2015 Florence	587
14160039	Eleni_Stroulia	eleni stroulia	561
357272300	CafeTiramisu	Tiramisu Bistro	560
843682712	IEEEICSME	IEEE ICSME	541
40655158	aserebrenik	Alexander Serebrenik	536
6543162	migod	Mike Godfrey	528
90582735	pinzger	Martin Pinzger	528
79411992	fmadiot	Frdric Madiot	515
20874923	abramh	abram hindle	514
14302602	kolovos	Dimitris Kolovos	490
78366138	CSatUAlberta	UAlberta Comp Sci	490
87932616	serg_delft	SERG TU Delft	468
861145092	modelsconf	MoDELS Conference	389
82952699	DDiRuscio	Davide Di Ruscio	383
1147899973	StillParade	Still Parade	364
55355034	ejuliot	Etienne Juliot	352
38130524	mccjpt	Juha-Pekka Tolvanen	341
123419776	mp_robillard	Martin Robillard	339
41768588	michael_smit	Mike Smit	339
5777082	zturchan	Zak Turchansky	319
215275863	hamraniii	abdullah alhamrani	317
20687465	cronosnull	Christian Ariza	315
1615257752	SANERconf	IEEESANER	307
32331239	christianbird	Christian Bird	272
137477017	shane_mcintosh	Shane McIntosh	264
2475255858	icse2016	ICSE 2016 - Austin 	243
2451366686	acmchiplay	ACM CHI Play	240
86358405	mdipenta	Max Di Penta	234
210925142	olgabaysal	Olga Baysal	229
430860212	Veronika_Bauer	Veronika Bauer	225
363692350	EricBouwers	Eric Bouwers	223
41830692	IBMCAS	CAS Research	212
1217354360	ASEConf2014	ASE	211
1447820821	ModelTransform	Model Transformation	206
20238818	jeanmariefavre	Jean-Marie Favre	202
2157568964	HHEdmonton	HHEdmonton	200
457180380	ProfCordy	Jim Cordy	196
113582385	hiteshsajnani	Hitesh Sajnani	164
2182432466	ehub_uAlberta	ehub	160
68494040	dfserrano	Diego Serrano	156
14687807	dwagelaar	Dennis Wagelaar	156
2445515172	dholbot	Melodie Vidal	152
2853376839	fake_icse	Fake ICSE	141
193016976	romanodaniele	Daniele Romano	141
2837246309	icpcconf	ICPC 2015	138
63757669	marcometalico	Marco	129
591976158	JThorlakson14	Jessica Thorlakson	127
11027792	dgolovan	Denis Golovan	124
19245543	logangilmour	Logan Gilmour	112
2776096435	ICSME2015	ICSME2015	110
1878801188	ICPC14	ICPC14	104
2873445693	yegmadjam	MADJAM	102
241799482	ozaiane	Osmar Zaiane	101
2321214168	ElemongrassV	Eliana Vargas	99
2176661745	icmt2015	ICMT 2015	98
987023113	IvanLogre	Ivan Logre	94
2903976120	TheJimWhitehead	Jim Whitehead	88
14887291	sebastiancadena	Sebastin Cadena	84
2321249700	RedWireIO	RedWire.io	81
1538603868	LoliBurgueno	Loli Burgueo	79
1912628149	Adas_Team	Ada's Team	78
219137231	amirreshef	Amir Reshef	78
475798923	McPaga	Marc Paganelli	72
623931162	FloMgn	Florence Magalon	71
2809948782	ASEConf2015	ASE 2015	66
1976522960	ICSME2014	ICSME2014	63
15302618	locastan	Lorena CB	61
2221693838	miso_uam	Juan de Lara	60
2784264380	sebaelbaum	Sebastian Elbaum	58
368130698	handanhd	Dan Han	58
109885113	rayzhangcl	chenlei zhang	57
106640766	Cande_Gut	Candelario Gutirrez	53
361907079	ZieglerLukas	Lukas Ziegler	53
28596097	marionascimento	Mario Nascimento	48
28459677	wendypowley	Wendy Powley	48
81020009	marce_pp3	Marcela Palacio	41
850773786	abenelallam	Amine BENELALLAM	39
2147641105	GraceALewis	Grace Lewis	28
368416901	JuanKB1024	Juan Carlos B	28
170979588	kivancmuslu	Kivanc Muslu	27
2838315649	mar_fok	Marios Fokaefs	25
559275485	NiknafsArash	ArashNik	22
382715651	BrittanyLamorie	Brittany Lamorie	22
464405445	DavoodRafiei	Davood Rafiei	17
443133740	valentinaaceros	Valentina Aceros	16
21684038	mattdelaney	Matthew Delaney	14
2623269305	MFamelis	Michalis Famelis	13
2295385777	ElysevHill	Elyse Hill	13
2839610859	mmmvdooren	Marierose Van Dooren	11
937814064	IBMCASResearch	IBM CAS Research	10
2289932023	KevinSchenkDev	Kevin Schenk Dev	6
1625786257	Ash53500653	Ash53500653	2
809537449	DSopel	Daniel Sopel	1
